OrderID,CustomerID,ItemName,Quantity,Price,Date,Status
1,1818,Phone,4,627.1,2024-04-20,Completed
2,1771,Laptop,3,1806.55,2024-07-01,Completed
3,1733,Mouse,3,268.58,2024-11-23,Cancelled
4,1449,Headphones,1,994.15,2024-05-04,Shipped
5,1861,Monitor,3,447.73,2024-02-25,Completed
6,1230,Mouse,4,228.31,2024-04-02,Completed
7,1329,Tablet,1,821.94,2024-07-11,Cancelled
8,1571,Tablet,2,1480.11,2024-08-10,Pending
9,1185,Monitor,4,773.53,2024-09-09,Completed
10,1134,Keyboard,1,748.04,2024-07-01,Completed
11,1850,Mouse,1,415.43,2024-06-28,Shipped
12,1428,Headphones,4,1492.53,2024-08-07,Completed
13,1799,Phone,3,1879.9,2024-11-24,Completed
14,1812,Tablet,2,742.35,2024-07-05,Pending
15,1801,Keyboard,2,1041.1,2024-05-20,Cancelled
16,1699,Tablet,4,1025.99,2024-06-13,Pending
17,1678,Laptop,1,1573.06,2024-03-26,Pending
18,1840,Tablet,3,386.33,2024-05-31,Pending
19,1280,Headphones,3,897.32,2024-03-25,Shipped
20,1040,Headphones,1,1857.43,2024-06-29,Shipped
21,1489,Tablet,4,411.2,2024-08-23,Cancelled
22,1417,Tablet,2,1457.8,2024-03-01,Cancelled
23,1062,Tablet,3,671.3,2024-06-21,Shipped
24,1587,Monitor,2,84.74,2024-05-05,Cancelled
25,1188,Keyboard,3,1916.01,2024-12-12,Cancelled
26,1162,Laptop,3,1175.57,2024-09-25,Shipped
27,1235,Headphones,3,340.07,2024-06-26,Cancelled
28,1776,Laptop,4,75.55,2024-03-10,Completed
29,1847,Mouse,2,1381.44,2024-05-11,Completed
30,1244,Laptop,2,1135.01,2024-07-21,Shipped
31,1207,Laptop,1,1581.84,2024-01-12,Pending
32,1069,Headphones,2,718.39,2024-08-10,Cancelled
33,1549,Laptop,1,519.38,2024-06-29,Shipped
34,1669,Monitor,3,672.06,2024-10-07,Cancelled
35,1704,Laptop,1,1940.09,2024-07-05,Shipped
36,1183,Mouse,2,1229.17,2024-06-27,Completed
37,1353,Headphones,2,369.93,2024-04-17,Shipped
38,1875,Monitor,4,877.1,2024-05-08,Completed
39,1144,Tablet,3,905.43,2024-07-16,Pending
40,1506,Monitor,3,1070.17,2024-07-27,Shipped
41,1168,Laptop,4,1108.56,2024-01-01,Completed
42,1647,Phone,1,1523.48,2024-08-15,Shipped
43,1412,Tablet,1,56.11,2024-05-28,Cancelled
44,1709,Mouse,3,831.7,2024-01-30,Cancelled
45,1602,Tablet,3,1178.83,2024-08-03,Completed
46,1214,Phone,3,859.49,2024-11-05,Completed
47,1147,Headphones,1,206.64,2024-01-27,Shipped
48,1983,Monitor,3,173.74,2024-10-22,Completed
49,1639,Headphones,3,1871.51,2024-10-15,Pending
50,1563,Mouse,4,1997.74,2024-09-18,Pending
51,1193,Headphones,3,1069.18,2024-01-08,Shipped
52,1419,Mouse,1,635.18,2024-02-24,Cancelled
53,1992,Tablet,1,511.02,2024-09-26,Completed
54,1494,Monitor,2,598.46,2024-02-14,Cancelled
55,1234,Phone,1,1997.85,2024-08-06,Completed
56,1415,Tablet,3,173.99,2024-02-11,Shipped
57,1885,Headphones,3,1043.22,2024-06-30,Shipped
58,1867,Keyboard,2,577.74,2024-03-16,Pending
59,1348,Monitor,3,1198.25,2024-12-07,Cancelled
60,1140,Mouse,2,1094.0,2024-10-23,Completed
61,1126,Keyboard,4,1137.19,2024-09-05,Completed
62,1531,Keyboard,1,972.55,2024-02-13,Cancelled
63,1059,Tablet,3,1810.56,2024-03-25,Cancelled
64,1680,Mouse,1,109.08,2024-01-24,Pending
65,1383,Phone,4,1475.4,2024-06-27,Shipped
66,1240,Monitor,4,1843.1,2024-02-07,Cancelled
67,1108,Tablet,2,1928.47,2024-09-18,Cancelled
68,1256,Headphones,3,611.03,2024-10-13,Cancelled
69,1031,Keyboard,3,1071.6,2024-04-01,Cancelled
70,1329,Phone,1,1874.93,2024-11-19,Shipped
71,1477,Monitor,1,394.34,2024-06-20,Pending
72,1000,Headphones,2,780.92,2024-05-19,Cancelled
73,1471,Laptop,2,1151.24,2024-10-03,Pending
74,1426,Laptop,2,1628.68,2024-03-06,Completed
75,1111,Phone,4,1286.54,2024-07-13,Completed
76,1337,Mouse,3,1980.29,2024-05-31,Shipped
77,1239,Tablet,4,993.93,2024-12-07,Pending
78,1782,Mouse,4,1342.28,2024-06-04,Cancelled
79,1640,Headphones,3,1909.61,2024-08-01,Completed
80,1405,Laptop,2,627.3,2024-04-29,Cancelled
81,1146,Phone,2,847.12,2024-02-23,Completed
82,1340,Monitor,2,1252.36,2024-01-03,Pending
83,1088,Mouse,4,1116.35,2024-06-27,Completed
84,1932,Headphones,3,1798.28,2024-02-21,Shipped
85,1367,Monitor,4,281.47,2024-01-06,Pending
86,1416,Mouse,2,478.6,2024-08-20,Pending
87,1380,Tablet,3,1897.46,2024-10-30,Pending
88,1334,Headphones,3,1151.69,2024-11-11,Pending
89,1512,Laptop,4,960.37,2024-08-14,Completed
90,1197,Headphones,4,1972.86,2024-12-12,Pending
91,1601,Mouse,4,1139.92,2024-08-29,Cancelled
92,1816,Headphones,4,1295.54,2024-12-12,Pending
93,1416,Phone,1,409.76,2024-11-20,Pending
94,1169,Headphones,1,718.92,2024-12-24,Shipped
95,1271,Keyboard,3,440.5,2024-09-09,Pending
96,1250,Monitor,4,157.12,2024-08-03,Shipped
97,1111,Laptop,3,659.25,2024-02-28,Completed
98,1823,Tablet,2,1855.87,2024-10-18,Completed
99,1068,Keyboard,3,1402.04,2024-08-07,Completed
100,1233,Keyboard,3,492.2,2024-09-05,Shipped
101,1175,Laptop,4,951.73,2024-03-19,Completed
102,1908,Headphones,2,525.86,2024-01-01,Shipped
103,1602,Tablet,1,768.73,2024-12-08,Cancelled
104,1427,Mouse,2,551.32,2024-07-03,Shipped
105,1064,Monitor,1,598.79,2024-06-07,Cancelled
106,1582,Phone,3,1879.6,2024-02-16,Completed
107,1957,Phone,1,1292.89,2024-08-21,Cancelled
108,1682,Mouse,2,1889.58,2024-02-19,Completed
109,1893,Phone,4,228.14,2024-11-05,Cancelled
110,1324,Tablet,4,177.67,2024-12-30,Shipped
111,1013,Tablet,1,1160.13,2024-10-13,Pending
112,1676,Keyboard,1,416.41,2024-12-26,Shipped
113,1470,Keyboard,1,204.35,2024-12-06,Shipped
114,1918,Monitor,2,299.85,2024-09-29,Cancelled
115,1362,Keyboard,2,1849.12,2024-03-27,Completed
116,1205,Monitor,2,1109.61,2024-07-17,Shipped
117,1689,Monitor,3,244.7,2024-05-09,Completed
118,1385,Keyboard,1,1098.39,2024-08-04,Cancelled
119,1296,Laptop,4,533.27,2024-03-05,Cancelled
120,1100,Mouse,4,1791.87,2024-01-19,Cancelled
121,1963,Tablet,4,288.46,2024-04-17,Cancelled
122,1424,Headphones,2,168.08,2024-03-16,Completed
123,1628,Laptop,3,889.3,2024-05-01,Cancelled
124,1591,Laptop,2,1425.4,2024-04-15,Shipped
125,1832,Monitor,2,1972.5,2024-05-17,Completed
126,1518,Mouse,4,1996.16,2024-01-30,Cancelled
127,1078,Tablet,1,835.83,2024-02-12,Shipped
128,1338,Laptop,1,52.98,2024-11-03,Cancelled
129,1229,Phone,3,1160.36,2024-11-15,Pending
130,1679,Keyboard,3,204.04,2024-01-21,Cancelled
131,1162,Headphones,2,1539.38,2024-08-09,Shipped
132,1256,Keyboard,1,149.44,2024-11-04,Completed
133,1117,Laptop,3,222.57,2024-11-03,Shipped
134,1886,Phone,2,1850.96,2024-12-25,Shipped
135,1815,Keyboard,4,1314.23,2024-05-24,Completed
136,1759,Phone,1,1562.1,2024-04-25,Completed
137,1633,Headphones,4,1332.48,2024-03-16,Completed
138,1478,Headphones,3,1975.9,2024-03-25,Pending
139,1136,Phone,4,600.5,2024-06-16,Pending
140,1224,Laptop,1,598.96,2024-01-24,Shipped
141,1177,Laptop,2,541.88,2024-12-24,Cancelled
142,1177,Laptop,3,298.75,2024-10-21,Pending
143,1020,Tablet,2,1567.01,2024-01-24,Pending
144,1325,Headphones,1,60.81,2024-07-11,Completed
145,1633,Tablet,4,1144.15,2024-08-28,Shipped
146,1190,Tablet,2,1934.81,2024-02-07,Shipped
147,1644,Monitor,2,1119.52,2024-04-16,Completed
148,1689,Tablet,1,1844.79,2024-02-11,Pending
149,1286,Phone,1,1384.26,2024-01-03,Shipped
150,1477,Keyboard,3,948.61,2024-04-19,Completed
151,1180,Mouse,3,553.29,2024-12-16,Cancelled
152,1839,Laptop,3,1795.21,2024-10-11,Pending
153,1172,Mouse,4,697.05,2024-04-17,Shipped
154,1978,Laptop,3,891.53,2024-04-08,Completed
155,1623,Monitor,3,900.84,2024-09-17,Completed
156,1592,Keyboard,4,1414.68,2024-08-02,Pending
157,1414,Monitor,1,708.27,2024-09-08,Cancelled
158,1274,Headphones,3,1014.79,2024-09-17,Cancelled
159,1426,Tablet,4,1066.69,2024-08-22,Completed
160,1071,Keyboard,2,1645.66,2024-01-06,Shipped
161,1221,Headphones,3,349.73,2024-06-27,Cancelled
162,1651,Laptop,1,236.55,2024-04-04,Completed
163,1167,Mouse,4,1992.94,2024-10-20,Shipped
164,1305,Monitor,3,168.99,2024-01-16,Shipped
165,1126,Mouse,4,1289.88,2024-03-21,Shipped
166,1271,Phone,1,993.49,2024-09-08,Completed
167,1309,Keyboard,4,1267.25,2024-08-24,Cancelled
168,1092,Monitor,1,1159.37,2024-05-09,Cancelled
169,1768,Monitor,2,929.15,2024-04-30,Completed
170,1472,Monitor,1,1148.46,2024-08-29,Cancelled
171,1362,Headphones,4,1307.8,2024-07-22,Completed
172,1826,Laptop,3,807.77,2024-02-13,Completed
173,1383,Laptop,3,1024.84,2024-05-07,Shipped
174,1077,Headphones,4,813.86,2024-07-24,Shipped
175,1300,Monitor,4,1559.71,2024-05-10,Cancelled
176,1946,Tablet,1,1834.67,2024-08-15,Pending
177,1978,Monitor,3,1621.94,2024-02-24,Shipped
178,1903,Keyboard,2,1171.18,2024-09-30,Pending
179,1257,Laptop,2,1330.67,2024-08-16,Completed
180,1779,Keyboard,1,965.77,2024-11-17,Shipped
181,1573,Mouse,4,94.32,2024-04-19,Shipped
182,1560,Monitor,1,135.85,2024-09-05,Cancelled
183,1269,Tablet,2,345.46,2024-12-03,Shipped
184,1764,Keyboard,2,1414.98,2024-02-04,Completed
185,1510,Headphones,4,506.94,2024-09-21,Cancelled
186,1809,Tablet,2,688.45,2024-01-08,Shipped
187,1574,Mouse,1,547.44,2024-05-20,Cancelled
188,1683,Monitor,2,1864.92,2024-03-10,Pending
189,1607,Laptop,2,1173.39,2024-10-23,Shipped
190,1845,Laptop,1,1435.06,2024-10-05,Completed
191,1060,Tablet,3,1946.6,2024-12-20,Shipped
192,1189,Keyboard,2,854.77,2024-06-09,Shipped
193,1224,Monitor,4,1100.65,2024-06-02,Cancelled
194,1101,Keyboard,2,502.79,2024-11-30,Pending
195,1121,Monitor,2,1487.25,2024-11-07,Shipped
196,1406,Phone,4,1599.01,2024-10-05,Shipped
197,1741,Tablet,3,865.36,2024-10-30,Shipped
198,1077,Tablet,2,1641.52,2024-01-19,Shipped
199,1975,Monitor,4,1317.15,2024-04-29,Completed
200,1450,Monitor,4,717.6,2024-07-15,Cancelled
201,1906,Monitor,3,820.05,2024-01-13,Cancelled
202,1978,Keyboard,2,1716.76,2024-11-02,Shipped
203,1455,Phone,4,935.95,2024-10-07,Cancelled
204,1784,Monitor,4,1683.14,2024-12-21,Cancelled
205,1294,Tablet,1,1010.91,2024-11-18,Shipped
206,1295,Laptop,4,1341.9,2024-03-12,Cancelled
207,1840,Mouse,2,713.65,2024-01-10,Shipped
208,1388,Tablet,4,1973.5,2024-07-12,Cancelled
209,1865,Mouse,3,1577.83,2024-01-13,Completed
210,1564,Headphones,1,1759.42,2024-10-20,Completed
211,1098,Mouse,4,865.19,2024-05-09,Shipped
212,1604,Monitor,4,1118.38,2024-02-07,Cancelled
213,1996,Phone,2,1148.04,2024-12-19,Pending
214,1724,Tablet,2,1227.98,2024-03-04,Pending
215,1944,Laptop,3,1261.97,2024-02-09,Completed
216,1752,Laptop,2,1144.64,2024-07-03,Cancelled
217,1855,Laptop,4,709.02,2024-02-09,Completed
218,1364,Phone,2,53.89,2024-08-22,Completed
219,1263,Mouse,1,1859.29,2024-01-03,Pending
220,1812,Monitor,3,385.98,2024-07-25,Cancelled
221,1413,Headphones,4,320.62,2024-05-22,Completed
222,1209,Mouse,2,992.36,2024-11-11,Completed
223,1851,Phone,2,928.5,2024-10-20,Completed
224,1342,Keyboard,3,584.93,2024-09-25,Completed
225,1917,Headphones,2,1313.87,2024-02-09,Shipped
226,1337,Phone,3,511.88,2024-09-14,Pending
227,1836,Laptop,4,1092.97,2024-03-29,Cancelled
228,1595,Laptop,3,1472.19,2024-03-02,Shipped
229,1424,Tablet,4,1820.39,2024-03-29,Cancelled
230,1295,Laptop,4,313.52,2024-07-12,Completed
231,1499,Tablet,4,715.15,2024-05-10,Shipped
232,1745,Laptop,1,1112.77,2024-11-02,Completed
233,1909,Tablet,1,1831.3,2024-12-13,Completed
234,1340,Tablet,3,1587.36,2024-11-30,Pending
235,1395,Tablet,2,464.28,2024-03-22,Shipped
236,1810,Headphones,3,1233.8,2024-03-15,Completed
237,1263,Laptop,1,1144.2,2024-01-15,Shipped
238,1689,Mouse,2,250.0,2024-10-14,Completed
239,1658,Tablet,2,1348.48,2024-06-30,Pending
240,1271,Keyboard,3,1821.13,2024-04-21,Completed
241,1784,Phone,3,70.87,2024-06-13,Shipped
242,1872,Keyboard,3,1084.69,2024-06-18,Cancelled
243,1878,Mouse,1,1114.46,2024-08-11,Shipped
244,1653,Monitor,1,287.47,2024-07-18,Shipped
245,1243,Monitor,3,1367.64,2024-06-19,Shipped
246,1161,Laptop,1,53.08,2024-02-10,Cancelled
247,1219,Tablet,1,630.39,2024-11-03,Shipped
248,1864,Headphones,2,745.66,2024-01-05,Shipped
249,1900,Headphones,4,1938.27,2024-02-19,Pending
250,1194,Headphones,1,895.1,2024-05-07,Pending
251,1339,Mouse,2,507.74,2024-06-10,Completed
252,1816,Phone,2,366.16,2024-01-30,Pending
253,1699,Mouse,2,453.67,2024-06-28,Cancelled
254,1897,Headphones,3,1078.59,2024-11-19,Shipped
255,1790,Tablet,3,637.13,2024-03-02,Shipped
256,1139,Phone,2,1641.34,2024-07-30,Cancelled
257,1947,Keyboard,4,809.56,2024-11-21,Shipped
258,1197,Tablet,3,1169.73,2024-02-12,Completed
259,1570,Tablet,3,828.12,2024-11-29,Cancelled
260,1295,Keyboard,2,1849.64,2024-08-15,Pending
261,1097,Headphones,3,1484.4,2024-08-27,Shipped
262,1476,Monitor,3,865.36,2024-10-25,Completed
263,1526,Headphones,2,1548.41,2024-04-30,Cancelled
264,1677,Keyboard,1,376.0,2024-10-14,Completed
265,1243,Phone,2,437.98,2024-10-30,Shipped
266,1498,Tablet,1,1505.08,2024-05-14,Completed
267,1790,Mouse,3,828.27,2024-08-07,Pending
268,1943,Laptop,1,408.14,2024-04-12,Completed
269,1627,Laptop,1,1661.6,2024-09-10,Completed
270,1177,Laptop,1,466.07,2024-09-09,Pending
271,1398,Monitor,3,711.4,2024-08-18,Completed
272,1964,Tablet,1,441.82,2024-09-27,Completed
273,1816,Phone,3,682.49,2024-09-30,Shipped
274,1609,Phone,3,941.0,2024-08-27,Completed
275,1252,Mouse,3,1428.58,2024-02-25,Completed
276,1613,Monitor,1,425.36,2024-04-12,Pending
277,1046,Laptop,4,1030.52,2024-11-27,Cancelled
278,1139,Laptop,4,1138.33,2024-01-27,Completed
279,1743,Headphones,3,527.82,2024-02-05,Shipped
280,1071,Tablet,4,1738.79,2024-02-11,Shipped
281,1585,Mouse,3,1803.81,2024-11-17,Shipped
282,1230,Tablet,3,332.22,2024-01-25,Cancelled
283,1597,Laptop,2,165.69,2024-09-20,Cancelled
284,1991,Phone,2,1760.39,2024-01-14,Cancelled
285,1663,Phone,2,457.97,2024-10-29,Pending
286,1852,Headphones,4,1513.8,2024-01-15,Shipped
287,1593,Headphones,3,835.57,2024-10-19,Shipped
288,1178,Monitor,2,1637.98,2024-11-17,Pending
289,1978,Headphones,3,871.8,2024-12-14,Shipped
290,1732,Monitor,2,1310.04,2024-01-02,Shipped
291,1552,Tablet,1,1231.04,2024-03-14,Cancelled
292,1375,Headphones,3,1660.8,2024-03-12,Completed
293,1709,Mouse,2,1278.68,2024-04-06,Shipped
294,1841,Mouse,3,1413.74,2024-10-02,Shipped
295,1787,Monitor,4,195.42,2024-04-30,Shipped
296,1086,Phone,4,1728.93,2024-01-23,Pending
297,1016,Tablet,1,1504.47,2024-09-07,Cancelled
298,1219,Mouse,3,1808.77,2024-12-27,Pending
299,1762,Monitor,4,264.09,2024-11-26,Cancelled
300,1414,Mouse,2,905.72,2024-12-30,Cancelled
301,1303,Mouse,1,1490.21,2024-07-14,Completed
302,1220,Laptop,2,476.67,2024-08-05,Completed
303,1056,Monitor,3,1070.47,2024-02-29,Pending
304,1243,Phone,3,1935.17,2024-11-30,Pending
305,1607,Phone,3,431.09,2024-01-16,Pending
306,1139,Laptop,4,1603.79,2024-05-03,Cancelled
307,1720,Mouse,2,1198.97,2024-05-23,Completed
308,1310,Mouse,2,654.16,2024-11-22,Pending
309,1570,Monitor,3,862.31,2024-07-04,Cancelled
310,1012,Monitor,2,1059.2,2024-04-06,Pending
311,1058,Monitor,2,1231.59,2024-12-29,Pending
312,1578,Mouse,2,391.6,2024-07-18,Shipped
313,1625,Keyboard,3,1898.78,2024-10-04,Cancelled
314,1186,Headphones,4,347.58,2024-06-03,Shipped
315,1334,Laptop,3,574.19,2024-08-27,Pending
316,1422,Phone,1,654.6,2024-11-17,Shipped
317,1494,Mouse,2,925.81,2024-05-06,Shipped
318,1243,Keyboard,3,1025.02,2024-03-17,Cancelled
319,1091,Tablet,1,1043.56,2024-07-23,Shipped
320,1714,Phone,3,1253.95,2024-04-10,Shipped
321,1353,Headphones,2,724.86,2024-03-03,Shipped
322,1397,Laptop,4,1941.1,2024-08-24,Pending
323,1010,Phone,2,1020.25,2024-11-13,Cancelled
324,1123,Monitor,2,207.4,2024-08-17,Shipped
325,1217,Mouse,3,426.35,2024-02-23,Shipped
326,1921,Phone,3,52.74,2024-07-11,Completed
327,1678,Monitor,3,1391.24,2024-04-08,Shipped
328,1129,Mouse,3,1110.85,2024-11-23,Completed
329,1196,Tablet,2,1551.55,2024-09-08,Completed
330,1023,Tablet,3,1478.4,2024-06-07,Pending
331,1191,Headphones,3,1961.26,2024-09-11,Cancelled
332,1920,Phone,2,1242.33,2024-12-22,Shipped
333,1962,Headphones,4,1047.22,2024-01-03,Pending
334,1085,Monitor,3,1941.4,2024-05-22,Pending
335,1638,Phone,4,401.95,2024-01-19,Completed
336,1634,Phone,4,802.95,2024-12-03,Pending
337,1882,Keyboard,1,88.71,2024-02-06,Pending
338,1034,Headphones,4,1276.19,2024-05-30,Cancelled
339,1404,Phone,4,739.31,2024-06-14,Completed
340,1482,Phone,1,607.51,2024-11-16,Shipped
341,1766,Tablet,2,1207.63,2024-06-14,Pending
342,1029,Tablet,3,709.7,2024-04-06,Pending
343,1916,Monitor,3,203.4,2024-07-11,Cancelled
344,1054,Tablet,1,1611.71,2024-06-11,Completed
345,1810,Phone,4,1339.07,2024-07-19,Cancelled
346,1912,Monitor,3,1986.75,2024-12-29,Pending
347,1665,Tablet,3,1391.9,2024-05-11,Shipped
348,1382,Monitor,1,613.76,2024-01-14,Pending
349,1586,Monitor,3,1347.32,2024-04-27,Shipped
350,1868,Headphones,2,1007.8,2024-02-05,Cancelled
351,1716,Headphones,4,1728.51,2024-08-28,Completed
352,1640,Phone,3,1257.2,2024-07-29,Pending
353,1833,Laptop,2,709.74,2024-11-06,Shipped
354,1012,Phone,2,851.83,2024-08-11,Pending
355,1336,Phone,1,916.2,2024-09-24,Shipped
356,1860,Monitor,4,1985.54,2024-08-13,Cancelled
357,1417,Phone,3,1877.87,2024-06-17,Shipped
358,1583,Keyboard,2,1669.55,2024-06-25,Pending
359,1937,Monitor,4,1897.26,2024-03-07,Completed
360,1394,Phone,1,255.89,2024-12-28,Shipped
361,1000,Mouse,4,882.7,2024-12-25,Completed
362,1795,Headphones,4,443.53,2024-06-09,Cancelled
363,1616,Tablet,2,462.86,2024-10-07,Completed
364,1971,Mouse,4,1681.84,2024-09-26,Completed
365,1480,Monitor,1,1572.21,2024-11-28,Pending
366,1387,Laptop,3,1546.41,2024-12-03,Completed
367,1517,Phone,4,131.37,2024-02-04,Completed
368,1462,Keyboard,3,1158.09,2024-11-12,Completed
369,1617,Monitor,1,488.64,2024-07-10,Pending
370,1084,Tablet,2,335.84,2024-10-13,Shipped
371,1704,Keyboard,1,1362.54,2024-01-07,Cancelled
372,1862,Tablet,2,1538.78,2024-10-10,Pending
373,1353,Headphones,3,1110.67,2024-08-16,Pending
374,1183,Tablet,4,412.44,2024-10-19,Pending
375,1752,Keyboard,2,1914.01,2024-10-04,Cancelled
376,1547,Monitor,2,1093.13,2024-04-20,Shipped
377,1281,Laptop,3,1355.97,2024-06-12,Cancelled
378,1613,Mouse,2,416.32,2024-03-08,Pending
379,1515,Keyboard,3,1648.96,2024-08-30,Pending
380,1123,Keyboard,2,1717.4,2024-12-13,Shipped
381,1227,Laptop,3,1354.7,2024-12-01,Completed
382,1732,Keyboard,2,1868.42,2024-12-12,Pending
383,1272,Mouse,2,1355.67,2024-12-29,Completed
384,1296,Tablet,2,330.04,2024-01-24,Completed
385,1116,Headphones,1,203.19,2024-08-10,Cancelled
386,1073,Laptop,1,1135.08,2024-11-27,Completed
387,1883,Phone,2,1346.22,2024-09-16,Shipped
388,1688,Headphones,2,1009.5,2024-05-22,Shipped
389,1807,Monitor,4,559.05,2024-07-01,Cancelled
390,1871,Laptop,2,312.54,2024-10-22,Completed
391,1608,Monitor,3,87.97,2024-01-17,Pending
392,1730,Tablet,1,727.88,2024-01-18,Shipped
393,1987,Laptop,4,1211.57,2024-08-26,Pending
394,1787,Phone,1,1319.35,2024-11-06,Shipped
395,1588,Monitor,4,733.23,2024-11-10,Shipped
396,1215,Mouse,2,1821.17,2024-12-06,Shipped
397,1334,Mouse,2,915.2,2024-11-18,Cancelled
398,1707,Headphones,1,856.48,2024-11-11,Cancelled
399,1032,Laptop,3,302.46,2024-02-21,Cancelled
400,1800,Tablet,4,223.26,2024-12-25,Pending
401,1990,Mouse,4,176.87,2024-11-06,Completed
402,1395,Mouse,3,525.21,2024-01-21,Shipped
403,1445,Tablet,4,1337.74,2024-11-17,Completed
404,1145,Keyboard,2,1853.26,2024-11-12,Pending
405,1148,Tablet,1,1195.67,2024-05-10,Cancelled
406,1586,Tablet,4,1332.92,2024-07-18,Cancelled
407,1402,Monitor,1,1462.64,2024-09-25,Cancelled
408,1834,Mouse,2,818.85,2024-12-29,Completed
409,1516,Headphones,2,1136.17,2024-08-13,Pending
410,1392,Tablet,2,1505.49,2024-10-30,Completed
411,1303,Phone,4,1844.67,2024-12-06,Shipped
412,1624,Headphones,4,554.67,2024-05-13,Shipped
413,1231,Keyboard,4,387.53,2024-04-08,Pending
414,1918,Mouse,3,1529.2,2024-09-26,Pending
415,1571,Tablet,4,1956.01,2024-10-16,Shipped
416,1049,Phone,2,1842.96,2024-07-09,Cancelled
417,1011,Mouse,2,390.69,2024-09-21,Pending
418,1524,Mouse,1,986.12,2024-12-06,Cancelled
419,1671,Headphones,2,743.02,2024-09-02,Pending
420,1440,Tablet,1,1004.8,2024-01-27,Cancelled
421,1776,Headphones,4,1711.03,2024-01-22,Completed
422,1238,Monitor,4,1207.72,2024-03-01,Shipped
423,1287,Headphones,1,1893.77,2024-07-11,Pending
424,1762,Keyboard,4,976.25,2024-08-16,Completed
425,1300,Keyboard,4,717.12,2024-07-04,Cancelled
426,1767,Phone,2,742.84,2024-04-25,Cancelled
427,1609,Laptop,3,800.34,2024-07-09,Cancelled
428,1349,Tablet,2,1770.65,2024-10-10,Completed
429,1951,Monitor,3,1713.93,2024-07-25,Pending
430,1930,Laptop,4,671.85,2024-11-21,Completed
431,1858,Tablet,1,162.1,2024-11-22,Pending
432,1365,Keyboard,4,244.19,2024-12-12,Cancelled
433,1864,Monitor,3,365.39,2024-12-14,Shipped
434,1840,Headphones,4,1811.74,2024-09-05,Completed
435,1337,Laptop,1,58.34,2024-03-01,Pending
436,1304,Headphones,3,238.35,2024-04-11,Cancelled
437,1648,Mouse,1,1860.08,2024-07-16,Cancelled
438,1930,Monitor,1,1035.4,2024-05-05,Cancelled
439,1401,Phone,4,1313.46,2024-04-12,Completed
440,1595,Mouse,1,383.11,2024-09-06,Completed
441,1883,Tablet,2,243.01,2024-04-02,Completed
442,1242,Headphones,2,529.7,2024-08-05,Completed
443,1783,Headphones,1,818.15,2024-03-03,Shipped
444,1899,Phone,2,1660.49,2024-07-29,Cancelled
445,1491,Tablet,3,750.57,2024-01-30,Shipped
446,1005,Tablet,2,1281.32,2024-01-30,Shipped
447,1079,Tablet,2,1949.35,2024-05-08,Completed
448,1329,Laptop,1,1148.46,2024-04-10,Completed
449,1099,Mouse,3,455.86,2024-12-04,Completed
450,1306,Keyboard,4,711.61,2024-07-17,Cancelled
451,1830,Headphones,1,1990.92,2024-04-17,Cancelled
452,1434,Tablet,2,1506.21,2024-10-08,Cancelled
453,1766,Keyboard,4,462.08,2024-09-20,Cancelled
454,1538,Monitor,3,89.29,2024-12-24,Shipped
455,1702,Laptop,2,207.32,2024-05-12,Cancelled
456,1337,Tablet,2,1549.37,2024-11-29,Cancelled
457,1334,Mouse,4,1836.14,2024-12-19,Cancelled
458,1204,Headphones,2,1073.7,2024-03-04,Shipped
459,1204,Tablet,2,1072.37,2024-02-27,Completed
460,1702,Phone,4,889.84,2024-04-25,Cancelled
461,1744,Keyboard,1,645.43,2024-02-11,Pending
462,1296,Headphones,2,976.19,2024-07-27,Completed
463,1193,Monitor,2,1052.9,2024-06-22,Completed
464,1254,Laptop,2,1815.31,2024-09-03,Completed
465,1435,Tablet,4,1044.82,2024-06-30,Cancelled
466,1330,Headphones,1,1381.74,2024-12-27,Cancelled
467,1910,Mouse,3,1993.53,2024-02-17,Completed
468,1987,Monitor,1,1725.02,2024-03-31,Completed
469,1144,Phone,1,950.67,2024-11-03,Shipped
470,1452,Mouse,2,272.58,2024-02-05,Pending
471,1066,Laptop,2,242.18,2024-04-03,Completed
472,1219,Laptop,2,1251.23,2024-04-01,Shipped
473,1193,Mouse,3,609.24,2024-11-29,Shipped
474,1557,Laptop,3,470.45,2024-02-17,Cancelled
475,1652,Phone,1,1276.82,2024-06-27,Pending
476,1409,Monitor,3,1888.23,2024-09-25,Cancelled
477,1167,Monitor,3,90.92,2024-02-21,Completed
478,1052,Monitor,3,1015.78,2024-11-10,Shipped
479,1923,Monitor,3,956.07,2024-03-26,Completed
480,1637,Mouse,3,1704.4,2024-02-02,Shipped
481,1116,Phone,3,723.97,2024-01-26,Shipped
482,1953,Mouse,2,75.02,2024-06-23,Shipped
483,1878,Mouse,3,804.72,2024-11-08,Completed
484,1127,Monitor,4,310.85,2024-12-06,Pending
485,1280,Laptop,1,369.57,2024-02-05,Completed
486,1648,Tablet,3,527.57,2024-07-10,Cancelled
487,1944,Tablet,1,970.42,2024-06-22,Cancelled
488,1364,Monitor,1,1169.83,2024-02-18,Cancelled
489,1823,Phone,2,155.74,2024-12-25,Completed
490,1895,Monitor,3,1448.82,2024-08-09,Cancelled
491,1740,Tablet,4,189.36,2024-09-14,Completed
492,1919,Headphones,2,873.89,2024-10-02,Completed
493,1505,Keyboard,4,1160.55,2024-03-01,Shipped
494,1303,Phone,4,1526.14,2024-05-04,Pending
495,1665,Keyboard,2,1470.84,2024-03-12,Cancelled
496,1227,Monitor,4,1911.45,2024-05-25,Cancelled
497,1191,Monitor,3,98.98,2024-04-12,Shipped
498,1592,Monitor,3,1895.05,2024-06-26,Cancelled
499,1478,Phone,4,1201.29,2024-01-16,Pending
500,1421,Monitor,1,1295.92,2024-02-27,Shipped
501,1076,Tablet,3,1685.05,2024-02-27,Pending
502,1709,Laptop,4,914.54,2024-08-02,Completed
503,1899,Keyboard,1,1728.37,2024-11-30,Completed
504,1037,Phone,2,501.76,2024-05-14,Pending
505,1141,Tablet,4,1693.28,2024-09-12,Shipped
506,1338,Phone,3,336.36,2024-05-28,Shipped
507,1846,Keyboard,2,1489.13,2024-02-29,Completed
508,1812,Tablet,2,1068.27,2024-08-06,Cancelled
509,1924,Laptop,4,1838.06,2024-11-08,Pending
510,1700,Keyboard,3,473.72,2024-07-13,Cancelled
511,1435,Mouse,2,1841.55,2024-04-17,Completed
512,1285,Headphones,1,1673.39,2024-01-07,Completed
513,1338,Phone,2,1151.46,2024-02-04,Completed
514,1199,Keyboard,1,1371.0,2024-11-01,Completed
515,1396,Keyboard,1,1059.77,2024-05-25,Shipped
516,1375,Tablet,1,50.6,2024-10-15,Cancelled
517,1099,Keyboard,2,1184.56,2024-07-15,Completed
518,1146,Monitor,4,1274.39,2024-07-24,Completed
519,1907,Headphones,1,1185.4,2024-10-25,Cancelled
520,1482,Phone,4,471.05,2024-08-25,Completed
521,1544,Headphones,3,504.95,2024-03-25,Pending
522,1118,Keyboard,4,101.11,2024-05-10,Completed
523,1271,Monitor,2,990.08,2024-05-20,Shipped
524,1357,Mouse,4,641.55,2024-01-09,Completed
525,1965,Tablet,4,488.17,2024-02-01,Shipped
526,1023,Mouse,4,585.37,2024-01-22,Cancelled
527,1945,Tablet,3,1425.79,2024-01-20,Pending
528,1520,Monitor,2,675.92,2024-04-20,Cancelled
529,1341,Tablet,3,1080.1,2024-07-11,Shipped
530,1377,Laptop,3,469.5,2024-08-24,Completed
531,1985,Mouse,2,1261.78,2024-12-21,Completed
532,1286,Laptop,4,1588.49,2024-08-06,Shipped
533,1057,Laptop,2,241.59,2024-10-17,Shipped
534,1828,Monitor,1,1767.36,2024-11-15,Shipped
535,1925,Keyboard,2,726.66,2024-01-12,Completed
536,1605,Monitor,3,1627.04,2024-09-09,Pending
537,1654,Laptop,2,633.32,2024-02-25,Completed
538,1345,Monitor,2,702.9,2024-03-06,Completed
539,1620,Phone,1,794.1,2024-05-25,Pending
540,1232,Phone,2,798.51,2024-05-24,Pending
541,1211,Monitor,4,167.98,2024-06-09,Cancelled
542,1612,Monitor,1,765.42,2024-12-27,Completed
543,1009,Monitor,3,1982.38,2024-05-08,Completed
544,1377,Mouse,1,1603.37,2024-05-04,Pending
545,1364,Laptop,2,892.46,2024-10-15,Completed
546,1906,Monitor,4,692.11,2024-12-04,Completed
547,1433,Keyboard,3,460.22,2024-10-30,Pending
548,1400,Laptop,4,1559.07,2024-10-18,Cancelled
549,1626,Tablet,1,866.33,2024-06-30,Completed
550,1666,Tablet,4,944.03,2024-04-08,Pending
551,1702,Monitor,3,1421.13,2024-08-31,Completed
552,1528,Phone,2,749.45,2024-03-15,Shipped
553,1167,Phone,2,122.2,2024-05-19,Shipped
554,1326,Headphones,2,1215.84,2024-11-08,Completed
555,1710,Tablet,2,1762.34,2024-12-12,Completed
556,1010,Monitor,3,1158.7,2024-06-15,Shipped
557,1478,Phone,4,1796.05,2024-09-06,Cancelled
558,1032,Tablet,3,1192.65,2024-04-16,Cancelled
559,1041,Headphones,3,108.38,2024-10-04,Cancelled
560,1098,Tablet,2,1434.22,2024-05-11,Pending
561,1012,Tablet,2,1800.67,2024-04-15,Shipped
562,1107,Keyboard,3,1239.45,2024-10-20,Pending
563,1990,Headphones,4,283.4,2024-05-17,Completed
564,1007,Mouse,2,830.53,2024-02-01,Cancelled
565,1684,Laptop,2,585.37,2024-01-07,Pending
566,1548,Headphones,2,401.51,2024-10-24,Cancelled
567,1359,Tablet,3,1116.58,2024-07-23,Cancelled
568,1867,Monitor,3,1213.41,2024-09-07,Cancelled
569,1859,Tablet,1,811.66,2024-08-23,Completed
570,1542,Phone,1,1685.2,2024-02-22,Pending
571,1723,Laptop,4,1984.17,2024-07-11,Pending
572,1854,Monitor,1,1694.91,2024-10-12,Shipped
573,1352,Laptop,3,1508.15,2024-02-08,Cancelled
574,1530,Headphones,1,844.72,2024-09-09,Cancelled
575,1113,Keyboard,2,1042.06,2024-11-15,Pending
576,1349,Monitor,4,440.64,2024-09-01,Completed
577,1962,Phone,2,1502.32,2024-09-26,Completed
578,1077,Mouse,4,656.92,2024-05-26,Shipped
579,1972,Laptop,3,1473.18,2024-05-12,Pending
580,1932,Headphones,1,1310.06,2024-07-16,Completed
581,1680,Tablet,1,773.82,2024-08-02,Shipped
582,1613,Headphones,4,90.09,2024-02-24,Shipped
583,1469,Laptop,1,409.13,2024-03-21,Shipped
584,1597,Headphones,1,675.61,2024-01-13,Shipped
585,1591,Tablet,2,1382.08,2024-12-16,Completed
586,1366,Keyboard,3,1850.91,2024-02-17,Shipped
587,1260,Tablet,1,479.48,2024-03-30,Completed
588,1017,Tablet,4,530.76,2024-11-28,Shipped
589,1563,Mouse,4,1943.85,2024-07-30,Pending
590,1591,Headphones,1,1719.57,2024-06-27,Shipped
591,1932,Tablet,3,79.07,2024-03-19,Shipped
592,1911,Keyboard,4,820.43,2024-03-26,Shipped
593,1175,Mouse,4,969.12,2024-05-22,Cancelled
594,1825,Keyboard,2,1763.45,2024-07-18,Cancelled
595,1652,Keyboard,1,604.75,2024-06-09,Completed
596,1406,Keyboard,4,270.17,2024-05-04,Pending
597,1206,Keyboard,1,840.33,2024-08-23,Completed
598,1478,Laptop,2,1665.36,2024-08-21,Pending
599,1536,Mouse,1,889.35,2024-10-06,Completed
600,1208,Keyboard,4,870.97,2024-06-26,Pending
601,1549,Tablet,2,648.89,2024-11-15,Cancelled
602,1461,Mouse,4,1989.54,2024-10-08,Shipped
603,1979,Laptop,4,597.53,2024-04-14,Cancelled
604,1575,Keyboard,3,917.91,2024-02-15,Cancelled
605,1329,Phone,3,312.33,2024-08-21,Cancelled
606,1632,Keyboard,2,678.26,2024-03-28,Completed
607,1005,Laptop,2,824.49,2024-12-05,Cancelled
608,1264,Headphones,4,853.45,2024-07-26,Cancelled
609,1919,Laptop,3,555.42,2024-10-23,Cancelled
610,1297,Laptop,1,58.63,2024-02-21,Completed
611,1885,Laptop,1,609.93,2024-04-07,Cancelled
612,1585,Tablet,3,594.3,2024-09-18,Pending
613,1094,Monitor,1,1279.5,2024-12-17,Pending
614,1994,Mouse,1,948.71,2024-04-01,Completed
615,1582,Phone,2,620.29,2024-04-17,Completed
616,1854,Laptop,1,109.11,2024-03-17,Pending
617,1746,Headphones,1,1928.54,2024-02-17,Cancelled
618,1462,Keyboard,4,1935.39,2024-07-29,Pending
619,1084,Laptop,3,731.89,2024-09-06,Cancelled
620,1243,Keyboard,1,1625.56,2024-04-09,Pending
621,1745,Headphones,2,1352.84,2024-01-11,Shipped
622,1606,Mouse,4,1641.97,2024-01-15,Shipped
623,1078,Tablet,3,1061.8,2024-01-28,Shipped
624,1642,Keyboard,4,1310.3,2024-09-02,Completed
625,1467,Phone,1,1726.35,2024-02-27,Completed
626,1981,Monitor,3,1146.72,2024-06-15,Completed
627,1709,Phone,1,1878.55,2024-12-03,Cancelled
628,1950,Keyboard,2,465.7,2024-11-01,Completed
629,1299,Headphones,1,1907.62,2024-04-05,Cancelled
630,1313,Mouse,1,1166.88,2024-08-12,Pending
631,1232,Tablet,2,713.18,2024-03-10,Cancelled
632,1540,Laptop,3,1575.0,2024-07-03,Pending
633,1204,Laptop,1,1966.97,2024-02-04,Pending
634,1185,Headphones,1,650.91,2024-05-16,Pending
635,1356,Laptop,2,1694.19,2024-03-27,Completed
636,1556,Keyboard,2,959.23,2024-01-29,Shipped
637,1029,Laptop,4,1708.24,2024-03-13,Shipped
638,1216,Monitor,1,1662.12,2024-04-23,Shipped
639,1552,Tablet,4,1697.69,2024-12-25,Pending
640,1662,Laptop,2,603.24,2024-02-24,Pending
641,1923,Headphones,2,835.69,2024-04-10,Completed
642,1142,Mouse,1,62.2,2024-08-08,Cancelled
643,1652,Tablet,4,770.65,2024-10-28,Pending
644,1419,Keyboard,3,236.68,2024-10-20,Cancelled
645,1950,Laptop,2,914.58,2024-10-26,Completed
646,1887,Keyboard,1,127.93,2024-04-10,Shipped
647,1645,Monitor,4,1041.35,2024-07-14,Cancelled
648,1956,Mouse,4,379.62,2024-06-03,Cancelled
649,1835,Headphones,1,1445.73,2024-10-05,Cancelled
650,1461,Laptop,4,1395.13,2024-07-28,Pending
651,1520,Monitor,1,694.09,2024-03-27,Shipped
652,1262,Keyboard,4,809.83,2024-04-22,Pending
653,1180,Tablet,3,218.83,2024-03-25,Shipped
654,1493,Keyboard,1,454.96,2024-04-02,Shipped
655,1898,Mouse,2,301.64,2024-09-17,Completed
656,1033,Headphones,1,409.32,2024-04-23,Cancelled
657,1599,Tablet,2,578.84,2024-04-16,Shipped
658,1369,Monitor,3,1604.01,2024-04-22,Pending
659,1221,Mouse,3,191.96,2024-10-31,Completed
660,1516,Headphones,2,971.3,2024-12-07,Cancelled
661,1749,Phone,4,1313.47,2024-02-15,Pending
662,1573,Keyboard,4,307.22,2024-07-08,Completed
663,1531,Phone,4,1314.64,2024-07-22,Pending
664,1247,Laptop,1,705.74,2024-07-05,Completed
665,1354,Mouse,1,1559.94,2024-09-02,Pending
666,1426,Monitor,2,1259.26,2024-11-22,Pending
667,1256,Keyboard,4,226.83,2024-12-23,Completed
668,1769,Monitor,1,234.57,2024-02-15,Pending
669,1574,Keyboard,2,1517.21,2024-04-09,Cancelled
670,1173,Tablet,4,432.76,2024-03-14,Pending
671,1762,Phone,1,1302.33,2024-10-09,Completed
672,1707,Keyboard,1,1864.91,2024-06-30,Shipped
673,1079,Mouse,3,259.81,2024-10-21,Pending
674,1815,Phone,4,1813.6,2024-06-03,Cancelled
675,1293,Monitor,1,345.01,2024-06-04,Completed
676,1644,Tablet,3,453.29,2024-05-16,Completed
677,1072,Keyboard,2,612.02,2024-04-11,Cancelled
678,1885,Monitor,4,82.67,2024-01-03,Pending
679,1953,Keyboard,4,508.01,2024-01-01,Shipped
680,1450,Headphones,2,60.96,2024-08-09,Pending
681,1385,Mouse,4,1377.29,2024-11-20,Completed
682,1685,Tablet,1,748.56,2024-12-18,Pending
683,1263,Headphones,4,1666.54,2024-02-28,Pending
684,1186,Laptop,1,1825.48,2024-02-27,Pending
685,1342,Monitor,4,1862.34,2024-08-16,Completed
686,1461,Tablet,2,1078.74,2024-11-25,Shipped
687,1005,Headphones,1,164.52,2024-07-27,Cancelled
688,1719,Headphones,2,1486.46,2024-04-17,Shipped
689,1038,Headphones,1,586.86,2024-08-10,Cancelled
690,1947,Keyboard,4,396.96,2024-12-16,Completed
691,1345,Monitor,4,622.75,2024-03-23,Pending
692,1968,Laptop,1,635.96,2024-06-10,Completed
693,1587,Mouse,2,588.91,2024-12-17,Cancelled
694,1486,Tablet,3,1432.56,2024-03-03,Cancelled
695,1552,Mouse,2,387.27,2024-01-02,Shipped
696,1788,Mouse,4,720.23,2024-08-12,Shipped
697,1566,Headphones,3,1939.67,2024-01-02,Pending
698,1104,Phone,4,782.15,2024-10-07,Completed
699,1547,Headphones,4,985.2,2024-12-10,Cancelled
700,1246,Phone,2,1701.55,2024-06-09,Completed
701,1012,Monitor,4,1043.31,2024-04-07,Cancelled
702,1303,Monitor,1,180.96,2024-01-13,Shipped
703,1242,Headphones,1,1520.93,2024-06-23,Pending
704,1118,Headphones,2,1293.72,2024-06-07,Cancelled
705,1532,Mouse,3,1315.03,2024-08-05,Cancelled
706,1559,Tablet,4,1147.62,2024-09-02,Pending
707,1577,Monitor,4,1985.93,2024-02-22,Cancelled
708,1351,Headphones,4,1142.95,2024-09-25,Shipped
709,1586,Laptop,1,178.38,2024-02-21,Pending
710,1482,Tablet,4,657.05,2024-02-13,Completed
711,1594,Phone,3,1624.92,2024-05-05,Cancelled
712,1022,Tablet,1,1485.96,2024-08-25,Shipped
713,1046,Keyboard,2,200.02,2024-05-25,Pending
714,1251,Mouse,1,442.3,2024-08-17,Pending
715,1964,Laptop,1,987.08,2024-07-13,Completed
716,1157,Keyboard,1,405.85,2024-01-16,Completed
717,1322,Mouse,4,408.71,2024-06-07,Shipped
718,1336,Monitor,4,1110.04,2024-05-29,Pending
719,1942,Keyboard,1,364.61,2024-07-29,Shipped
720,1928,Keyboard,3,1633.29,2024-04-04,Pending
721,1466,Headphones,3,576.45,2024-12-14,Cancelled
722,1242,Headphones,3,1954.06,2024-06-03,Shipped
723,1887,Monitor,1,967.3,2024-08-23,Pending
724,1973,Headphones,4,1832.63,2024-07-19,Shipped
725,1041,Tablet,4,582.46,2024-08-26,Cancelled
726,1501,Laptop,1,1892.73,2024-07-17,Shipped
727,1109,Headphones,3,1281.98,2024-03-27,Cancelled
728,1379,Phone,1,1621.03,2024-07-29,Cancelled
729,1471,Keyboard,1,822.44,2024-09-17,Cancelled
730,1361,Monitor,2,1270.21,2024-10-12,Shipped
731,1833,Tablet,4,639.07,2024-04-25,Completed
732,1209,Tablet,3,1598.42,2024-09-22,Cancelled
733,1011,Mouse,1,334.42,2024-03-21,Shipped
734,1469,Laptop,2,558.27,2024-12-08,Shipped
735,1115,Tablet,2,1877.49,2024-03-31,Cancelled
736,1319,Laptop,3,1902.18,2024-05-26,Pending
737,1256,Phone,3,96.29,2024-11-03,Completed
738,1571,Tablet,2,529.91,2024-02-17,Completed
739,1299,Keyboard,2,1833.73,2024-09-18,Shipped
740,1456,Mouse,4,936.44,2024-01-18,Pending
741,1742,Mouse,4,771.84,2024-01-21,Completed
742,1337,Monitor,2,129.56,2024-10-27,Shipped
743,1057,Mouse,4,616.2,2024-08-10,Cancelled
744,1503,Monitor,1,532.15,2024-08-26,Completed
745,1338,Keyboard,3,1933.93,2024-07-07,Completed
746,1764,Phone,1,1240.39,2024-07-10,Cancelled
747,1869,Laptop,1,1795.89,2024-01-20,Pending
748,1889,Tablet,1,173.4,2024-11-24,Shipped
749,1879,Tablet,4,1760.23,2024-10-15,Completed
750,1612,Laptop,1,103.71,2024-06-26,Cancelled
751,1974,Mouse,3,518.87,2024-12-15,Completed
752,1863,Phone,3,1575.77,2024-10-10,Completed
753,1716,Mouse,2,1782.29,2024-05-18,Shipped
754,1668,Keyboard,4,947.58,2024-03-11,Shipped
755,1836,Headphones,3,455.12,2024-09-21,Shipped
756,1315,Keyboard,4,1740.53,2024-10-30,Completed
757,1825,Phone,2,199.61,2024-02-29,Completed
758,1280,Laptop,4,1375.8,2024-03-17,Shipped
759,1358,Phone,4,1858.1,2024-09-01,Pending
760,1492,Headphones,3,776.44,2024-11-25,Pending
761,1240,Tablet,1,61.64,2024-06-21,Shipped
762,1407,Tablet,2,650.55,2024-11-12,Cancelled
763,1589,Headphones,4,207.01,2024-02-04,Shipped
764,1953,Keyboard,2,1886.0,2024-03-09,Completed
765,1660,Laptop,2,837.9,2024-06-23,Pending
766,1708,Headphones,1,1322.33,2024-02-04,Cancelled
767,1784,Keyboard,2,917.86,2024-01-10,Pending
768,1617,Tablet,4,267.72,2024-04-26,Pending
769,1207,Laptop,1,504.16,2024-12-08,Shipped
770,1725,Monitor,1,1450.36,2024-05-29,Completed
771,1945,Tablet,1,1115.44,2024-07-15,Shipped
772,1226,Laptop,2,629.15,2024-08-18,Completed
773,1703,Phone,2,304.0,2024-06-11,Pending
774,1385,Tablet,4,1223.23,2024-09-17,Pending
775,1146,Mouse,4,832.79,2024-11-10,Completed
776,1955,Phone,4,219.2,2024-06-27,Cancelled
777,1082,Monitor,3,593.14,2024-12-15,Completed
778,1977,Phone,2,711.56,2024-10-21,Cancelled
779,1584,Keyboard,3,354.47,2024-04-30,Shipped
780,1777,Keyboard,3,1110.24,2024-10-15,Shipped
781,1139,Monitor,4,1547.77,2024-09-18,Completed
782,1921,Mouse,4,90.26,2024-11-08,Completed
783,1720,Phone,2,470.19,2024-11-27,Cancelled
784,1586,Keyboard,1,1332.52,2024-04-23,Completed
785,1995,Mouse,2,1247.49,2024-09-11,Completed
786,1979,Mouse,1,1396.24,2024-02-08,Pending
787,1548,Phone,2,389.11,2024-07-22,Cancelled
788,1939,Tablet,4,1981.79,2024-07-28,Shipped
789,1965,Phone,2,1664.06,2024-12-23,Shipped
790,1083,Laptop,3,1883.48,2024-07-25,Pending
791,1461,Phone,1,1744.89,2024-10-30,Cancelled
792,1082,Laptop,1,453.7,2024-10-20,Completed
793,1920,Phone,1,979.58,2024-05-28,Completed
794,1247,Laptop,3,747.47,2024-02-10,Shipped
795,1413,Monitor,2,885.4,2024-12-21,Completed
796,1038,Monitor,1,1626.71,2024-08-17,Completed
797,1002,Laptop,1,1676.16,2024-01-30,Pending
798,1833,Keyboard,4,1750.55,2024-01-04,Cancelled
799,1003,Keyboard,4,332.93,2024-09-19,Completed
800,1290,Keyboard,1,279.62,2024-08-18,Pending
801,1852,Tablet,4,456.63,2024-02-09,Shipped
802,1752,Tablet,4,1334.04,2024-05-27,Cancelled
803,1812,Keyboard,2,880.62,2024-06-18,Completed
804,1603,Laptop,1,1542.86,2024-09-23,Cancelled
805,1314,Mouse,2,83.86,2024-01-13,Completed
806,1809,Laptop,3,1111.81,2024-09-12,Pending
807,1805,Phone,4,567.6,2024-06-14,Completed
808,1364,Phone,3,967.51,2024-07-03,Shipped
809,1225,Headphones,3,167.88,2024-04-14,Cancelled
810,1166,Headphones,2,448.93,2024-03-17,Cancelled
811,1708,Headphones,3,1911.28,2024-11-28,Shipped
812,1949,Keyboard,2,1153.16,2024-01-02,Pending
813,1958,Phone,2,472.16,2024-11-12,Pending
814,1331,Laptop,4,50.18,2024-12-13,Completed
815,1751,Headphones,2,391.05,2024-04-15,Cancelled
816,1579,Headphones,3,69.93,2024-09-04,Completed
817,1885,Keyboard,2,962.16,2024-05-07,Cancelled
818,1358,Monitor,1,852.24,2024-10-07,Completed
819,1650,Headphones,2,1951.27,2024-03-02,Shipped
820,1132,Phone,1,731.29,2024-05-12,Shipped
821,1804,Headphones,2,747.96,2024-11-29,Shipped
822,1663,Keyboard,1,1729.8,2024-01-13,Shipped
823,1394,Phone,1,1034.29,2024-07-20,Cancelled
824,1450,Keyboard,2,849.28,2024-09-06,Completed
825,1694,Laptop,1,1937.8,2024-09-07,Shipped
826,1946,Monitor,2,277.03,2024-06-23,Shipped
827,1990,Monitor,2,1816.96,2024-04-04,Completed
828,1721,Mouse,4,1686.34,2024-01-23,Completed
829,1656,Headphones,3,1330.53,2024-05-29,Cancelled
830,1117,Mouse,4,1034.53,2024-12-13,Shipped
831,1870,Phone,3,1436.5,2024-01-08,Completed
832,1069,Tablet,1,1679.62,2024-01-28,Cancelled
833,1027,Monitor,2,1657.56,2024-12-04,Shipped
834,1004,Laptop,4,384.22,2024-07-07,Completed
835,1018,Monitor,4,1599.89,2024-10-25,Cancelled
836,1869,Headphones,1,1481.38,2024-12-05,Shipped
837,1684,Phone,4,1955.94,2024-02-05,Completed
838,1015,Mouse,3,921.02,2024-09-30,Cancelled
839,1552,Mouse,4,149.33,2024-11-18,Cancelled
840,1790,Phone,2,1550.84,2024-08-09,Shipped
841,1597,Monitor,2,1600.42,2024-02-28,Cancelled
842,1381,Monitor,1,1652.41,2024-10-13,Cancelled
843,1016,Phone,3,1024.51,2024-09-18,Pending
844,1610,Monitor,1,662.26,2024-12-30,Completed
845,1748,Keyboard,1,968.34,2024-12-02,Pending
846,1310,Keyboard,4,919.69,2024-04-28,Completed
847,1211,Keyboard,1,380.2,2024-02-22,Shipped
848,1339,Keyboard,2,879.85,2024-11-05,Cancelled
849,1939,Mouse,3,398.29,2024-03-18,Cancelled
850,1725,Phone,1,1187.35,2024-02-19,Cancelled
851,1338,Mouse,3,1182.27,2024-05-03,Cancelled
852,1457,Headphones,4,687.86,2024-07-09,Pending
853,1414,Phone,2,1444.82,2024-06-11,Completed
854,1767,Headphones,3,1263.0,2024-05-27,Pending
855,1516,Keyboard,4,338.99,2024-02-16,Pending
856,1985,Tablet,2,707.0,2024-08-26,Shipped
857,1126,Keyboard,1,1482.63,2024-09-02,Shipped
858,1005,Phone,4,655.31,2024-09-17,Shipped
859,1905,Headphones,3,1020.08,2024-07-16,Completed
860,1331,Headphones,2,1418.11,2024-12-31,Cancelled
861,1011,Tablet,3,1564.77,2024-06-18,Pending
862,1171,Phone,4,968.39,2024-08-01,Pending
863,1257,Monitor,3,411.71,2024-04-27,Completed
864,1925,Keyboard,4,946.17,2024-12-07,Pending
865,1835,Tablet,1,606.94,2024-04-06,Cancelled
866,1501,Mouse,3,1854.87,2024-11-30,Cancelled
867,1712,Monitor,1,527.4,2024-06-17,Completed
868,1047,Monitor,4,744.53,2024-10-22,Completed
869,1808,Headphones,3,74.74,2024-02-23,Shipped
870,1480,Headphones,3,139.99,2024-03-13,Completed
871,1420,Monitor,3,606.12,2024-01-03,Cancelled
872,1093,Phone,2,1980.4,2024-08-03,Completed
873,1206,Monitor,2,1607.04,2024-09-13,Pending
874,1548,Tablet,4,1094.86,2024-02-27,Pending
875,1105,Keyboard,4,737.05,2024-06-14,Completed
876,1731,Tablet,4,505.83,2024-12-28,Shipped
877,1452,Keyboard,3,967.21,2024-05-14,Shipped
878,1098,Tablet,2,595.84,2024-06-27,Pending
879,1950,Monitor,3,365.08,2024-12-29,Completed
880,1598,Monitor,1,1033.33,2024-12-22,Cancelled
881,1498,Mouse,1,413.61,2024-07-09,Pending
882,1433,Phone,1,1778.86,2024-07-22,Cancelled
883,1947,Keyboard,3,742.74,2024-10-10,Shipped
884,1339,Mouse,2,357.89,2024-03-10,Shipped
885,1867,Keyboard,4,676.72,2024-02-23,Shipped
886,1863,Phone,2,753.59,2024-06-14,Shipped
887,1123,Keyboard,3,1397.05,2024-04-05,Completed
888,1580,Headphones,3,356.48,2024-03-28,Completed
889,1262,Keyboard,1,1464.95,2024-05-07,Shipped
890,1473,Headphones,2,114.22,2024-11-16,Shipped
891,1821,Tablet,4,1231.53,2024-04-05,Shipped
892,1299,Keyboard,2,625.37,2024-09-08,Pending
893,1073,Phone,2,118.18,2024-10-13,Completed
894,1842,Headphones,2,1910.5,2024-01-23,Pending
895,1910,Headphones,4,1666.54,2024-09-22,Completed
896,1622,Phone,2,1942.25,2024-05-01,Pending
897,1285,Monitor,4,1120.01,2024-05-09,Cancelled
898,1918,Phone,2,1877.58,2024-10-06,Shipped
899,1887,Keyboard,3,944.29,2024-04-27,Completed
900,1196,Mouse,1,531.15,2024-12-28,Completed
901,1706,Tablet,2,437.62,2024-12-03,Pending
902,1680,Monitor,2,1540.53,2024-10-08,Pending
903,1244,Monitor,2,1009.2,2024-05-13,Shipped
904,1457,Mouse,1,465.34,2024-07-07,Completed
905,1057,Tablet,2,376.94,2024-03-22,Shipped
906,1500,Phone,1,182.98,2024-04-20,Completed
907,1849,Mouse,2,1718.88,2024-10-27,Cancelled
908,1138,Headphones,4,565.08,2024-08-09,Pending
909,1810,Laptop,4,306.48,2024-09-28,Cancelled
910,1176,Laptop,1,1908.03,2024-12-01,Pending
911,1471,Headphones,4,186.21,2024-11-09,Cancelled
912,1834,Monitor,1,906.06,2024-03-28,Pending
913,1589,Tablet,2,1802.49,2024-12-27,Cancelled
914,1459,Mouse,3,1263.16,2024-12-04,Pending
915,1937,Tablet,2,1815.48,2024-11-29,Pending
916,1564,Monitor,2,1919.52,2024-02-16,Shipped
917,1128,Monitor,4,600.94,2024-05-02,Completed
918,1907,Keyboard,1,1904.24,2024-04-09,Shipped
919,1652,Tablet,3,1153.19,2024-09-07,Completed
920,1162,Phone,1,177.94,2024-10-12,Completed
921,1627,Laptop,1,1481.38,2024-06-30,Cancelled
922,1409,Keyboard,1,222.08,2024-12-26,Shipped
923,1780,Tablet,2,333.78,2024-01-22,Pending
924,1049,Laptop,3,467.71,2024-01-03,Shipped
925,1814,Keyboard,3,847.66,2024-08-22,Pending
926,1854,Headphones,4,1244.41,2024-01-13,Shipped
927,1312,Tablet,4,1351.86,2024-02-02,Completed
928,1276,Headphones,2,84.16,2024-10-27,Completed
929,1829,Keyboard,3,135.19,2024-12-21,Pending
930,1799,Tablet,1,1618.52,2024-07-19,Completed
931,1062,Laptop,1,1815.39,2024-10-06,Cancelled
932,1699,Mouse,3,540.74,2024-05-05,Pending
933,1076,Keyboard,2,1622.06,2024-01-01,Shipped
934,1021,Keyboard,3,1420.09,2024-04-30,Pending
935,1850,Mouse,4,760.71,2024-12-14,Completed
936,1999,Laptop,2,1492.45,2024-10-27,Shipped
937,1638,Monitor,2,1298.84,2024-05-06,Cancelled
938,1110,Keyboard,3,1002.53,2024-05-27,Cancelled
939,1101,Monitor,3,603.29,2024-11-11,Pending
940,1993,Keyboard,2,1262.72,2024-07-26,Completed
941,1678,Headphones,2,918.76,2024-12-19,Cancelled
942,1304,Keyboard,3,174.4,2024-09-18,Completed
943,1547,Phone,3,521.22,2024-10-19,Shipped
944,1255,Phone,4,1214.11,2024-02-27,Shipped
945,1653,Headphones,3,1173.75,2024-01-14,Completed
946,1082,Tablet,4,1906.76,2024-09-05,Shipped
947,1886,Phone,2,1270.0,2024-01-17,Pending
948,1258,Keyboard,1,1656.54,2024-05-30,Completed
949,1828,Phone,4,1405.99,2024-10-07,Completed
950,1734,Mouse,1,500.28,2024-09-29,Completed
951,1747,Headphones,4,1902.6,2024-02-13,Completed
952,1739,Tablet,3,1923.0,2024-08-29,Completed
953,1806,Laptop,2,1966.99,2024-04-14,Pending
954,1088,Phone,2,1950.33,2024-07-02,Completed
955,1700,Tablet,1,619.1,2024-06-23,Cancelled
956,1324,Phone,4,523.08,2024-05-20,Pending
957,1545,Tablet,4,1287.19,2024-08-05,Cancelled
958,1460,Keyboard,2,1412.29,2024-08-13,Shipped
959,1775,Phone,2,1095.11,2024-11-22,Pending
960,1308,Keyboard,4,924.56,2024-07-10,Completed
961,1950,Laptop,1,1139.97,2024-03-28,Shipped
962,1467,Monitor,2,641.4,2024-09-29,Completed
963,1718,Keyboard,3,382.83,2024-03-31,Pending
964,1170,Keyboard,2,1068.54,2024-05-07,Shipped
965,1865,Phone,2,687.68,2024-09-10,Cancelled
966,1630,Mouse,2,278.82,2024-11-09,Cancelled
967,1546,Monitor,1,1579.62,2024-04-25,Completed
968,1519,Mouse,4,773.38,2024-10-16,Shipped
969,1438,Mouse,3,1075.04,2024-12-16,Completed
970,1991,Monitor,2,961.85,2024-12-07,Completed
971,1202,Tablet,4,1662.62,2024-06-25,Completed
972,1972,Tablet,1,527.74,2024-11-19,Pending
973,1002,Phone,4,1390.49,2024-05-12,Completed
974,1638,Keyboard,4,1886.26,2024-12-12,Cancelled
975,1967,Laptop,3,365.36,2024-05-18,Cancelled
976,1732,Laptop,3,544.3,2024-07-16,Completed
977,1754,Keyboard,1,1728.73,2024-05-11,Cancelled
978,1956,Phone,3,946.4,2024-06-27,Shipped
979,1487,Laptop,1,687.96,2024-04-11,Cancelled
980,1015,Headphones,3,762.46,2024-03-12,Shipped
981,1177,Laptop,4,965.16,2024-04-19,Completed
982,1966,Tablet,4,424.91,2024-10-03,Cancelled
983,1467,Headphones,3,414.11,2024-05-31,Completed
984,1112,Mouse,1,113.28,2024-01-16,Cancelled
985,1031,Laptop,2,90.24,2024-05-01,Pending
986,1448,Phone,1,1973.4,2024-10-07,Pending
987,1106,Monitor,2,1156.7,2024-06-15,Cancelled
988,1376,Tablet,4,594.85,2024-07-22,Completed
989,1971,Tablet,3,1336.96,2024-06-30,Cancelled
990,1696,Mouse,4,750.02,2024-06-15,Completed
991,1982,Mouse,2,1080.51,2024-01-20,Completed
992,1153,Laptop,4,1205.48,2024-12-11,Cancelled
993,1490,Phone,2,610.04,2024-10-08,Completed
994,1107,Keyboard,3,420.29,2024-06-19,Cancelled
995,1165,Laptop,1,295.74,2024-10-26,Pending
996,1051,Headphones,3,1693.77,2024-04-12,Shipped
997,1323,Monitor,2,1304.42,2024-10-25,Completed
998,1306,Mouse,2,346.07,2024-09-08,Cancelled
999,1348,Monitor,4,1566.64,2024-06-16,Completed
1000,1567,Mouse,3,834.01,2024-03-05,Cancelled
1001,1602,Monitor,2,1293.52,2024-08-26,Completed
1002,1520,Headphones,2,1378.06,2024-03-05,Shipped
1003,1283,Phone,1,1866.96,2024-08-09,Shipped
1004,1091,Laptop,4,844.17,2024-08-26,Pending
1005,1152,Tablet,1,726.9,2024-09-05,Cancelled
1006,1582,Mouse,4,1764.18,2024-09-28,Shipped
1007,1761,Mouse,3,1554.99,2024-05-08,Cancelled
1008,1643,Tablet,4,1445.2,2024-02-07,Shipped
1009,1258,Laptop,3,132.73,2024-10-04,Completed
1010,1509,Mouse,4,580.25,2024-02-18,Pending
1011,1915,Headphones,1,1241.41,2024-03-02,Completed
1012,1768,Phone,1,1269.15,2024-08-19,Completed
1013,1316,Keyboard,3,1148.22,2024-05-23,Cancelled
1014,1297,Mouse,4,1327.73,2024-11-24,Completed
1015,1878,Headphones,3,1297.7,2024-01-14,Pending
1016,1707,Keyboard,3,1549.73,2024-01-20,Shipped
1017,1573,Phone,1,542.55,2024-06-11,Completed
1018,1333,Mouse,4,1094.54,2024-07-15,Pending
1019,1519,Tablet,3,1624.82,2024-02-12,Cancelled
1020,1240,Phone,3,1045.0,2024-11-03,Completed
1021,1371,Monitor,1,1785.45,2024-12-17,Completed
1022,1993,Mouse,4,805.14,2024-03-14,Completed
1023,1989,Laptop,2,937.66,2024-12-25,Completed
1024,1417,Keyboard,1,1684.55,2024-09-20,Completed
1025,1835,Headphones,3,992.43,2024-03-16,Shipped
1026,1958,Tablet,2,1909.45,2024-12-05,Pending
1027,1233,Phone,4,1866.64,2024-06-12,Pending
1028,1717,Monitor,3,1218.06,2024-12-14,Completed
1029,1753,Keyboard,3,1298.95,2024-08-10,Completed
1030,1192,Monitor,1,1614.94,2024-01-24,Pending
1031,1684,Tablet,4,1688.9,2024-05-15,Completed
1032,1185,Keyboard,2,633.8,2024-05-05,Pending
1033,1241,Mouse,4,94.97,2024-07-22,Pending
1034,1156,Laptop,2,1357.18,2024-09-10,Shipped
1035,1631,Mouse,2,1502.95,2024-11-17,Shipped
1036,1515,Headphones,4,1482.24,2024-11-21,Shipped
1037,1740,Mouse,3,1419.15,2024-11-16,Completed
1038,1295,Monitor,4,1354.34,2024-03-05,Pending
1039,1413,Mouse,1,1443.16,2024-08-21,Shipped
1040,1175,Laptop,1,1786.6,2024-08-21,Cancelled
1041,1364,Monitor,1,532.88,2024-06-05,Completed
1042,1779,Headphones,1,1571.13,2024-11-20,Completed
1043,1026,Monitor,4,1875.15,2024-12-14,Shipped
1044,1417,Phone,1,485.92,2024-08-01,Completed
1045,1306,Mouse,2,540.64,2024-12-20,Completed
1046,1877,Headphones,4,1907.55,2024-06-04,Pending
1047,1464,Phone,2,1336.47,2024-05-16,Cancelled
1048,1155,Phone,1,578.16,2024-02-16,Pending
1049,1016,Keyboard,3,932.41,2024-01-22,Cancelled
1050,1336,Headphones,1,1432.76,2024-02-26,Completed
1051,1217,Keyboard,4,1590.39,2024-09-30,Cancelled
1052,1751,Mouse,1,1309.66,2024-04-02,Cancelled
1053,1629,Laptop,4,919.06,2024-10-03,Cancelled
1054,1439,Monitor,2,632.9,2024-08-26,Cancelled
1055,1232,Monitor,2,494.93,2024-05-24,Pending
1056,1752,Tablet,3,1730.97,2024-03-14,Completed
1057,1627,Headphones,4,1883.79,2024-09-28,Cancelled
1058,1207,Tablet,4,1303.48,2024-02-17,Cancelled
1059,1862,Keyboard,1,1414.01,2024-06-10,Shipped
1060,1069,Tablet,1,1554.1,2024-02-04,Pending
1061,1538,Headphones,3,942.89,2024-08-29,Completed
1062,1031,Monitor,2,1246.92,2024-11-22,Completed
1063,1508,Mouse,4,1597.1,2024-07-03,Pending
1064,1197,Headphones,1,1078.44,2024-08-06,Shipped
1065,1753,Mouse,4,805.43,2024-12-07,Completed
1066,1098,Mouse,2,580.82,2024-02-02,Pending
1067,1208,Tablet,4,573.92,2024-08-23,Shipped
1068,1438,Headphones,4,1848.68,2024-05-22,Cancelled
1069,1025,Monitor,3,804.11,2024-09-19,Pending
1070,1538,Laptop,2,1252.32,2024-11-30,Pending
1071,1201,Laptop,2,246.87,2024-02-09,Completed
1072,1528,Tablet,1,805.47,2024-02-07,Shipped
1073,1284,Tablet,4,1850.16,2024-02-24,Pending
1074,1902,Monitor,2,1669.56,2024-01-31,Cancelled
1075,1994,Tablet,4,1071.23,2024-08-08,Completed
1076,1841,Tablet,3,1044.94,2024-08-30,Pending
1077,1059,Tablet,3,558.38,2024-02-26,Cancelled
1078,1996,Keyboard,2,1723.71,2024-01-04,Cancelled
1079,1552,Keyboard,1,506.23,2024-06-15,Cancelled
1080,1159,Monitor,2,786.04,2024-06-18,Cancelled
1081,1067,Headphones,4,306.37,2024-02-29,Shipped
1082,1366,Laptop,2,1145.37,2024-03-16,Shipped
1083,1207,Headphones,3,1207.97,2024-10-08,Shipped
1084,1437,Monitor,3,237.24,2024-04-10,Cancelled
1085,1706,Keyboard,1,823.86,2024-12-07,Cancelled
1086,1245,Monitor,1,1911.66,2024-09-07,Pending
1087,1821,Monitor,2,194.73,2024-03-20,Shipped
1088,1007,Phone,4,831.56,2024-01-22,Cancelled
1089,1990,Headphones,1,1105.01,2024-06-04,Cancelled
1090,1857,Keyboard,4,1427.71,2024-09-02,Cancelled
1091,1467,Keyboard,4,1453.11,2024-04-22,Pending
1092,1839,Keyboard,2,1048.8,2024-06-25,Shipped
1093,1065,Mouse,2,1866.66,2024-01-13,Pending
1094,1790,Mouse,2,1693.07,2024-04-20,Pending
1095,1208,Monitor,3,1311.59,2024-09-19,Pending
1096,1906,Tablet,1,1641.87,2024-11-28,Shipped
1097,1343,Tablet,1,1912.19,2024-01-05,Completed
1098,1202,Mouse,1,1703.88,2024-02-13,Completed
1099,1786,Tablet,4,1626.42,2024-03-24,Cancelled
1100,1994,Headphones,3,621.62,2024-03-09,Pending
1101,1559,Phone,4,1814.41,2024-09-18,Completed
1102,1488,Tablet,4,1565.81,2024-08-22,Pending
1103,1798,Mouse,1,1688.88,2024-10-26,Cancelled
1104,1743,Phone,3,1444.89,2024-01-11,Completed
1105,1481,Phone,3,731.37,2024-09-18,Shipped
1106,1423,Mouse,4,1326.75,2024-09-10,Cancelled
1107,1300,Monitor,2,1794.54,2024-06-10,Shipped
1108,1268,Tablet,3,1258.71,2024-06-18,Cancelled
1109,1133,Monitor,4,914.04,2024-11-27,Shipped
1110,1088,Phone,1,1018.64,2024-02-24,Shipped
1111,1971,Tablet,4,1545.69,2024-12-17,Completed
1112,1559,Monitor,2,1006.74,2024-01-30,Shipped
1113,1004,Laptop,1,1574.46,2024-03-24,Shipped
1114,1895,Keyboard,1,1772.22,2024-05-15,Cancelled
1115,1641,Mouse,1,1917.75,2024-08-15,Pending
1116,1126,Tablet,1,1007.96,2024-02-14,Pending
1117,1489,Mouse,4,1654.28,2024-06-12,Completed
1118,1025,Laptop,2,87.84,2024-04-23,Completed
1119,1336,Laptop,1,1216.14,2024-07-18,Pending
1120,1547,Laptop,3,119.13,2024-09-04,Completed
1121,1840,Headphones,2,501.93,2024-07-14,Cancelled
1122,1810,Tablet,4,1985.83,2024-05-19,Pending
1123,1950,Headphones,2,1839.65,2024-01-20,Shipped
1124,1267,Monitor,3,1283.19,2024-12-11,Completed
1125,1667,Keyboard,4,1707.33,2024-09-09,Cancelled
1126,1499,Headphones,3,544.31,2024-08-10,Pending
1127,1083,Tablet,4,1610.11,2024-02-05,Pending
1128,1666,Headphones,2,1737.85,2024-07-19,Pending
1129,1301,Tablet,4,222.07,2024-09-04,Shipped
1130,1936,Mouse,1,518.21,2024-02-21,Cancelled
1131,1804,Tablet,1,645.87,2024-11-03,Shipped
1132,1620,Headphones,2,1102.1,2024-04-22,Completed
1133,1913,Headphones,1,276.41,2024-12-11,Pending
1134,1845,Headphones,2,1928.46,2024-07-18,Completed
1135,1279,Headphones,3,343.77,2024-04-12,Pending
1136,1135,Phone,3,1275.82,2024-09-04,Shipped
1137,1252,Keyboard,4,479.42,2024-10-31,Shipped
1138,1287,Keyboard,3,790.11,2024-09-11,Cancelled
1139,1473,Tablet,4,1046.35,2024-06-10,Shipped
1140,1601,Phone,3,71.54,2024-04-19,Shipped
1141,1874,Monitor,1,1213.16,2024-03-21,Shipped
1142,1818,Monitor,3,1348.29,2024-07-08,Cancelled
1143,1930,Tablet,3,530.23,2024-11-02,Completed
1144,1528,Headphones,2,691.54,2024-12-28,Pending
1145,1083,Tablet,4,1831.23,2024-08-29,Pending
1146,1717,Keyboard,4,1475.19,2024-10-10,Completed
1147,1945,Laptop,4,1864.64,2024-09-03,Completed
1148,1961,Monitor,2,451.22,2024-07-18,Shipped
1149,1449,Keyboard,1,529.22,2024-05-31,Completed
1150,1216,Headphones,1,663.9,2024-04-01,Cancelled
1151,1913,Monitor,2,1527.58,2024-06-06,Pending
1152,1618,Headphones,4,634.61,2024-05-14,Cancelled
1153,1162,Laptop,1,1556.38,2024-08-17,Completed
1154,1962,Mouse,1,1470.85,2024-01-28,Cancelled
1155,1954,Mouse,3,673.25,2024-10-02,Pending
1156,1617,Tablet,2,1269.52,2024-12-22,Pending
1157,1671,Laptop,4,1748.5,2024-11-27,Cancelled
1158,1282,Laptop,2,1733.29,2024-04-13,Shipped
1159,1656,Mouse,2,804.39,2024-06-02,Shipped
1160,1055,Phone,2,770.11,2024-02-28,Cancelled
1161,1059,Monitor,3,720.62,2024-10-17,Pending
1162,1192,Keyboard,3,1749.44,2024-06-16,Cancelled
1163,1074,Mouse,4,445.64,2024-01-27,Cancelled
1164,1679,Tablet,1,749.17,2024-01-17,Shipped
1165,1358,Headphones,2,1082.06,2024-07-07,Cancelled
1166,1972,Keyboard,1,1989.15,2024-04-24,Pending
1167,1909,Mouse,3,626.62,2024-10-17,Pending
1168,1491,Headphones,1,690.46,2024-09-17,Pending
1169,1613,Monitor,1,217.19,2024-02-09,Cancelled
1170,1970,Headphones,2,1735.41,2024-11-22,Cancelled
1171,1116,Headphones,2,336.62,2024-03-31,Cancelled
1172,1809,Mouse,3,1578.56,2024-01-23,Cancelled
1173,1554,Tablet,2,162.69,2024-04-01,Pending
1174,1952,Monitor,1,1810.33,2024-10-31,Shipped
1175,1273,Laptop,3,1283.24,2024-08-11,Cancelled
1176,1836,Tablet,2,345.41,2024-12-23,Completed
1177,1869,Phone,3,1735.78,2024-05-08,Completed
1178,1747,Mouse,3,155.66,2024-10-26,Pending
1179,1310,Headphones,3,1020.73,2024-07-20,Completed
1180,1390,Phone,4,1345.81,2024-01-21,Pending
1181,1826,Phone,3,1680.34,2024-03-06,Cancelled
1182,1446,Keyboard,1,523.09,2024-01-09,Cancelled
1183,1541,Tablet,4,1833.83,2024-02-16,Cancelled
1184,1749,Phone,1,1990.63,2024-04-12,Cancelled
1185,1261,Mouse,1,745.15,2024-05-13,Cancelled
1186,1462,Monitor,2,1153.01,2024-03-23,Shipped
1187,1503,Keyboard,2,1441.18,2024-10-02,Completed
1188,1419,Mouse,4,94.04,2024-09-22,Pending
1189,1807,Phone,1,750.37,2024-12-10,Completed
1190,1265,Headphones,4,130.87,2024-03-06,Shipped
1191,1109,Mouse,4,1388.0,2024-07-30,Pending
1192,1775,Headphones,1,1251.42,2024-02-06,Cancelled
1193,1143,Keyboard,3,1197.89,2024-11-12,Completed
1194,1431,Tablet,4,1714.85,2024-03-23,Cancelled
1195,1175,Monitor,4,667.39,2024-11-04,Pending
1196,1471,Monitor,4,872.64,2024-08-24,Cancelled
1197,1364,Phone,4,1857.07,2024-08-26,Shipped
1198,1299,Monitor,3,1190.32,2024-07-11,Completed
1199,1215,Phone,1,1990.82,2024-11-03,Cancelled
1200,1859,Headphones,4,633.83,2024-01-11,Cancelled
1201,1977,Phone,1,1486.86,2024-10-06,Shipped
1202,1011,Headphones,4,312.85,2024-06-05,Pending
1203,1812,Laptop,2,1866.88,2024-06-08,Completed
1204,1359,Headphones,4,471.56,2024-08-02,Pending
1205,1823,Phone,4,1980.91,2024-06-21,Shipped
1206,1464,Keyboard,3,801.73,2024-03-05,Completed
1207,1698,Laptop,4,957.23,2024-02-10,Cancelled
1208,1788,Mouse,2,824.25,2024-03-06,Completed
1209,1137,Monitor,3,104.34,2024-05-27,Pending
1210,1880,Headphones,4,1709.45,2024-12-05,Shipped
1211,1023,Tablet,1,203.61,2024-10-15,Cancelled
1212,1240,Keyboard,3,1293.47,2024-05-20,Cancelled
1213,1239,Phone,1,1420.66,2024-05-04,Pending
1214,1004,Mouse,1,1444.31,2024-09-14,Cancelled
1215,1536,Tablet,1,679.91,2024-09-19,Completed
1216,1803,Mouse,4,1915.22,2024-12-03,Completed
1217,1862,Phone,2,827.2,2024-12-06,Cancelled
1218,1919,Laptop,2,1784.95,2024-01-06,Shipped
1219,1137,Phone,4,1918.84,2024-11-13,Completed
1220,1191,Mouse,3,1958.73,2024-09-05,Pending
1221,1356,Keyboard,4,280.49,2024-02-16,Pending
1222,1440,Tablet,1,1373.83,2024-09-05,Completed
1223,1158,Mouse,3,1207.95,2024-10-07,Completed
1224,1218,Monitor,3,1391.87,2024-05-13,Completed
1225,1201,Monitor,3,1860.56,2024-12-31,Pending
1226,1714,Tablet,3,1912.21,2024-01-30,Pending
1227,1798,Laptop,4,522.44,2024-02-02,Shipped
1228,1325,Headphones,1,180.95,2024-08-11,Pending
1229,1695,Tablet,3,1035.64,2024-07-05,Shipped
1230,1546,Keyboard,4,727.91,2024-08-19,Shipped
1231,1974,Headphones,1,658.24,2024-07-25,Pending
1232,1300,Headphones,2,1736.93,2024-04-28,Cancelled
1233,1336,Tablet,4,1619.81,2024-09-30,Pending
1234,1660,Mouse,2,282.38,2024-12-24,Completed
1235,1755,Mouse,4,1347.62,2024-09-29,Cancelled
1236,1606,Phone,2,51.8,2024-01-29,Completed
1237,1103,Keyboard,2,250.71,2024-04-07,Completed
1238,1341,Mouse,3,1900.75,2024-02-21,Shipped
1239,1288,Phone,2,446.22,2024-08-16,Completed
1240,1327,Laptop,2,842.15,2024-01-09,Pending
1241,1294,Mouse,2,1308.13,2024-11-20,Pending
1242,1794,Monitor,1,191.92,2024-06-26,Completed
1243,1899,Headphones,2,1561.38,2024-02-23,Pending
1244,1007,Tablet,3,565.72,2024-08-21,Pending
1245,1342,Mouse,2,457.5,2024-03-03,Completed
1246,1859,Keyboard,4,402.84,2024-01-23,Cancelled
1247,1988,Keyboard,2,577.27,2024-11-11,Cancelled
1248,1773,Monitor,1,1247.24,2024-07-07,Cancelled
1249,1799,Monitor,3,1278.56,2024-08-17,Pending
1250,1928,Headphones,3,1299.78,2024-07-06,Completed
1251,1222,Laptop,1,1143.69,2024-03-04,Cancelled
1252,1333,Mouse,4,1706.81,2024-10-12,Completed
1253,1601,Headphones,2,1825.8,2024-02-27,Completed
1254,1114,Headphones,1,1801.19,2024-03-06,Pending
1255,1775,Keyboard,3,1713.04,2024-02-22,Pending
1256,1589,Headphones,3,752.32,2024-08-14,Shipped
1257,1649,Mouse,3,813.02,2024-11-14,Completed
1258,1716,Phone,1,197.05,2024-12-16,Pending
1259,1949,Keyboard,1,1229.68,2024-10-01,Completed
1260,1184,Headphones,1,110.34,2024-06-21,Cancelled
1261,1525,Headphones,2,519.97,2024-09-04,Cancelled
1262,1426,Mouse,2,1020.98,2024-09-02,Completed
1263,1241,Monitor,3,500.8,2024-12-07,Shipped
1264,1978,Laptop,2,1225.53,2024-05-21,Cancelled
1265,1403,Headphones,3,1489.45,2024-01-18,Pending
1266,1694,Keyboard,2,1718.74,2024-04-03,Completed
1267,1653,Monitor,3,75.51,2024-10-14,Pending
1268,1280,Tablet,3,241.22,2024-06-25,Pending
1269,1556,Headphones,2,627.2,2024-10-07,Pending
1270,1463,Phone,4,1717.17,2024-08-10,Completed
1271,1070,Phone,1,1532.28,2024-03-01,Completed
1272,1375,Headphones,1,724.46,2024-12-06,Pending
1273,1288,Monitor,1,1463.82,2024-08-23,Pending
1274,1559,Monitor,4,1305.47,2024-02-14,Shipped
1275,1224,Headphones,1,1224.67,2024-10-13,Pending
1276,1612,Phone,3,155.83,2024-03-27,Shipped
1277,1380,Keyboard,3,1283.52,2024-10-17,Cancelled
1278,1566,Keyboard,3,870.02,2024-12-31,Completed
1279,1010,Keyboard,1,249.53,2024-07-27,Cancelled
1280,1413,Tablet,1,1976.27,2024-05-14,Pending
1281,1925,Monitor,3,68.62,2024-01-05,Cancelled
1282,1298,Headphones,3,1103.24,2024-09-18,Shipped
1283,1903,Keyboard,1,1831.4,2024-03-01,Pending
1284,1267,Headphones,1,1882.27,2024-08-21,Shipped
1285,1603,Mouse,2,1904.66,2024-10-15,Pending
1286,1670,Tablet,2,797.82,2024-07-03,Pending
1287,1513,Phone,1,1642.47,2024-05-02,Completed
1288,1095,Tablet,3,752.75,2024-02-12,Cancelled
1289,1493,Headphones,2,1241.26,2024-04-12,Cancelled
1290,1552,Headphones,3,620.29,2024-03-08,Pending
1291,1577,Keyboard,3,1355.11,2024-11-12,Shipped
1292,1204,Keyboard,2,722.1,2024-05-01,Completed
1293,1666,Keyboard,4,1646.58,2024-07-08,Pending
1294,1938,Monitor,2,1898.08,2024-09-19,Cancelled
1295,1739,Headphones,3,387.94,2024-08-16,Completed
1296,1418,Laptop,1,461.63,2024-03-10,Shipped
1297,1858,Mouse,2,1394.39,2024-01-12,Completed
1298,1849,Laptop,2,1518.71,2024-02-09,Pending
1299,1162,Laptop,1,1227.93,2024-04-22,Pending
1300,1486,Tablet,1,1410.93,2024-02-10,Shipped
1301,1225,Keyboard,1,687.47,2024-08-02,Shipped
1302,1919,Monitor,2,749.49,2024-06-22,Shipped
1303,1994,Headphones,1,202.16,2024-12-28,Completed
1304,1885,Monitor,4,1788.86,2024-07-12,Cancelled
1305,1619,Phone,4,1379.7,2024-09-09,Completed
1306,1757,Monitor,1,1739.18,2024-12-18,Pending
1307,1007,Keyboard,1,212.79,2024-08-13,Completed
1308,1247,Tablet,3,953.14,2024-06-13,Shipped
1309,1500,Mouse,1,947.44,2024-04-21,Pending
1310,1077,Keyboard,3,1418.23,2024-02-12,Pending
1311,1669,Laptop,2,935.4,2024-10-07,Shipped
1312,1966,Keyboard,4,1093.7,2024-09-06,Shipped
1313,1567,Monitor,4,752.1,2024-05-14,Shipped
1314,1002,Laptop,1,359.33,2024-10-29,Shipped
1315,1045,Laptop,3,1821.2,2024-08-12,Shipped
1316,1211,Headphones,4,1575.64,2024-08-31,Pending
1317,1026,Mouse,2,1683.15,2024-10-06,Pending
1318,1269,Mouse,1,671.29,2024-08-09,Cancelled
1319,1293,Monitor,3,1513.01,2024-03-20,Shipped
1320,1752,Monitor,3,699.94,2024-08-23,Shipped
1321,1504,Headphones,4,1247.57,2024-04-22,Completed
1322,1145,Mouse,2,1712.18,2024-12-16,Completed
1323,1120,Keyboard,1,483.41,2024-04-22,Shipped
1324,1641,Tablet,2,744.32,2024-04-04,Pending
1325,1827,Headphones,2,1720.77,2024-09-10,Shipped
1326,1517,Headphones,2,991.54,2024-07-27,Completed
1327,1696,Tablet,4,1960.88,2024-12-05,Cancelled
1328,1363,Keyboard,1,169.15,2024-01-02,Shipped
1329,1096,Headphones,3,1963.16,2024-08-30,Completed
1330,1763,Tablet,3,930.26,2024-01-23,Completed
1331,1659,Phone,2,1085.63,2024-03-24,Pending
1332,1737,Monitor,4,139.08,2024-02-17,Shipped
1333,1277,Monitor,1,1920.89,2024-06-06,Pending
1334,1219,Keyboard,3,71.04,2024-01-21,Cancelled
1335,1877,Headphones,1,335.93,2024-04-14,Completed
1336,1491,Headphones,4,819.67,2024-03-29,Shipped
1337,1179,Monitor,1,1470.14,2024-04-13,Pending
1338,1165,Phone,1,1930.55,2024-02-12,Pending
1339,1048,Laptop,3,1091.85,2024-09-01,Pending
1340,1952,Headphones,2,1836.13,2024-08-04,Cancelled
1341,1955,Mouse,4,1007.28,2024-01-22,Shipped
1342,1623,Tablet,4,1501.68,2024-12-15,Shipped
1343,1835,Monitor,4,675.56,2024-10-06,Cancelled
1344,1661,Keyboard,2,794.29,2024-12-12,Completed
1345,1533,Phone,4,823.35,2024-04-03,Shipped
1346,1398,Phone,3,1442.68,2024-07-09,Shipped
1347,1121,Phone,2,1363.14,2024-07-07,Cancelled
1348,1214,Keyboard,2,1755.15,2024-06-08,Pending
1349,1718,Monitor,2,1202.15,2024-09-28,Cancelled
1350,1828,Monitor,4,381.68,2024-09-13,Shipped
1351,1827,Keyboard,3,249.84,2024-02-06,Cancelled
1352,1757,Laptop,4,1728.96,2024-08-12,Pending
1353,1657,Laptop,3,435.51,2024-11-26,Shipped
1354,1274,Monitor,2,1662.41,2024-10-31,Cancelled
1355,1937,Keyboard,1,1030.16,2024-08-02,Cancelled
1356,1274,Mouse,2,517.06,2024-05-19,Shipped
1357,1146,Keyboard,4,1694.41,2024-04-02,Shipped
1358,1559,Headphones,4,1761.9,2024-02-12,Pending
1359,1546,Headphones,2,1189.35,2024-10-27,Completed
1360,1234,Headphones,4,1306.98,2024-02-29,Shipped
1361,1601,Tablet,1,1190.9,2024-04-26,Cancelled
1362,1485,Headphones,1,1544.04,2024-01-13,Completed
1363,1325,Tablet,4,601.66,2024-06-15,Pending
1364,1313,Monitor,3,691.67,2024-01-03,Cancelled
1365,1237,Monitor,1,260.97,2024-03-03,Pending
1366,1564,Keyboard,4,595.03,2024-05-05,Cancelled
1367,1389,Tablet,1,1983.36,2024-12-30,Completed
1368,1216,Headphones,3,584.75,2024-11-18,Completed
1369,1823,Monitor,3,1953.17,2024-12-12,Pending
1370,1279,Mouse,4,1926.88,2024-03-02,Shipped
1371,1932,Monitor,2,960.78,2024-09-10,Shipped
1372,1968,Headphones,4,1565.62,2024-11-10,Shipped
1373,1370,Keyboard,2,1085.24,2024-01-20,Shipped
1374,1309,Monitor,1,1318.22,2024-08-07,Shipped
1375,1918,Mouse,4,903.59,2024-04-23,Completed
1376,1423,Phone,1,1515.77,2024-08-25,Pending
1377,1183,Monitor,2,1389.38,2024-07-06,Shipped
1378,1342,Headphones,4,1010.48,2024-01-14,Completed
1379,1038,Headphones,4,206.59,2024-01-31,Pending
1380,1483,Phone,2,1389.37,2024-11-05,Shipped
1381,1623,Mouse,1,1229.54,2024-09-05,Pending
1382,1935,Mouse,3,1213.45,2024-07-17,Completed
1383,1815,Keyboard,4,1291.25,2024-02-10,Cancelled
1384,1923,Headphones,1,55.74,2024-06-07,Cancelled
1385,1969,Laptop,3,648.68,2024-02-13,Pending
1386,1456,Keyboard,4,501.82,2024-01-13,Completed
1387,1283,Tablet,3,1404.4,2024-05-27,Pending
1388,1616,Laptop,1,86.55,2024-11-11,Shipped
1389,1455,Laptop,3,1350.06,2024-12-02,Pending
1390,1629,Phone,1,1608.59,2024-10-15,Shipped
1391,1270,Laptop,2,561.94,2024-11-24,Shipped
1392,1128,Tablet,4,1554.76,2024-01-20,Completed
1393,1020,Laptop,2,1289.49,2024-04-08,Completed
1394,1466,Laptop,4,1312.76,2024-01-10,Completed
1395,1546,Mouse,2,105.1,2024-04-25,Shipped
1396,1285,Phone,2,555.81,2024-10-29,Pending
1397,1708,Laptop,3,1267.1,2024-04-15,Completed
1398,1934,Monitor,4,1005.22,2024-02-01,Shipped
1399,1110,Keyboard,1,232.52,2024-06-20,Completed
1400,1025,Tablet,1,141.52,2024-11-06,Completed
1401,1921,Phone,3,176.32,2024-09-08,Shipped
1402,1774,Keyboard,4,740.46,2024-12-01,Shipped
1403,1985,Mouse,3,1580.92,2024-01-31,Shipped
1404,1164,Monitor,2,1307.21,2024-03-26,Cancelled
1405,1290,Tablet,4,354.15,2024-01-18,Pending
1406,1838,Keyboard,3,1111.1,2024-05-20,Shipped
1407,1281,Tablet,1,956.42,2024-06-05,Cancelled
1408,1485,Mouse,4,255.65,2024-06-22,Pending
1409,1513,Laptop,2,1603.37,2024-02-23,Shipped
1410,1889,Mouse,1,1432.55,2024-06-30,Shipped
1411,1051,Laptop,3,1113.33,2024-05-18,Cancelled
1412,1963,Tablet,1,1765.48,2024-08-10,Completed
1413,1417,Tablet,1,1107.1,2024-09-16,Shipped
1414,1976,Laptop,3,385.76,2024-12-02,Shipped
1415,1116,Keyboard,2,1369.2,2024-09-21,Pending
1416,1949,Tablet,1,1549.31,2024-06-13,Completed
1417,1411,Phone,4,533.61,2024-12-02,Completed
1418,1783,Mouse,4,782.66,2024-08-30,Shipped
1419,1656,Phone,3,162.19,2024-04-17,Pending
1420,1960,Phone,2,987.03,2024-10-05,Shipped
1421,1961,Tablet,1,417.99,2024-04-27,Pending
1422,1655,Tablet,4,1478.46,2024-02-27,Cancelled
1423,1510,Laptop,1,1033.77,2024-12-17,Shipped
1424,1645,Monitor,1,1804.75,2024-05-13,Shipped
1425,1321,Keyboard,3,1178.31,2024-04-30,Completed
1426,1036,Tablet,1,388.0,2024-05-19,Completed
1427,1498,Monitor,4,176.38,2024-10-26,Shipped
1428,1357,Headphones,3,752.14,2024-08-07,Completed
1429,1591,Mouse,2,1549.87,2024-09-19,Completed
1430,1467,Keyboard,4,1087.91,2024-12-11,Pending
1431,1115,Laptop,2,1884.3,2024-12-17,Cancelled
1432,1849,Laptop,3,1749.46,2024-12-19,Pending
1433,1091,Headphones,1,989.3,2024-06-03,Cancelled
1434,1717,Mouse,2,1670.0,2024-11-03,Completed
1435,1250,Monitor,1,138.44,2024-04-24,Completed
1436,1976,Headphones,1,641.29,2024-04-12,Completed
1437,1723,Keyboard,3,1156.5,2024-10-07,Cancelled
1438,1572,Tablet,3,1970.85,2024-10-13,Cancelled
1439,1133,Laptop,3,243.29,2024-03-28,Pending
1440,1693,Headphones,3,766.85,2024-03-28,Pending
1441,1299,Phone,3,650.08,2024-07-30,Completed
1442,1127,Mouse,3,1733.36,2024-05-12,Completed
1443,1046,Laptop,3,1054.52,2024-05-21,Pending
1444,1602,Headphones,4,1637.35,2024-04-19,Cancelled
1445,1089,Mouse,2,1972.14,2024-07-31,Pending
1446,1270,Phone,2,596.22,2024-12-06,Completed
1447,1439,Tablet,4,1184.82,2024-07-09,Pending
1448,1433,Tablet,3,164.0,2024-02-22,Shipped
1449,1038,Laptop,3,1211.11,2024-01-28,Cancelled
1450,1338,Tablet,3,1257.3,2024-03-10,Cancelled
1451,1384,Laptop,3,881.14,2024-12-10,Completed
1452,1275,Mouse,1,314.26,2024-03-16,Pending
1453,1175,Tablet,2,256.01,2024-12-28,Cancelled
1454,1427,Phone,2,1216.36,2024-05-28,Completed
1455,1497,Laptop,3,1070.44,2024-04-04,Completed
1456,1565,Laptop,3,638.36,2024-12-09,Pending
1457,1163,Tablet,1,796.13,2024-07-15,Pending
1458,1481,Phone,3,1028.93,2024-11-28,Shipped
1459,1724,Laptop,3,1281.97,2024-10-10,Shipped
1460,1874,Phone,4,1216.71,2024-02-09,Pending
1461,1526,Keyboard,2,788.1,2024-05-07,Completed
1462,1159,Mouse,2,199.58,2024-08-05,Pending
1463,1568,Headphones,4,1647.53,2024-04-26,Pending
1464,1205,Headphones,3,1037.78,2024-04-21,Shipped
1465,1443,Headphones,2,1082.01,2024-05-04,Pending
1466,1051,Monitor,4,1145.27,2024-12-11,Shipped
1467,1909,Keyboard,3,1606.14,2024-07-17,Cancelled
1468,1356,Monitor,1,108.0,2024-07-03,Completed
1469,1497,Headphones,4,108.07,2024-04-01,Cancelled
1470,1168,Phone,4,845.34,2024-02-25,Cancelled
1471,1059,Headphones,3,920.44,2024-02-07,Pending
1472,1300,Headphones,1,1993.92,2024-05-02,Cancelled
1473,1922,Phone,4,449.3,2024-05-23,Completed
1474,1846,Mouse,1,1373.68,2024-08-25,Cancelled
1475,1148,Laptop,4,1824.06,2024-11-09,Pending
1476,1172,Tablet,4,192.82,2024-03-13,Shipped
1477,1796,Phone,1,1534.23,2024-04-19,Shipped
1478,1564,Keyboard,4,1388.12,2024-12-10,Pending
1479,1903,Tablet,3,910.65,2024-05-19,Completed
1480,1436,Phone,3,635.34,2024-01-25,Pending
1481,1745,Phone,2,1749.23,2024-10-29,Shipped
1482,1067,Headphones,4,1955.31,2024-05-12,Pending
1483,1897,Laptop,2,1028.36,2024-10-01,Shipped
1484,1738,Laptop,2,620.98,2024-05-07,Shipped
1485,1504,Keyboard,4,1838.3,2024-03-15,Cancelled
1486,1520,Keyboard,3,580.85,2024-12-30,Shipped
1487,1755,Phone,1,817.07,2024-03-14,Completed
1488,1312,Keyboard,1,1607.56,2024-10-03,Cancelled
1489,1022,Laptop,2,1074.3,2024-04-23,Completed
1490,1071,Keyboard,3,510.65,2024-12-15,Shipped
1491,1743,Monitor,1,1693.59,2024-09-04,Shipped
1492,1690,Keyboard,1,801.59,2024-05-12,Shipped
1493,1930,Phone,4,998.33,2024-09-24,Pending
1494,1054,Laptop,3,951.37,2024-07-26,Pending
1495,1623,Phone,2,285.34,2024-09-12,Cancelled
1496,1436,Laptop,3,726.4,2024-10-16,Shipped
1497,1794,Tablet,1,693.68,2024-09-22,Shipped
1498,1518,Mouse,1,64.06,2024-08-15,Pending
1499,1402,Keyboard,2,1670.96,2024-09-05,Pending
1500,1500,Tablet,2,1730.76,2024-06-30,Completed
1501,1181,Headphones,1,308.69,2024-04-07,Pending
1502,1353,Phone,1,134.99,2024-06-21,Completed
1503,1442,Headphones,1,1964.77,2024-01-21,Cancelled
1504,1085,Monitor,3,750.44,2024-10-30,Cancelled
1505,1730,Keyboard,3,166.76,2024-01-25,Pending
1506,1945,Mouse,4,1352.24,2024-01-16,Cancelled
1507,1094,Laptop,2,659.75,2024-10-26,Shipped
1508,1320,Keyboard,4,811.63,2024-03-11,Completed
1509,1072,Keyboard,2,1455.44,2024-11-04,Cancelled
1510,1704,Laptop,4,1742.19,2024-06-03,Completed
1511,1982,Tablet,2,449.45,2024-05-01,Cancelled
1512,1524,Mouse,2,1274.8,2024-07-26,Completed
1513,1283,Tablet,3,798.56,2024-12-06,Pending
1514,1069,Headphones,2,1309.47,2024-05-17,Pending
1515,1658,Monitor,2,1444.81,2024-08-03,Shipped
1516,1566,Headphones,3,1289.61,2024-06-02,Shipped
1517,1715,Phone,4,589.85,2024-10-11,Completed
1518,1213,Keyboard,1,87.49,2024-03-28,Completed
1519,1573,Headphones,3,1772.03,2024-05-07,Cancelled
1520,1684,Keyboard,2,110.92,2024-05-25,Shipped
1521,1708,Keyboard,1,1816.68,2024-05-09,Completed
1522,1106,Tablet,1,953.21,2024-12-16,Shipped
1523,1791,Phone,3,1496.5,2024-07-27,Shipped
1524,1456,Tablet,1,997.34,2024-07-18,Cancelled
1525,1654,Phone,1,707.89,2024-08-23,Pending
1526,1806,Mouse,3,249.86,2024-10-03,Completed
1527,1155,Headphones,2,53.61,2024-05-21,Shipped
1528,1951,Keyboard,3,1635.72,2024-03-02,Pending
1529,1979,Phone,1,1286.09,2024-08-11,Pending
1530,1353,Keyboard,4,1292.42,2024-06-01,Pending
1531,1686,Laptop,4,345.26,2024-02-16,Cancelled
1532,1659,Laptop,1,704.07,2024-09-26,Cancelled
1533,1861,Headphones,4,1189.78,2024-03-16,Pending
1534,1133,Phone,4,460.16,2024-07-11,Shipped
1535,1364,Headphones,2,66.26,2024-02-11,Pending
1536,1325,Mouse,3,1838.67,2024-10-27,Shipped
1537,1767,Keyboard,3,669.58,2024-01-25,Shipped
1538,1506,Headphones,4,95.78,2024-05-02,Pending
1539,1578,Headphones,2,1788.64,2024-10-25,Pending
1540,1701,Tablet,1,1574.84,2024-06-07,Pending
1541,1436,Mouse,2,898.59,2024-07-18,Shipped
1542,1927,Headphones,1,424.67,2024-10-02,Pending
1543,1484,Mouse,1,1704.02,2024-12-16,Completed
1544,1197,Mouse,2,1691.28,2024-11-19,Pending
1545,1316,Tablet,4,830.58,2024-02-15,Completed
1546,1649,Phone,1,1060.43,2024-03-23,Shipped
1547,1257,Mouse,4,1563.25,2024-07-27,Shipped
1548,1786,Mouse,3,738.8,2024-02-26,Cancelled
1549,1414,Keyboard,2,226.22,2024-09-12,Completed
1550,1204,Phone,3,1421.43,2024-02-24,Cancelled
1551,1657,Phone,2,807.84,2024-04-06,Cancelled
1552,1669,Mouse,3,1330.34,2024-12-25,Shipped
1553,1084,Headphones,4,1327.86,2024-05-18,Cancelled
1554,1737,Headphones,3,1166.46,2024-02-29,Pending
1555,1895,Mouse,3,855.55,2024-10-29,Pending
1556,1220,Laptop,1,1087.86,2024-09-05,Cancelled
1557,1436,Keyboard,3,422.63,2024-06-17,Completed
1558,1518,Laptop,2,603.63,2024-07-27,Shipped
1559,1549,Laptop,1,715.45,2024-04-07,Completed
1560,1296,Headphones,3,445.42,2024-10-31,Pending
1561,1308,Mouse,3,1950.88,2024-03-22,Shipped
1562,1862,Keyboard,3,227.43,2024-12-09,Cancelled
1563,1113,Monitor,2,765.7,2024-07-16,Cancelled
1564,1627,Monitor,4,1885.29,2024-02-11,Cancelled
1565,1953,Headphones,2,1826.57,2024-02-27,Shipped
1566,1597,Headphones,3,430.15,2024-10-07,Completed
1567,1393,Headphones,4,961.4,2024-11-04,Shipped
1568,1178,Laptop,4,425.84,2024-10-15,Shipped
1569,1615,Tablet,3,1080.19,2024-07-27,Cancelled
1570,1581,Tablet,4,96.06,2024-08-09,Shipped
1571,1323,Headphones,4,1202.06,2024-05-07,Completed
1572,1790,Keyboard,4,649.97,2024-02-15,Completed
1573,1956,Headphones,2,1011.58,2024-04-18,Pending
1574,1831,Laptop,2,1324.05,2024-12-03,Completed
1575,1193,Phone,3,1897.09,2024-09-02,Pending
1576,1991,Headphones,4,1887.4,2024-01-12,Completed
1577,1502,Headphones,1,606.96,2024-06-08,Completed
1578,1256,Keyboard,3,1356.89,2024-10-03,Pending
1579,1809,Keyboard,1,1460.94,2024-05-04,Shipped
1580,1506,Keyboard,2,1894.73,2024-09-28,Pending
1581,1084,Phone,3,135.19,2024-07-09,Cancelled
1582,1379,Tablet,1,248.53,2024-03-18,Completed
1583,1137,Phone,2,1515.84,2024-08-18,Pending
1584,1743,Phone,3,1130.57,2024-01-13,Shipped
1585,1646,Tablet,1,203.14,2024-11-15,Cancelled
1586,1936,Tablet,3,1028.21,2024-11-05,Shipped
1587,1105,Tablet,4,1323.23,2024-10-13,Cancelled
1588,1899,Phone,1,1726.5,2024-07-12,Cancelled
1589,1659,Mouse,3,636.09,2024-01-24,Shipped
1590,1965,Headphones,4,253.07,2024-02-15,Pending
1591,1260,Monitor,4,1466.08,2024-05-02,Cancelled
1592,1526,Phone,4,1236.19,2024-09-11,Shipped
1593,1509,Laptop,2,615.89,2024-09-28,Shipped
1594,1695,Headphones,1,317.57,2024-01-28,Cancelled
1595,1335,Tablet,4,1511.5,2024-11-23,Pending
1596,1791,Headphones,4,1584.87,2024-07-28,Shipped
1597,1115,Laptop,1,756.82,2024-03-07,Pending
1598,1006,Tablet,1,433.13,2024-01-03,Shipped
1599,1567,Tablet,3,1135.68,2024-12-20,Completed
1600,1737,Laptop,3,408.0,2024-07-03,Shipped
1601,1426,Laptop,2,1838.82,2024-09-29,Pending
1602,1175,Headphones,3,1694.49,2024-02-14,Completed
1603,1420,Mouse,1,1642.03,2024-06-09,Cancelled
1604,1108,Phone,2,1645.54,2024-12-15,Shipped
1605,1736,Keyboard,2,1677.1,2024-02-17,Shipped
1606,1713,Tablet,3,1883.44,2024-05-26,Completed
1607,1910,Mouse,4,1689.09,2024-10-27,Cancelled
1608,1641,Tablet,4,144.06,2024-08-08,Completed
1609,1993,Tablet,3,625.14,2024-08-28,Shipped
1610,1898,Phone,2,1974.52,2024-01-18,Pending
1611,1903,Headphones,4,330.33,2024-03-29,Pending
1612,1256,Phone,3,1525.74,2024-12-07,Pending
1613,1458,Keyboard,3,1156.62,2024-10-06,Shipped
1614,1814,Keyboard,4,1307.26,2024-10-05,Shipped
1615,1569,Keyboard,3,1265.51,2024-04-24,Completed
1616,1789,Laptop,3,1264.03,2024-03-20,Shipped
1617,1737,Headphones,3,812.33,2024-09-24,Completed
1618,1333,Keyboard,4,643.7,2024-02-05,Pending
1619,1079,Headphones,1,616.19,2024-08-02,Pending
1620,1454,Keyboard,3,867.59,2024-10-02,Shipped
1621,1874,Laptop,4,876.88,2024-11-10,Pending
1622,1406,Monitor,4,695.35,2024-08-09,Pending
1623,1492,Headphones,1,92.38,2024-06-17,Pending
1624,1889,Monitor,1,310.93,2024-10-26,Cancelled
1625,1116,Tablet,1,380.13,2024-07-21,Cancelled
1626,1793,Phone,1,246.04,2024-11-26,Completed
1627,1121,Tablet,2,1541.08,2024-02-07,Shipped
1628,1267,Keyboard,3,1546.5,2024-07-12,Completed
1629,1288,Phone,2,398.38,2024-12-17,Cancelled
1630,1737,Tablet,1,1760.27,2024-08-03,Shipped
1631,1020,Headphones,1,849.81,2024-03-09,Cancelled
1632,1522,Monitor,3,1034.04,2024-12-01,Cancelled
1633,1717,Monitor,3,676.31,2024-11-14,Completed
1634,1582,Mouse,3,796.13,2024-07-29,Cancelled
1635,1273,Phone,3,1627.21,2024-02-03,Pending
1636,1648,Tablet,4,1775.02,2024-03-02,Completed
1637,1117,Headphones,3,1750.05,2024-11-04,Pending
1638,1922,Keyboard,1,1920.7,2024-02-15,Completed
1639,1164,Keyboard,4,723.26,2024-12-16,Cancelled
1640,1270,Headphones,2,1545.81,2024-05-18,Pending
1641,1489,Laptop,1,1470.47,2024-10-21,Cancelled
1642,1983,Laptop,3,799.27,2024-05-19,Shipped
1643,1963,Laptop,1,817.0,2024-01-31,Completed
1644,1537,Laptop,4,1149.3,2024-01-20,Completed
1645,1535,Phone,2,381.68,2024-09-05,Cancelled
1646,1169,Tablet,3,1775.17,2024-04-18,Pending
1647,1492,Tablet,4,889.1,2024-07-06,Pending
1648,1001,Keyboard,3,87.07,2024-02-28,Shipped
1649,1875,Keyboard,3,1994.28,2024-07-05,Shipped
1650,1854,Laptop,1,386.42,2024-11-27,Shipped
1651,1396,Keyboard,1,1242.46,2024-06-29,Completed
1652,1696,Laptop,4,251.33,2024-12-07,Pending
1653,1966,Headphones,3,1311.76,2024-12-21,Shipped
1654,1868,Tablet,2,318.49,2024-04-12,Completed
1655,1030,Phone,3,1250.88,2024-10-12,Cancelled
1656,1553,Laptop,3,1636.37,2024-02-19,Pending
1657,1367,Tablet,2,1425.0,2024-06-18,Cancelled
1658,1194,Phone,3,179.26,2024-02-06,Pending
1659,1029,Tablet,1,1603.33,2024-08-29,Pending
1660,1176,Tablet,2,689.61,2024-11-03,Cancelled
1661,1703,Mouse,2,1347.81,2024-02-20,Cancelled
1662,1273,Phone,3,792.56,2024-06-14,Completed
1663,1832,Mouse,2,721.06,2024-02-16,Shipped
1664,1818,Phone,2,528.03,2024-12-30,Shipped
1665,1275,Mouse,3,182.88,2024-02-16,Pending
1666,1626,Tablet,3,1205.31,2024-09-21,Shipped
1667,1494,Headphones,2,558.44,2024-12-17,Completed
1668,1578,Monitor,2,927.63,2024-01-10,Pending
1669,1152,Mouse,1,1928.44,2024-12-03,Pending
1670,1914,Phone,3,1072.85,2024-12-12,Pending
1671,1884,Laptop,2,1457.03,2024-12-21,Completed
1672,1092,Mouse,1,1661.53,2024-02-15,Cancelled
1673,1913,Mouse,1,147.62,2024-03-07,Cancelled
1674,1698,Monitor,4,632.92,2024-12-25,Completed
1675,1414,Laptop,4,539.96,2024-05-11,Cancelled
1676,1435,Monitor,3,1546.22,2024-04-24,Cancelled
1677,1964,Keyboard,4,914.9,2024-12-03,Shipped
1678,1317,Monitor,2,1102.43,2024-12-09,Cancelled
1679,1818,Monitor,1,464.96,2024-10-16,Cancelled
1680,1657,Tablet,2,487.78,2024-07-11,Shipped
1681,1176,Mouse,3,995.61,2024-06-04,Cancelled
1682,1090,Laptop,1,1993.32,2024-10-08,Pending
1683,1957,Keyboard,1,741.09,2024-07-10,Shipped
1684,1669,Phone,2,434.0,2024-12-19,Completed
1685,1966,Monitor,3,116.58,2024-05-01,Pending
1686,1650,Monitor,3,933.46,2024-02-07,Shipped
1687,1727,Tablet,3,1482.23,2024-10-22,Shipped
1688,1023,Headphones,4,1053.35,2024-11-02,Cancelled
1689,1871,Mouse,1,1469.64,2024-04-11,Completed
1690,1475,Phone,4,567.73,2024-10-06,Cancelled
1691,1570,Headphones,3,850.85,2024-04-08,Cancelled
1692,1392,Monitor,4,1909.94,2024-02-04,Completed
1693,1994,Laptop,2,630.14,2024-06-26,Completed
1694,1434,Keyboard,3,1207.88,2024-02-26,Shipped
1695,1403,Phone,2,1744.8,2024-09-05,Completed
1696,1443,Monitor,4,1034.84,2024-09-28,Cancelled
1697,1018,Tablet,4,227.75,2024-11-14,Shipped
1698,1229,Monitor,2,1415.42,2024-09-10,Cancelled
1699,1705,Phone,3,143.3,2024-06-16,Completed
1700,1545,Mouse,4,1649.61,2024-06-27,Shipped
1701,1075,Tablet,1,1675.31,2024-01-27,Completed
1702,1878,Monitor,1,726.97,2024-12-26,Cancelled
1703,1875,Laptop,4,1261.06,2024-12-10,Completed
1704,1814,Headphones,4,647.91,2024-02-09,Cancelled
1705,1907,Headphones,3,1983.93,2024-02-24,Shipped
1706,1056,Mouse,4,322.1,2024-09-11,Shipped
1707,1356,Laptop,4,1068.16,2024-01-16,Shipped
1708,1729,Tablet,4,1678.7,2024-02-04,Pending
1709,1387,Laptop,4,1867.46,2024-05-28,Shipped
1710,1712,Tablet,2,1950.94,2024-06-18,Completed
1711,1644,Laptop,3,699.2,2024-01-04,Cancelled
1712,1087,Headphones,2,1320.09,2024-12-04,Completed
1713,1120,Laptop,1,1259.22,2024-01-15,Shipped
1714,1907,Mouse,1,150.65,2024-04-08,Cancelled
1715,1942,Keyboard,3,901.71,2024-10-12,Pending
1716,1579,Laptop,2,1398.28,2024-08-19,Pending
1717,1185,Phone,3,130.57,2024-07-13,Cancelled
1718,1375,Tablet,4,1310.29,2024-03-14,Pending
1719,1645,Mouse,4,1633.02,2024-09-09,Shipped
1720,1733,Monitor,3,596.48,2024-02-18,Pending
1721,1690,Laptop,4,569.68,2024-08-02,Shipped
1722,1216,Laptop,1,1675.14,2024-10-06,Shipped
1723,1757,Mouse,3,57.16,2024-08-04,Shipped
1724,1667,Keyboard,4,370.0,2024-12-12,Shipped
1725,1839,Keyboard,2,742.65,2024-02-08,Completed
1726,1970,Keyboard,1,229.23,2024-10-21,Shipped
1727,1454,Keyboard,4,1023.78,2024-12-12,Shipped
1728,1156,Monitor,2,1126.99,2024-11-15,Pending
1729,1979,Keyboard,3,739.92,2024-05-24,Completed
1730,1474,Tablet,1,1035.73,2024-07-02,Pending
1731,1505,Phone,3,1568.9,2024-08-12,Pending
1732,1450,Monitor,1,194.33,2024-05-04,Shipped
1733,1332,Headphones,4,587.75,2024-08-03,Shipped
1734,1683,Headphones,4,229.97,2024-12-17,Shipped
1735,1820,Mouse,3,899.02,2024-10-12,Shipped
1736,1707,Laptop,2,1056.14,2024-03-28,Shipped
1737,1700,Tablet,3,1003.73,2024-03-01,Shipped
1738,1822,Laptop,3,1715.93,2024-10-11,Pending
1739,1187,Monitor,4,186.99,2024-09-14,Pending
1740,1823,Monitor,4,351.32,2024-10-04,Completed
1741,1074,Tablet,4,1928.23,2024-06-28,Pending
1742,1622,Tablet,1,1022.47,2024-11-24,Cancelled
1743,1082,Mouse,2,1466.02,2024-12-19,Cancelled
1744,1516,Mouse,3,856.3,2024-02-18,Cancelled
1745,1474,Mouse,3,1370.14,2024-04-30,Cancelled
1746,1397,Laptop,1,1782.04,2024-08-05,Pending
1747,1658,Phone,2,403.03,2024-03-29,Completed
1748,1544,Phone,4,1447.85,2024-10-20,Cancelled
1749,1237,Tablet,3,1200.07,2024-05-19,Completed
1750,1706,Tablet,3,1860.27,2024-06-28,Shipped
1751,1274,Mouse,2,314.82,2024-07-16,Completed
1752,1656,Headphones,1,999.3,2024-09-04,Cancelled
1753,1193,Monitor,1,208.88,2024-05-23,Completed
1754,1256,Monitor,1,379.89,2024-08-27,Pending
1755,1673,Laptop,3,1582.9,2024-01-14,Pending
1756,1166,Headphones,3,1445.31,2024-05-14,Pending
1757,1246,Keyboard,4,1083.12,2024-11-23,Pending
1758,1733,Keyboard,3,1460.48,2024-08-21,Cancelled
1759,1350,Mouse,1,1316.53,2024-11-30,Pending
1760,1086,Headphones,1,1500.23,2024-03-15,Completed
1761,1942,Headphones,3,965.91,2024-01-01,Shipped
1762,1985,Mouse,1,741.08,2024-11-28,Completed
1763,1247,Tablet,2,1288.16,2024-09-26,Pending
1764,1226,Monitor,3,756.84,2024-01-17,Completed
1765,1416,Monitor,1,1014.61,2024-03-22,Shipped
1766,1937,Tablet,2,1106.89,2024-05-03,Pending
1767,1868,Headphones,2,988.05,2024-05-02,Cancelled
1768,1405,Headphones,2,194.98,2024-05-13,Shipped
1769,1572,Mouse,2,853.47,2024-08-24,Completed
1770,1600,Keyboard,4,793.12,2024-11-23,Shipped
1771,1434,Monitor,1,321.45,2024-02-01,Cancelled
1772,1171,Monitor,3,1062.6,2024-04-07,Pending
1773,1318,Monitor,4,1612.03,2024-09-25,Shipped
1774,1274,Keyboard,4,1766.86,2024-04-20,Shipped
1775,1476,Headphones,2,803.75,2024-06-12,Shipped
1776,1795,Laptop,4,1453.15,2024-11-02,Pending
1777,1350,Tablet,3,1736.27,2024-10-24,Completed
1778,1429,Phone,1,379.52,2024-09-28,Cancelled
1779,1065,Tablet,2,1655.17,2024-12-29,Cancelled
1780,1547,Tablet,4,363.21,2024-03-28,Pending
1781,1862,Tablet,4,452.68,2024-04-23,Shipped
1782,1490,Laptop,1,1917.35,2024-06-06,Shipped
1783,1547,Headphones,3,1118.6,2024-07-08,Pending
1784,1758,Mouse,3,1182.53,2024-04-24,Pending
1785,1158,Monitor,4,991.13,2024-12-12,Pending
1786,1800,Monitor,2,1277.69,2024-12-23,Pending
1787,1797,Keyboard,1,1642.1,2024-03-17,Completed
1788,1969,Tablet,4,888.21,2024-07-09,Shipped
1789,1167,Laptop,3,833.28,2024-12-14,Cancelled
1790,1655,Headphones,2,699.5,2024-11-10,Cancelled
1791,1755,Tablet,4,559.1,2024-01-06,Pending
1792,1254,Keyboard,1,1652.51,2024-02-22,Shipped
1793,1292,Phone,3,148.8,2024-01-17,Cancelled
1794,1646,Monitor,3,1213.79,2024-04-03,Cancelled
1795,1686,Headphones,4,1258.44,2024-04-19,Completed
1796,1739,Keyboard,4,722.49,2024-03-09,Cancelled
1797,1632,Headphones,3,1066.8,2024-01-25,Cancelled
1798,1743,Mouse,1,117.4,2024-08-29,Pending
1799,1896,Laptop,3,1832.36,2024-02-09,Pending
1800,1188,Laptop,4,1132.46,2024-03-22,Cancelled
1801,1145,Monitor,2,956.79,2024-11-05,Pending
1802,1935,Headphones,1,1915.44,2024-06-20,Shipped
1803,1405,Mouse,4,695.83,2024-05-16,Pending
1804,1665,Monitor,3,1805.9,2024-10-05,Shipped
1805,1328,Keyboard,2,381.44,2024-12-04,Pending
1806,1126,Tablet,3,1643.6,2024-05-12,Completed
1807,1640,Monitor,3,1432.43,2024-05-21,Completed
1808,1900,Monitor,1,1623.09,2024-01-08,Completed
1809,1028,Headphones,4,1446.2,2024-11-22,Completed
1810,1860,Headphones,2,1676.5,2024-12-18,Pending
1811,1361,Monitor,3,1037.65,2024-09-04,Pending
1812,1251,Tablet,4,843.14,2024-10-31,Completed
1813,1473,Headphones,4,744.81,2024-08-29,Completed
1814,1048,Tablet,1,891.16,2024-02-07,Shipped
1815,1798,Keyboard,2,1666.88,2024-03-27,Cancelled
1816,1294,Keyboard,2,61.49,2024-07-06,Pending
1817,1539,Monitor,2,1176.93,2024-03-05,Shipped
1818,1820,Monitor,3,1280.01,2024-02-09,Shipped
1819,1552,Laptop,4,1346.15,2024-01-30,Pending
1820,1340,Phone,4,393.41,2024-05-17,Pending
1821,1744,Headphones,2,1189.79,2024-02-07,Cancelled
1822,1193,Mouse,2,1845.0,2024-10-16,Pending
1823,1817,Phone,1,1318.11,2024-05-28,Shipped
1824,1997,Monitor,4,304.35,2024-05-21,Cancelled
1825,1245,Laptop,3,189.79,2024-08-20,Cancelled
1826,1565,Phone,4,830.19,2024-09-27,Shipped
1827,1627,Mouse,2,344.73,2024-03-09,Cancelled
1828,1757,Headphones,2,572.26,2024-08-28,Shipped
1829,1274,Phone,2,1992.69,2024-11-29,Shipped
1830,1179,Tablet,4,826.86,2024-10-27,Pending
1831,1979,Phone,4,393.46,2024-04-16,Completed
1832,1155,Laptop,3,187.08,2024-11-29,Pending
1833,1239,Laptop,1,315.36,2024-07-02,Cancelled
1834,1132,Laptop,1,1922.16,2024-01-23,Pending
1835,1430,Laptop,3,789.4,2024-01-11,Cancelled
1836,1144,Monitor,3,1980.82,2024-03-26,Cancelled
1837,1719,Tablet,1,908.98,2024-05-18,Shipped
1838,1023,Phone,4,1908.85,2024-03-08,Cancelled
1839,1388,Tablet,2,1270.07,2024-12-26,Cancelled
1840,1054,Mouse,2,803.77,2024-08-01,Pending
1841,1993,Keyboard,3,1096.71,2024-08-15,Cancelled
1842,1132,Keyboard,1,126.39,2024-12-13,Completed
1843,1716,Phone,2,631.49,2024-03-06,Completed
1844,1960,Keyboard,1,370.39,2024-07-19,Pending
1845,1521,Monitor,4,1817.06,2024-04-09,Completed
1846,1882,Headphones,3,997.12,2024-06-18,Completed
1847,1598,Tablet,2,119.7,2024-06-18,Pending
1848,1453,Tablet,4,1889.83,2024-09-05,Shipped
1849,1132,Laptop,4,1634.17,2024-05-03,Completed
1850,1090,Keyboard,2,405.73,2024-11-11,Shipped
1851,1179,Monitor,3,137.39,2024-06-26,Shipped
1852,1385,Mouse,4,1050.9,2024-08-22,Completed
1853,1168,Laptop,3,319.69,2024-11-29,Pending
1854,1642,Phone,3,524.79,2024-12-12,Shipped
1855,1791,Headphones,3,1050.26,2024-08-24,Completed
1856,1720,Tablet,4,1147.33,2024-09-11,Shipped
1857,1750,Tablet,1,1472.44,2024-01-24,Completed
1858,1260,Headphones,3,705.4,2024-05-27,Shipped
1859,1372,Headphones,3,892.65,2024-10-15,Pending
1860,1828,Tablet,3,1640.85,2024-07-10,Pending
1861,1484,Phone,2,826.02,2024-03-19,Pending
1862,1383,Tablet,2,433.15,2024-04-21,Shipped
1863,1405,Laptop,2,749.8,2024-07-17,Cancelled
1864,1866,Headphones,4,58.08,2024-07-31,Completed
1865,1583,Monitor,1,292.98,2024-05-08,Completed
1866,1787,Mouse,4,1815.19,2024-04-22,Pending
1867,1108,Tablet,2,1733.85,2024-11-15,Pending
1868,1976,Tablet,1,1612.9,2024-09-02,Pending
1869,1639,Headphones,1,1842.89,2024-12-08,Shipped
1870,1886,Phone,2,407.11,2024-04-27,Pending
1871,1060,Laptop,2,614.68,2024-11-21,Shipped
1872,1512,Phone,2,1291.69,2024-03-30,Cancelled
1873,1498,Headphones,3,1692.83,2024-05-12,Completed
1874,1908,Headphones,4,968.14,2024-11-05,Cancelled
1875,1657,Phone,4,157.99,2024-11-15,Cancelled
1876,1117,Tablet,4,734.82,2024-10-14,Shipped
1877,1117,Laptop,2,1242.97,2024-10-26,Completed
1878,1119,Mouse,3,704.12,2024-03-13,Shipped
1879,1223,Keyboard,3,1724.12,2024-09-20,Shipped
1880,1426,Keyboard,4,1043.9,2024-03-07,Completed
1881,1976,Laptop,3,1175.17,2024-04-06,Completed
1882,1425,Keyboard,4,347.95,2024-04-29,Shipped
1883,1106,Keyboard,4,1156.81,2024-07-16,Pending
1884,1746,Monitor,2,1337.51,2024-06-03,Pending
1885,1554,Monitor,1,840.71,2024-09-05,Cancelled
1886,1887,Keyboard,1,902.71,2024-04-21,Cancelled
1887,1982,Keyboard,3,298.11,2024-01-29,Pending
1888,1359,Phone,3,574.13,2024-07-22,Pending
1889,1439,Tablet,4,1499.18,2024-06-18,Shipped
1890,1055,Mouse,4,80.51,2024-12-18,Completed
1891,1377,Headphones,3,1154.03,2024-06-30,Shipped
1892,1605,Tablet,3,663.12,2024-12-24,Pending
1893,1857,Mouse,1,501.98,2024-04-13,Shipped
1894,1649,Headphones,2,1644.47,2024-07-13,Completed
1895,1427,Laptop,3,272.29,2024-12-27,Cancelled
1896,1602,Laptop,3,1613.22,2024-02-27,Pending
1897,1895,Tablet,2,402.34,2024-06-01,Pending
1898,1619,Keyboard,2,140.27,2024-06-08,Cancelled
1899,1511,Laptop,2,1210.9,2024-11-25,Pending
1900,1597,Phone,3,1560.82,2024-12-02,Completed
1901,1134,Phone,1,190.14,2024-05-07,Cancelled
1902,1018,Monitor,4,1198.02,2024-02-10,Completed
1903,1373,Phone,2,1128.25,2024-06-11,Cancelled
1904,1676,Monitor,2,1449.73,2024-06-18,Cancelled
1905,1761,Phone,1,1530.24,2024-12-20,Shipped
1906,1883,Tablet,2,1183.36,2024-12-27,Shipped
1907,1108,Mouse,2,1300.68,2024-03-05,Shipped
1908,1008,Keyboard,4,145.88,2024-09-19,Cancelled
1909,1374,Keyboard,1,1892.02,2024-02-01,Cancelled
1910,1861,Mouse,2,1373.45,2024-05-04,Completed
1911,1534,Headphones,1,324.38,2024-03-18,Completed
1912,1427,Laptop,1,1447.17,2024-03-29,Completed
1913,1420,Headphones,4,259.9,2024-07-12,Pending
1914,1335,Monitor,1,96.86,2024-02-16,Shipped
1915,1750,Monitor,1,122.82,2024-05-18,Completed
1916,1648,Keyboard,3,428.39,2024-08-06,Pending
1917,1698,Headphones,1,1157.51,2024-06-25,Shipped
1918,1091,Headphones,1,1388.48,2024-08-30,Completed
1919,1675,Laptop,3,970.84,2024-08-24,Cancelled
1920,1708,Headphones,2,1303.07,2024-09-23,Completed
1921,1120,Keyboard,3,1040.81,2024-01-08,Completed
1922,1632,Phone,1,743.1,2024-05-16,Shipped
1923,1044,Monitor,1,1895.78,2024-06-24,Pending
1924,1283,Keyboard,4,307.02,2024-01-07,Shipped
1925,1151,Phone,4,1308.13,2024-12-21,Shipped
1926,1214,Tablet,1,1896.68,2024-10-30,Shipped
1927,1820,Tablet,3,324.9,2024-10-17,Cancelled
1928,1103,Phone,3,1500.99,2024-10-21,Pending
1929,1433,Monitor,2,148.69,2024-07-30,Pending
1930,1895,Tablet,3,1083.28,2024-06-01,Shipped
1931,1801,Laptop,2,234.85,2024-07-26,Completed
1932,1695,Keyboard,3,1377.26,2024-09-10,Pending
1933,1702,Monitor,2,1652.74,2024-08-04,Pending
1934,1589,Monitor,4,555.3,2024-08-16,Completed
1935,1165,Keyboard,2,1575.51,2024-02-06,Pending
1936,1352,Tablet,3,1431.66,2024-07-29,Cancelled
1937,1342,Phone,1,308.5,2024-09-11,Completed
1938,1297,Phone,3,60.59,2024-05-09,Completed
1939,1789,Tablet,2,1239.66,2024-03-13,Cancelled
1940,1331,Headphones,3,1198.74,2024-09-14,Pending
1941,1576,Phone,2,930.9,2024-02-09,Pending
1942,1579,Tablet,1,1781.35,2024-10-22,Shipped
1943,1316,Keyboard,1,708.32,2024-01-21,Completed
1944,1720,Monitor,2,456.6,2024-12-31,Cancelled
1945,1465,Phone,2,626.24,2024-09-14,Cancelled
1946,1177,Keyboard,2,1306.54,2024-09-22,Shipped
1947,1015,Keyboard,2,623.66,2024-06-17,Cancelled
1948,1460,Laptop,3,430.55,2024-01-19,Shipped
1949,1184,Mouse,2,1489.48,2024-07-06,Cancelled
1950,1324,Mouse,3,248.67,2024-10-04,Pending
1951,1325,Tablet,4,1880.56,2024-05-25,Pending
1952,1244,Headphones,1,938.41,2024-03-04,Completed
1953,1982,Mouse,4,825.91,2024-01-30,Pending
1954,1940,Mouse,3,1614.93,2024-10-07,Completed
1955,1111,Laptop,1,219.1,2024-02-27,Shipped
1956,1278,Laptop,4,339.43,2024-09-12,Completed
1957,1685,Monitor,4,235.62,2024-07-01,Cancelled
1958,1311,Tablet,4,61.93,2024-03-29,Cancelled
1959,1891,Headphones,1,657.29,2024-11-23,Shipped
1960,1228,Keyboard,1,1547.23,2024-01-26,Completed
1961,1511,Laptop,1,1067.58,2024-11-13,Cancelled
1962,1343,Monitor,1,1277.44,2024-08-14,Shipped
1963,1509,Phone,1,1789.05,2024-12-31,Completed
1964,1124,Monitor,1,1657.87,2024-04-22,Pending
1965,1356,Tablet,3,1787.59,2024-01-27,Cancelled
1966,1447,Monitor,4,1740.44,2024-01-23,Pending
1967,1579,Phone,3,1372.83,2024-03-01,Pending
1968,1474,Phone,2,823.26,2024-07-06,Pending
1969,1242,Laptop,3,830.22,2024-06-28,Completed
1970,1379,Monitor,4,536.45,2024-02-14,Shipped
1971,1736,Phone,2,1624.61,2024-07-17,Shipped
1972,1240,Mouse,2,1685.77,2024-06-23,Completed
1973,1157,Tablet,2,1304.74,2024-08-12,Shipped
1974,1109,Monitor,4,550.32,2024-09-17,Cancelled
1975,1890,Headphones,2,83.5,2024-08-26,Cancelled
1976,1483,Keyboard,2,988.54,2024-08-02,Completed
1977,1314,Laptop,3,879.79,2024-04-29,Shipped
1978,1918,Headphones,3,555.62,2024-11-07,Cancelled
1979,1598,Monitor,4,512.29,2024-06-14,Completed
1980,1338,Laptop,3,1081.7,2024-06-06,Pending
1981,1636,Phone,3,1499.99,2024-09-05,Completed
1982,1788,Laptop,2,614.26,2024-07-29,Shipped
1983,1602,Headphones,1,1569.23,2024-08-14,Completed
1984,1438,Keyboard,1,184.48,2024-08-11,Shipped
1985,1058,Laptop,3,1566.52,2024-09-18,Cancelled
1986,1891,Monitor,4,1105.89,2024-07-20,Shipped
1987,1695,Headphones,1,119.64,2024-02-06,Completed
1988,1438,Phone,4,1714.21,2024-03-15,Cancelled
1989,1236,Tablet,1,1372.14,2024-12-05,Completed
1990,1923,Keyboard,2,1738.19,2024-02-26,Pending
1991,1681,Headphones,2,290.07,2024-06-23,Pending
1992,1335,Monitor,4,900.07,2024-07-17,Cancelled
1993,1008,Monitor,4,1636.68,2024-10-09,Completed
1994,1400,Monitor,4,352.92,2024-09-11,Pending
1995,1769,Headphones,2,1265.66,2024-03-14,Pending
1996,1333,Monitor,4,1377.01,2024-02-08,Shipped
1997,1443,Headphones,3,473.7,2024-10-06,Pending
1998,1505,Mouse,3,1239.62,2024-06-13,Pending
1999,1484,Mouse,4,1819.89,2024-02-15,Pending
2000,1233,Laptop,1,917.93,2024-10-24,Completed
2001,1379,Mouse,1,1306.68,2024-07-11,Cancelled
2002,1380,Mouse,3,381.52,2024-01-01,Shipped
2003,1269,Phone,1,117.76,2024-03-08,Completed
2004,1034,Laptop,3,1456.52,2024-12-29,Shipped
2005,1145,Laptop,1,225.68,2024-11-10,Pending
2006,1180,Phone,3,717.82,2024-06-09,Pending
2007,1733,Tablet,4,1877.79,2024-06-27,Completed
2008,1565,Tablet,3,1433.2,2024-06-30,Pending
2009,1520,Headphones,2,1203.73,2024-01-17,Shipped
2010,1357,Laptop,2,825.44,2024-12-26,Cancelled
2011,1693,Phone,2,1318.34,2024-10-18,Completed
2012,1447,Monitor,1,872.41,2024-03-26,Shipped
2013,1175,Laptop,4,1112.37,2024-06-10,Shipped
2014,1668,Headphones,1,1032.63,2024-10-11,Cancelled
2015,1770,Tablet,1,479.72,2024-03-22,Cancelled
2016,1426,Phone,4,1689.71,2024-05-23,Cancelled
2017,1141,Headphones,1,1978.24,2024-03-05,Completed
2018,1363,Tablet,2,581.09,2024-03-04,Cancelled
2019,1763,Tablet,1,1286.99,2024-08-07,Completed
2020,1229,Monitor,4,1368.45,2024-11-08,Cancelled
2021,1317,Monitor,1,1477.22,2024-09-23,Shipped
2022,1787,Tablet,1,1520.84,2024-06-23,Shipped
2023,1818,Phone,4,1982.88,2024-10-15,Completed
2024,1715,Mouse,2,377.67,2024-11-03,Shipped
2025,1696,Tablet,3,257.48,2024-07-12,Cancelled
2026,1909,Monitor,4,501.23,2024-02-26,Shipped
2027,1881,Keyboard,1,61.17,2024-07-10,Shipped
2028,1752,Laptop,4,550.44,2024-09-05,Shipped
2029,1484,Phone,3,694.12,2024-06-15,Pending
2030,1324,Keyboard,2,1590.74,2024-04-02,Completed
2031,1249,Phone,2,753.61,2024-10-12,Completed
2032,1762,Tablet,3,1790.18,2024-12-13,Pending
2033,1269,Mouse,1,500.15,2024-10-07,Completed
2034,1761,Monitor,2,1072.31,2024-04-29,Completed
2035,1652,Mouse,3,1526.21,2024-12-05,Cancelled
2036,1295,Headphones,4,335.07,2024-11-25,Completed
2037,1357,Monitor,3,351.52,2024-07-01,Cancelled
2038,1355,Keyboard,3,1064.71,2024-10-26,Shipped
2039,1767,Headphones,1,1144.42,2024-08-23,Pending
2040,1977,Keyboard,3,237.73,2024-01-03,Completed
2041,1664,Laptop,3,759.9,2024-12-25,Cancelled
2042,1627,Monitor,4,791.08,2024-04-09,Completed
2043,1544,Headphones,4,1044.99,2024-07-26,Shipped
2044,1593,Headphones,2,90.43,2024-09-26,Completed
2045,1842,Phone,2,164.02,2024-10-08,Completed
2046,1243,Phone,1,374.18,2024-01-30,Completed
2047,1439,Phone,4,278.71,2024-09-11,Cancelled
2048,1453,Monitor,3,1671.78,2024-08-02,Shipped
2049,1648,Phone,3,999.24,2024-06-04,Pending
2050,1582,Headphones,1,713.38,2024-12-09,Shipped
2051,1592,Mouse,3,998.97,2024-03-19,Pending
2052,1409,Headphones,4,283.75,2024-07-22,Shipped
2053,1865,Keyboard,1,734.5,2024-07-12,Completed
2054,1371,Keyboard,4,1381.98,2024-10-30,Shipped
2055,1117,Tablet,1,1765.71,2024-01-07,Shipped
2056,1090,Keyboard,1,108.46,2024-07-26,Completed
2057,1406,Keyboard,2,1202.7,2024-08-17,Completed
2058,1657,Monitor,2,1394.81,2024-12-24,Completed
2059,1812,Monitor,1,261.81,2024-07-09,Cancelled
2060,1757,Headphones,3,206.92,2024-03-20,Cancelled
2061,1610,Phone,3,1785.56,2024-01-01,Shipped
2062,1642,Monitor,2,1663.67,2024-09-10,Shipped
2063,1456,Mouse,4,302.7,2024-02-01,Completed
2064,1738,Phone,1,499.2,2024-10-27,Shipped
2065,1516,Mouse,2,147.82,2024-04-12,Pending
2066,1766,Laptop,2,687.34,2024-01-15,Completed
2067,1278,Tablet,1,1900.77,2024-01-29,Completed
2068,1878,Phone,2,847.89,2024-03-12,Cancelled
2069,1866,Mouse,4,1506.81,2024-12-28,Shipped
2070,1421,Monitor,3,1301.54,2024-10-03,Shipped
2071,1575,Laptop,2,1254.5,2024-08-12,Completed
2072,1127,Phone,3,354.9,2024-03-02,Pending
2073,1049,Mouse,3,1604.4,2024-01-09,Completed
2074,1938,Mouse,4,927.37,2024-07-20,Cancelled
2075,1465,Phone,4,1986.98,2024-06-19,Shipped
2076,1873,Headphones,1,1545.08,2024-06-24,Completed
2077,1233,Headphones,1,142.04,2024-06-08,Cancelled
2078,1589,Mouse,4,561.44,2024-11-19,Completed
2079,1406,Laptop,2,1905.8,2024-07-28,Cancelled
2080,1926,Mouse,1,171.22,2024-05-17,Pending
2081,1509,Monitor,4,384.91,2024-05-19,Cancelled
2082,1720,Laptop,4,163.26,2024-02-29,Pending
2083,1519,Headphones,2,732.63,2024-11-19,Shipped
2084,1824,Mouse,1,1857.44,2024-02-06,Completed
2085,1413,Monitor,1,1237.17,2024-11-28,Shipped
2086,1228,Monitor,4,1830.46,2024-02-22,Completed
2087,1949,Mouse,2,350.85,2024-07-27,Shipped
2088,1176,Mouse,3,1664.02,2024-03-15,Completed
2089,1873,Laptop,4,545.26,2024-05-08,Cancelled
2090,1681,Monitor,1,1382.78,2024-10-10,Cancelled
2091,1333,Phone,2,1622.68,2024-02-08,Shipped
2092,1847,Phone,1,707.78,2024-05-21,Shipped
2093,1633,Tablet,3,1714.1,2024-11-28,Pending
2094,1008,Keyboard,2,391.6,2024-03-26,Shipped
2095,1361,Monitor,2,1678.28,2024-09-16,Pending
2096,1183,Tablet,4,1832.66,2024-10-02,Shipped
2097,1236,Phone,3,1699.97,2024-03-12,Shipped
2098,1209,Mouse,1,610.69,2024-07-19,Cancelled
2099,1773,Monitor,2,1905.08,2024-03-28,Cancelled
2100,1563,Laptop,2,1876.95,2024-04-14,Shipped
2101,1334,Headphones,1,1927.92,2024-12-21,Pending
2102,1633,Headphones,2,1410.87,2024-04-28,Completed
2103,1991,Mouse,2,894.99,2024-11-27,Shipped
2104,1711,Monitor,1,1557.29,2024-08-26,Shipped
2105,1068,Phone,2,633.22,2024-02-04,Cancelled
2106,1052,Mouse,1,1601.24,2024-07-30,Pending
2107,1046,Keyboard,1,1374.72,2024-10-16,Cancelled
2108,1959,Keyboard,2,1705.44,2024-01-22,Pending
2109,1694,Mouse,1,122.81,2024-11-10,Shipped
2110,1279,Headphones,1,1648.21,2024-09-15,Pending
2111,1929,Keyboard,2,102.21,2024-02-17,Shipped
2112,1022,Laptop,1,1371.5,2024-03-19,Cancelled
2113,1011,Phone,3,572.51,2024-02-07,Completed
2114,1323,Laptop,1,836.25,2024-03-03,Shipped
2115,1431,Headphones,3,188.82,2024-08-13,Cancelled
2116,1476,Laptop,1,1458.91,2024-11-14,Shipped
2117,1981,Tablet,2,764.56,2024-01-22,Completed
2118,1953,Keyboard,3,1513.98,2024-01-08,Cancelled
2119,1986,Headphones,2,1071.57,2024-11-28,Completed
2120,1104,Monitor,4,1993.03,2024-08-06,Completed
2121,1660,Headphones,1,1027.84,2024-12-19,Shipped
2122,1934,Phone,3,817.12,2024-04-19,Pending
2123,1058,Monitor,2,827.03,2024-04-05,Pending
2124,1921,Phone,4,1409.82,2024-09-19,Cancelled
2125,1254,Laptop,2,1456.07,2024-07-28,Pending
2126,1765,Monitor,1,101.43,2024-04-06,Completed
2127,1765,Keyboard,1,850.16,2024-01-26,Cancelled
2128,1006,Mouse,4,1806.97,2024-03-25,Shipped
2129,1410,Keyboard,2,1656.7,2024-02-11,Pending
2130,1363,Mouse,4,1615.37,2024-01-24,Pending
2131,1853,Laptop,2,99.49,2024-05-08,Cancelled
2132,1249,Laptop,3,614.3,2024-09-20,Pending
2133,1033,Phone,4,1642.23,2024-10-03,Shipped
2134,1474,Laptop,1,530.65,2024-08-20,Pending
2135,1754,Laptop,3,1433.09,2024-01-31,Completed
2136,1141,Phone,2,1497.13,2024-04-05,Shipped
2137,1256,Phone,2,1474.53,2024-09-05,Shipped
2138,1474,Monitor,2,1599.52,2024-03-23,Cancelled
2139,1650,Keyboard,4,355.08,2024-05-01,Cancelled
2140,1900,Mouse,2,278.54,2024-10-18,Cancelled
2141,1342,Phone,1,491.79,2024-04-11,Shipped
2142,1945,Headphones,3,1388.57,2024-02-04,Cancelled
2143,1215,Phone,4,1810.55,2024-08-20,Completed
2144,1670,Monitor,4,1454.5,2024-08-01,Pending
2145,1310,Headphones,4,1221.41,2024-03-18,Pending
2146,1785,Tablet,3,273.48,2024-08-01,Shipped
2147,1531,Monitor,4,1862.98,2024-07-28,Cancelled
2148,1898,Mouse,1,1795.21,2024-11-21,Pending
2149,1479,Phone,1,1671.9,2024-08-26,Completed
2150,1063,Keyboard,2,1057.15,2024-06-19,Completed
2151,1008,Tablet,3,1235.84,2024-11-19,Completed
2152,1763,Headphones,2,1672.29,2024-08-04,Completed
2153,1770,Laptop,4,1774.22,2024-11-25,Cancelled
2154,1337,Laptop,2,1013.54,2024-04-23,Shipped
2155,1200,Headphones,2,873.14,2024-09-05,Cancelled
2156,1581,Monitor,3,340.44,2024-01-26,Shipped
2157,1132,Keyboard,2,450.81,2024-04-10,Cancelled
2158,1177,Tablet,4,84.77,2024-06-15,Pending
2159,1942,Laptop,2,1556.89,2024-08-17,Pending
2160,1532,Phone,4,82.75,2024-02-22,Shipped
2161,1711,Phone,3,1633.52,2024-08-08,Completed
2162,1715,Monitor,1,771.48,2024-08-08,Shipped
2163,1561,Mouse,4,630.43,2024-03-29,Cancelled
2164,1804,Phone,3,721.42,2024-03-07,Pending
2165,1792,Keyboard,2,644.29,2024-03-23,Cancelled
2166,1360,Laptop,1,722.26,2024-09-14,Shipped
2167,1153,Mouse,4,1423.32,2024-12-04,Completed
2168,1539,Headphones,3,81.05,2024-05-20,Pending
2169,1465,Laptop,3,963.25,2024-07-10,Cancelled
2170,1131,Tablet,3,995.01,2024-01-01,Shipped
2171,1035,Mouse,1,1615.87,2024-12-16,Completed
2172,1189,Headphones,2,1366.31,2024-09-23,Pending
2173,1145,Keyboard,3,1851.27,2024-07-19,Pending
2174,1371,Tablet,2,1011.62,2024-03-01,Pending
2175,1791,Monitor,2,1081.46,2024-03-22,Pending
2176,1679,Mouse,2,98.41,2024-02-20,Cancelled
2177,1314,Mouse,2,885.85,2024-12-08,Shipped
2178,1156,Tablet,3,1617.91,2024-01-19,Completed
2179,1417,Phone,1,551.92,2024-09-12,Cancelled
2180,1147,Monitor,3,273.6,2024-01-07,Cancelled
2181,1700,Tablet,3,782.67,2024-12-12,Shipped
2182,1207,Laptop,3,1413.38,2024-10-28,Pending
2183,1678,Tablet,3,876.13,2024-02-20,Cancelled
2184,1071,Laptop,3,314.52,2024-02-06,Completed
2185,1449,Mouse,4,1315.12,2024-12-22,Shipped
2186,1053,Tablet,3,653.56,2024-08-24,Pending
2187,1040,Laptop,2,1260.38,2024-07-14,Pending
2188,1569,Mouse,3,1489.42,2024-04-06,Shipped
2189,1970,Laptop,3,1395.13,2024-06-13,Cancelled
2190,1958,Headphones,2,1077.22,2024-10-20,Pending
2191,1377,Tablet,3,1778.54,2024-11-01,Pending
2192,1828,Mouse,1,1905.66,2024-08-22,Pending
2193,1996,Mouse,4,329.76,2024-06-30,Pending
2194,1231,Tablet,1,249.29,2024-01-31,Cancelled
2195,1994,Keyboard,2,1921.95,2024-10-14,Completed
2196,1481,Headphones,4,1522.95,2024-12-26,Cancelled
2197,1296,Headphones,2,983.13,2024-04-28,Completed
2198,1083,Phone,3,747.1,2024-07-24,Cancelled
2199,1980,Monitor,2,1557.31,2024-07-04,Cancelled
2200,1468,Mouse,2,1593.48,2024-07-15,Shipped
2201,1858,Keyboard,4,1870.83,2024-08-20,Cancelled
2202,1248,Mouse,1,467.78,2024-06-21,Shipped
2203,1736,Mouse,4,1164.91,2024-09-26,Pending
2204,1370,Tablet,1,1243.14,2024-06-25,Shipped
2205,1236,Laptop,4,1427.78,2024-03-16,Pending
2206,1494,Mouse,4,995.26,2024-07-20,Shipped
2207,1280,Headphones,1,350.71,2024-11-06,Completed
2208,1979,Monitor,3,1601.67,2024-05-05,Completed
2209,1555,Keyboard,3,341.72,2024-05-25,Completed
2210,1224,Monitor,1,597.67,2024-02-01,Cancelled
2211,1385,Laptop,3,657.17,2024-08-04,Pending
2212,1585,Keyboard,2,989.94,2024-03-16,Cancelled
2213,1933,Tablet,2,97.72,2024-08-24,Cancelled
2214,1878,Mouse,2,1571.73,2024-12-24,Shipped
2215,1657,Tablet,2,1223.89,2024-03-22,Cancelled
2216,1234,Mouse,2,486.67,2024-06-15,Pending
2217,1424,Laptop,3,1728.62,2024-07-05,Completed
2218,1124,Tablet,3,583.37,2024-02-29,Cancelled
2219,1774,Tablet,2,70.03,2024-07-23,Pending
2220,1456,Keyboard,2,203.31,2024-09-12,Pending
2221,1568,Keyboard,1,150.14,2024-01-27,Pending
2222,1791,Phone,1,1157.54,2024-05-04,Completed
2223,1011,Laptop,4,1140.59,2024-04-28,Pending
2224,1697,Monitor,4,122.23,2024-04-26,Completed
2225,1828,Phone,3,767.34,2024-08-16,Cancelled
2226,1049,Monitor,2,632.39,2024-01-15,Shipped
2227,1033,Laptop,1,1903.58,2024-01-23,Completed
2228,1225,Laptop,3,692.39,2024-01-26,Cancelled
2229,1529,Tablet,2,252.49,2024-08-14,Pending
2230,1730,Monitor,4,1997.46,2024-12-21,Cancelled
2231,1137,Headphones,3,1831.47,2024-10-26,Cancelled
2232,1686,Headphones,1,903.77,2024-05-05,Cancelled
2233,1320,Keyboard,3,326.83,2024-11-27,Cancelled
2234,1246,Mouse,2,390.33,2024-07-02,Pending
2235,1800,Headphones,2,1060.01,2024-02-17,Shipped
2236,1606,Headphones,1,1318.12,2024-05-30,Shipped
2237,1228,Keyboard,3,681.23,2024-01-09,Completed
2238,1986,Mouse,1,583.24,2024-08-22,Shipped
2239,1435,Phone,1,195.12,2024-01-17,Shipped
2240,1981,Monitor,1,286.6,2024-11-10,Shipped
2241,1902,Tablet,1,766.7,2024-10-04,Pending
2242,1331,Headphones,4,1458.65,2024-11-04,Completed
2243,1379,Laptop,3,1731.67,2024-10-29,Pending
2244,1047,Monitor,4,706.14,2024-01-25,Shipped
2245,1300,Keyboard,1,447.74,2024-01-25,Cancelled
2246,1622,Headphones,3,487.89,2024-07-09,Shipped
2247,1591,Monitor,1,1451.76,2024-08-16,Cancelled
2248,1755,Monitor,1,817.98,2024-03-12,Pending
2249,1986,Mouse,4,967.14,2024-04-30,Shipped
2250,1045,Mouse,2,544.12,2024-12-04,Cancelled
2251,1073,Keyboard,3,389.31,2024-12-13,Shipped
2252,1255,Laptop,1,105.78,2024-10-17,Completed
2253,1209,Laptop,2,1138.44,2024-12-24,Shipped
2254,1232,Mouse,2,1088.33,2024-06-18,Pending
2255,1460,Tablet,2,1451.89,2024-11-20,Completed
2256,1098,Keyboard,2,1358.06,2024-07-27,Pending
2257,1173,Laptop,4,1386.43,2024-03-16,Shipped
2258,1476,Tablet,1,1607.55,2024-04-12,Completed
2259,1394,Laptop,1,1898.23,2024-01-22,Cancelled
2260,1081,Mouse,3,1379.72,2024-12-29,Completed
2261,1305,Mouse,2,1404.11,2024-08-09,Completed
2262,1479,Laptop,3,1813.66,2024-12-20,Completed
2263,1177,Laptop,2,1482.89,2024-10-09,Completed
2264,1185,Monitor,2,882.85,2024-02-16,Completed
2265,1359,Headphones,4,1376.99,2024-09-22,Shipped
2266,1180,Monitor,4,1186.13,2024-11-09,Pending
2267,1857,Keyboard,4,1296.04,2024-07-22,Pending
2268,1058,Tablet,2,460.86,2024-01-10,Pending
2269,1354,Monitor,1,1386.16,2024-11-29,Cancelled
2270,1829,Monitor,2,1766.73,2024-03-05,Cancelled
2271,1494,Mouse,2,555.71,2024-08-30,Completed
2272,1212,Keyboard,3,1037.06,2024-08-26,Pending
2273,1342,Mouse,4,1032.76,2024-07-11,Completed
2274,1022,Monitor,2,1518.74,2024-09-26,Shipped
2275,1126,Phone,3,400.1,2024-10-13,Pending
2276,1624,Tablet,2,422.09,2024-12-24,Completed
2277,1838,Headphones,3,405.68,2024-09-17,Completed
2278,1136,Laptop,3,1310.04,2024-09-27,Shipped
2279,1026,Tablet,1,718.1,2024-04-25,Pending
2280,1674,Monitor,1,523.41,2024-11-21,Shipped
2281,1600,Mouse,3,1253.12,2024-03-25,Completed
2282,1650,Tablet,2,389.22,2024-12-18,Completed
2283,1138,Mouse,2,1826.32,2024-04-20,Pending
2284,1835,Laptop,2,1794.81,2024-06-12,Shipped
2285,1380,Tablet,1,1967.89,2024-08-17,Completed
2286,1683,Monitor,2,1725.87,2024-09-14,Shipped
2287,1260,Headphones,3,433.84,2024-11-21,Pending
2288,1629,Laptop,3,709.79,2024-03-02,Shipped
2289,1858,Headphones,4,814.21,2024-08-18,Pending
2290,1110,Phone,1,634.24,2024-11-17,Shipped
2291,1164,Headphones,1,1535.95,2024-01-11,Pending
2292,1192,Monitor,4,331.81,2024-03-01,Cancelled
2293,1949,Monitor,1,621.0,2024-10-28,Cancelled
2294,1151,Keyboard,3,1119.8,2024-08-23,Shipped
2295,1946,Mouse,3,1936.33,2024-09-10,Shipped
2296,1960,Tablet,2,251.08,2024-08-31,Pending
2297,1102,Mouse,3,695.9,2024-03-25,Cancelled
2298,1749,Phone,3,1276.23,2024-12-29,Completed
2299,1924,Phone,2,541.24,2024-08-23,Cancelled
2300,1706,Phone,3,985.33,2024-10-10,Shipped
2301,1582,Headphones,2,817.79,2024-12-25,Shipped
2302,1864,Mouse,4,509.74,2024-12-01,Completed
2303,1302,Laptop,2,1812.26,2024-11-13,Shipped
2304,1833,Tablet,1,444.05,2024-07-16,Shipped
2305,1358,Laptop,1,1112.09,2024-10-19,Cancelled
2306,1908,Tablet,3,1099.96,2024-08-21,Shipped
2307,1611,Tablet,3,1420.31,2024-09-06,Completed
2308,1002,Mouse,3,1431.63,2024-03-19,Pending
2309,1929,Tablet,4,1346.32,2024-09-08,Shipped
2310,1586,Mouse,4,1226.98,2024-06-10,Completed
2311,1299,Headphones,4,1750.88,2024-12-04,Cancelled
2312,1573,Laptop,2,373.92,2024-02-12,Shipped
2313,1180,Headphones,4,147.8,2024-07-16,Cancelled
2314,1225,Monitor,1,1980.66,2024-06-17,Pending
2315,1898,Headphones,3,716.48,2024-12-11,Completed
2316,1146,Monitor,3,318.9,2024-08-15,Cancelled
2317,1034,Laptop,2,1933.7,2024-09-14,Shipped
2318,1656,Monitor,1,178.78,2024-10-19,Shipped
2319,1486,Headphones,3,209.72,2024-06-13,Cancelled
2320,1180,Phone,4,1483.9,2024-12-12,Pending
2321,1829,Laptop,3,562.88,2024-05-12,Cancelled
2322,1754,Laptop,3,602.2,2024-10-25,Shipped
2323,1935,Headphones,1,846.14,2024-09-28,Cancelled
2324,1298,Monitor,1,218.03,2024-04-28,Pending
2325,1630,Tablet,3,396.56,2024-12-17,Shipped
2326,1347,Headphones,3,266.09,2024-08-18,Cancelled
2327,1774,Headphones,4,1511.33,2024-03-12,Cancelled
2328,1104,Tablet,4,918.01,2024-09-06,Completed
2329,1633,Phone,4,206.9,2024-11-24,Cancelled
2330,1625,Laptop,1,1688.33,2024-02-03,Shipped
2331,1700,Mouse,1,1718.82,2024-01-09,Shipped
2332,1201,Mouse,3,1173.38,2024-12-08,Completed
2333,1696,Headphones,2,213.18,2024-11-12,Cancelled
2334,1513,Headphones,1,212.42,2024-03-22,Completed
2335,1922,Mouse,2,1434.08,2024-11-17,Pending
2336,1531,Phone,1,1625.13,2024-06-05,Pending
2337,1775,Keyboard,2,1331.92,2024-05-08,Cancelled
2338,1100,Headphones,3,1244.85,2024-03-22,Pending
2339,1266,Phone,1,1240.3,2024-05-03,Completed
2340,1975,Headphones,1,1539.12,2024-10-04,Pending
2341,1512,Phone,1,415.38,2024-05-24,Shipped
2342,1017,Keyboard,1,1260.63,2024-03-10,Shipped
2343,1528,Tablet,2,150.51,2024-11-06,Completed
2344,1126,Keyboard,4,1638.69,2024-06-02,Shipped
2345,1643,Mouse,2,92.66,2024-08-22,Completed
2346,1604,Monitor,4,672.65,2024-02-25,Cancelled
2347,1513,Headphones,2,825.98,2024-03-13,Shipped
2348,1280,Tablet,1,944.6,2024-08-26,Completed
2349,1557,Mouse,1,1876.52,2024-04-18,Cancelled
2350,1705,Headphones,1,231.71,2024-04-05,Shipped
2351,1649,Phone,4,1417.65,2024-09-17,Shipped
2352,1239,Headphones,3,1001.76,2024-02-10,Shipped
2353,1608,Keyboard,1,760.96,2024-02-08,Shipped
2354,1077,Monitor,4,401.81,2024-04-23,Cancelled
2355,1444,Mouse,4,1956.79,2024-02-15,Cancelled
2356,1998,Tablet,1,785.28,2024-06-01,Shipped
2357,1081,Tablet,2,836.36,2024-03-11,Shipped
2358,1049,Laptop,2,342.66,2024-05-30,Shipped
2359,1283,Keyboard,1,1642.2,2024-10-14,Completed
2360,1006,Monitor,1,806.92,2024-09-25,Shipped
2361,1511,Keyboard,3,1460.98,2024-01-21,Cancelled
2362,1841,Phone,1,1718.64,2024-08-25,Completed
2363,1614,Tablet,1,1081.98,2024-04-05,Pending
2364,1110,Phone,4,709.09,2024-08-21,Cancelled
2365,1694,Laptop,1,1547.0,2024-09-01,Pending
2366,1962,Laptop,1,644.69,2024-01-01,Pending
2367,1890,Keyboard,1,300.78,2024-09-29,Completed
2368,1947,Monitor,3,1181.73,2024-07-14,Completed
2369,1721,Monitor,2,1842.37,2024-06-26,Shipped
2370,1902,Keyboard,4,1239.3,2024-01-09,Pending
2371,1206,Phone,1,483.12,2024-06-02,Shipped
2372,1457,Keyboard,1,1820.22,2024-04-11,Cancelled
2373,1914,Tablet,3,1010.95,2024-04-14,Cancelled
2374,1395,Phone,1,147.97,2024-07-18,Completed
2375,1064,Monitor,3,203.41,2024-03-04,Pending
2376,1969,Tablet,4,1927.11,2024-11-04,Shipped
2377,1067,Mouse,3,373.69,2024-12-06,Completed
2378,1606,Phone,2,1085.49,2024-05-19,Completed
2379,1401,Keyboard,3,1845.75,2024-08-30,Cancelled
2380,1237,Phone,3,886.99,2024-03-08,Shipped
2381,1458,Tablet,1,1539.97,2024-05-09,Pending
2382,1047,Keyboard,4,1168.73,2024-11-23,Shipped
2383,1080,Monitor,2,390.2,2024-10-18,Cancelled
2384,1465,Monitor,2,401.12,2024-09-27,Shipped
2385,1879,Monitor,4,124.44,2024-09-30,Cancelled
2386,1293,Tablet,3,1237.96,2024-01-31,Pending
2387,1933,Headphones,1,624.82,2024-10-26,Completed
2388,1527,Monitor,2,296.79,2024-04-01,Cancelled
2389,1352,Phone,2,1535.6,2024-06-11,Shipped
2390,1911,Phone,3,1092.05,2024-10-25,Pending
2391,1052,Headphones,3,1483.0,2024-04-27,Completed
2392,1616,Laptop,4,966.52,2024-09-28,Pending
2393,1185,Laptop,4,710.91,2024-10-09,Shipped
2394,1478,Monitor,4,561.88,2024-12-18,Shipped
2395,1477,Mouse,1,1856.24,2024-11-13,Pending
2396,1285,Mouse,3,1093.4,2024-08-06,Cancelled
2397,1565,Monitor,1,654.7,2024-04-23,Pending
2398,1164,Laptop,1,1159.04,2024-05-17,Pending
2399,1556,Laptop,1,157.2,2024-06-28,Pending
2400,1371,Keyboard,3,843.04,2024-12-01,Cancelled
2401,1672,Monitor,4,1492.52,2024-07-26,Cancelled
2402,1651,Mouse,2,1118.12,2024-03-16,Pending
2403,1702,Tablet,3,1153.05,2024-06-05,Completed
2404,1287,Monitor,3,504.31,2024-12-07,Cancelled
2405,1639,Keyboard,2,648.17,2024-12-11,Cancelled
2406,1283,Monitor,4,597.54,2024-12-29,Shipped
2407,1871,Phone,2,201.64,2024-02-16,Cancelled
2408,1022,Mouse,3,1379.65,2024-05-28,Pending
2409,1111,Monitor,4,450.24,2024-10-16,Cancelled
2410,1165,Keyboard,4,1865.44,2024-03-31,Shipped
2411,1831,Keyboard,3,1721.54,2024-04-08,Pending
2412,1344,Tablet,2,1219.82,2024-04-18,Cancelled
2413,1334,Laptop,3,1500.79,2024-07-23,Cancelled
2414,1911,Monitor,3,1738.28,2024-03-10,Cancelled
2415,1108,Tablet,1,828.28,2024-04-04,Cancelled
2416,1231,Phone,2,1841.28,2024-05-03,Cancelled
2417,1134,Laptop,4,1067.39,2024-10-12,Cancelled
2418,1244,Tablet,1,1470.15,2024-09-30,Pending
2419,1785,Monitor,2,1142.28,2024-01-20,Completed
2420,1249,Monitor,2,531.79,2024-03-07,Shipped
2421,1827,Mouse,2,1617.29,2024-11-14,Shipped
2422,1131,Phone,4,178.49,2024-03-22,Pending
2423,1905,Tablet,3,839.2,2024-10-16,Pending
2424,1208,Phone,2,58.0,2024-12-06,Pending
2425,1098,Phone,4,1666.0,2024-02-01,Shipped
2426,1003,Phone,3,1306.16,2024-07-16,Shipped
2427,1757,Phone,1,314.92,2024-04-28,Shipped
2428,1281,Monitor,2,1203.35,2024-03-23,Shipped
2429,1306,Keyboard,3,742.51,2024-10-13,Pending
2430,1213,Tablet,4,1594.05,2024-11-11,Completed
2431,1974,Phone,2,204.16,2024-02-23,Cancelled
2432,1106,Phone,1,822.67,2024-11-01,Shipped
2433,1899,Keyboard,2,923.45,2024-05-13,Pending
2434,1029,Keyboard,1,1261.18,2024-12-12,Pending
2435,1246,Tablet,1,1577.7,2024-03-19,Completed
2436,1808,Mouse,2,441.66,2024-04-07,Shipped
2437,1347,Headphones,3,1042.93,2024-02-28,Shipped
2438,1370,Mouse,2,1140.17,2024-12-21,Shipped
2439,1992,Phone,2,364.68,2024-08-14,Cancelled
2440,1666,Laptop,4,1206.29,2024-12-12,Completed
2441,1128,Tablet,4,1001.31,2024-07-20,Pending
2442,1882,Monitor,3,977.54,2024-06-12,Pending
2443,1033,Laptop,2,499.86,2024-11-21,Shipped
2444,1623,Monitor,3,1088.43,2024-08-10,Pending
2445,1418,Mouse,2,1229.18,2024-11-12,Cancelled
2446,1592,Mouse,3,1121.42,2024-11-08,Pending
2447,1530,Tablet,4,1997.38,2024-07-22,Cancelled
2448,1021,Monitor,1,683.02,2024-07-19,Pending
2449,1891,Keyboard,1,1779.72,2024-06-23,Pending
2450,1627,Laptop,3,375.47,2024-11-03,Shipped
2451,1703,Tablet,2,578.69,2024-02-14,Cancelled
2452,1291,Laptop,4,1910.86,2024-05-25,Pending
2453,1461,Laptop,4,1895.19,2024-05-05,Completed
2454,1233,Mouse,3,1178.43,2024-12-03,Pending
2455,1063,Headphones,2,1069.36,2024-07-26,Shipped
2456,1672,Phone,3,1646.53,2024-05-29,Pending
2457,1169,Phone,4,1522.98,2024-03-21,Completed
2458,1508,Tablet,3,453.19,2024-08-04,Completed
2459,1036,Keyboard,4,1953.33,2024-02-23,Shipped
2460,1143,Monitor,4,1329.13,2024-04-08,Shipped
2461,1907,Tablet,3,868.58,2024-10-16,Pending
2462,1306,Monitor,2,430.36,2024-04-11,Cancelled
2463,1362,Tablet,4,1159.6,2024-10-15,Shipped
2464,1594,Phone,3,856.85,2024-10-12,Cancelled
2465,1848,Keyboard,4,1642.01,2024-02-20,Pending
2466,1843,Mouse,2,1887.16,2024-10-26,Shipped
2467,1966,Tablet,1,821.54,2024-07-13,Cancelled
2468,1939,Mouse,2,1372.05,2024-03-23,Shipped
2469,1696,Headphones,1,810.16,2024-11-25,Pending
2470,1120,Mouse,4,231.69,2024-01-13,Shipped
2471,1535,Headphones,1,534.71,2024-09-01,Cancelled
2472,1865,Phone,3,484.41,2024-07-10,Completed
2473,1574,Laptop,1,1825.88,2024-05-05,Cancelled
2474,1520,Keyboard,2,1050.39,2024-08-18,Completed
2475,1584,Tablet,3,1580.28,2024-08-25,Shipped
2476,1271,Phone,1,1385.55,2024-09-04,Cancelled
2477,1598,Monitor,3,138.13,2024-08-02,Completed
2478,1640,Mouse,3,1314.09,2024-10-25,Shipped
2479,1789,Mouse,1,1865.2,2024-06-22,Cancelled
2480,1686,Laptop,3,648.88,2024-01-11,Pending
2481,1492,Headphones,3,1174.52,2024-08-19,Completed
2482,1577,Tablet,1,100.51,2024-06-10,Shipped
2483,1843,Mouse,1,1733.22,2024-07-12,Shipped
2484,1775,Headphones,1,994.05,2024-08-09,Cancelled
2485,1063,Tablet,2,1546.66,2024-08-19,Pending
2486,1642,Phone,4,946.02,2024-03-15,Cancelled
2487,1461,Laptop,3,487.93,2024-12-04,Pending
2488,1979,Laptop,4,504.99,2024-07-30,Cancelled
2489,1719,Laptop,1,1482.08,2024-04-12,Cancelled
2490,1809,Tablet,2,514.29,2024-11-09,Pending
2491,1317,Keyboard,1,214.15,2024-02-01,Cancelled
2492,1741,Mouse,3,1029.33,2024-09-10,Shipped
2493,1338,Monitor,4,468.58,2024-03-17,Cancelled
2494,1074,Phone,4,996.82,2024-06-30,Cancelled
2495,1350,Laptop,2,707.38,2024-06-20,Cancelled
2496,1844,Mouse,4,1465.95,2024-07-21,Shipped
2497,1928,Tablet,4,1148.7,2024-02-11,Completed
2498,1476,Keyboard,3,1638.25,2024-07-18,Completed
2499,1356,Keyboard,1,1639.79,2024-01-24,Pending
2500,1156,Keyboard,1,1708.58,2024-10-23,Completed
2501,1692,Tablet,3,1422.59,2024-08-28,Shipped
2502,1381,Headphones,1,1590.53,2024-12-23,Completed
2503,1253,Mouse,1,1273.11,2024-01-10,Pending
2504,1935,Headphones,1,740.03,2024-06-18,Completed
2505,1296,Phone,1,1433.1,2024-08-21,Shipped
2506,1383,Monitor,4,1313.2,2024-07-07,Cancelled
2507,1418,Phone,3,1748.34,2024-11-09,Completed
2508,1161,Mouse,4,339.23,2024-03-07,Shipped
2509,1275,Mouse,2,981.05,2024-01-18,Shipped
2510,1661,Mouse,1,95.5,2024-01-20,Cancelled
2511,1920,Laptop,2,1022.84,2024-01-31,Pending
2512,1795,Headphones,4,478.36,2024-10-20,Pending
2513,1297,Mouse,4,1396.23,2024-03-03,Pending
2514,1903,Headphones,1,1283.36,2024-07-11,Shipped
2515,1199,Phone,1,535.96,2024-09-15,Pending
2516,1802,Phone,3,631.59,2024-11-06,Shipped
2517,1231,Laptop,1,1516.5,2024-09-30,Cancelled
2518,1778,Monitor,2,1132.81,2024-03-11,Cancelled
2519,1055,Monitor,1,630.95,2024-06-20,Cancelled
2520,1774,Monitor,2,209.72,2024-06-03,Cancelled
2521,1491,Headphones,2,1373.02,2024-03-21,Pending
2522,1030,Tablet,2,1132.41,2024-12-27,Pending
2523,1797,Phone,3,448.7,2024-09-19,Cancelled
2524,1181,Keyboard,2,1984.37,2024-06-15,Shipped
2525,1727,Phone,2,1340.57,2024-06-12,Pending
2526,1402,Laptop,1,852.15,2024-08-17,Completed
2527,1434,Monitor,3,295.68,2024-04-15,Completed
2528,1249,Tablet,4,1693.81,2024-08-10,Shipped
2529,1978,Monitor,4,383.04,2024-06-20,Pending
2530,1795,Phone,3,425.54,2024-04-13,Completed
2531,1548,Mouse,1,1218.71,2024-01-29,Shipped
2532,1440,Phone,4,378.11,2024-10-12,Cancelled
2533,1078,Mouse,1,931.47,2024-09-15,Cancelled
2534,1688,Phone,4,1743.36,2024-10-11,Completed
2535,1705,Mouse,3,1679.03,2024-06-21,Shipped
2536,1835,Monitor,4,1211.12,2024-12-14,Shipped
2537,1446,Mouse,1,636.91,2024-12-24,Pending
2538,1087,Monitor,3,1657.79,2024-11-19,Cancelled
2539,1139,Phone,2,798.49,2024-08-07,Completed
2540,1251,Laptop,1,53.04,2024-05-04,Completed
2541,1731,Keyboard,1,1019.67,2024-05-31,Shipped
2542,1406,Tablet,2,946.23,2024-07-12,Cancelled
2543,1566,Headphones,1,1091.82,2024-07-31,Cancelled
2544,1963,Laptop,2,1927.96,2024-12-09,Cancelled
2545,1553,Keyboard,2,1911.85,2024-12-08,Pending
2546,1588,Phone,1,570.98,2024-06-23,Shipped
2547,1862,Headphones,2,203.95,2024-05-20,Cancelled
2548,1970,Headphones,3,1224.53,2024-04-28,Shipped
2549,1151,Mouse,3,611.25,2024-12-15,Completed
2550,1104,Tablet,4,740.03,2024-01-22,Pending
2551,1562,Tablet,4,101.1,2024-06-16,Cancelled
2552,1909,Headphones,2,1010.48,2024-01-16,Shipped
2553,1001,Phone,4,979.83,2024-11-14,Cancelled
2554,1394,Headphones,3,725.98,2024-02-08,Completed
2555,1732,Keyboard,2,1045.07,2024-07-28,Shipped
2556,1036,Monitor,3,968.18,2024-12-02,Cancelled
2557,1781,Headphones,1,1001.67,2024-07-24,Completed
2558,1150,Phone,1,552.2,2024-02-21,Pending
2559,1677,Keyboard,3,633.41,2024-01-22,Shipped
2560,1811,Headphones,3,1325.51,2024-04-10,Pending
2561,1751,Mouse,1,188.76,2024-04-29,Pending
2562,1620,Phone,2,466.03,2024-02-04,Completed
2563,1058,Tablet,2,105.92,2024-04-21,Completed
2564,1037,Monitor,2,1614.9,2024-11-26,Pending
2565,1929,Keyboard,3,411.22,2024-07-01,Pending
2566,1598,Monitor,2,1290.24,2024-11-16,Completed
2567,1439,Keyboard,4,1542.26,2024-06-20,Cancelled
2568,1380,Mouse,3,369.66,2024-10-02,Shipped
2569,1785,Phone,1,1335.91,2024-10-06,Completed
2570,1470,Phone,4,580.65,2024-06-16,Shipped
2571,1802,Headphones,2,706.23,2024-08-09,Shipped
2572,1637,Keyboard,2,1320.25,2024-03-14,Pending
2573,1685,Laptop,1,925.83,2024-08-13,Cancelled
2574,1409,Laptop,1,308.44,2024-04-01,Completed
2575,1094,Laptop,2,1903.84,2024-11-16,Pending
2576,1405,Phone,3,1544.92,2024-03-28,Shipped
2577,1409,Laptop,4,414.15,2024-10-11,Cancelled
2578,1047,Tablet,3,75.87,2024-08-11,Shipped
2579,1857,Laptop,3,410.32,2024-04-20,Pending
2580,1815,Tablet,4,391.71,2024-11-13,Completed
2581,1167,Mouse,3,1802.66,2024-08-06,Shipped
2582,1995,Laptop,4,164.06,2024-04-01,Completed
2583,1804,Laptop,4,1395.7,2024-06-26,Pending
2584,1802,Headphones,4,1870.84,2024-11-25,Pending
2585,1989,Tablet,2,1943.83,2024-11-28,Pending
2586,1188,Laptop,3,1341.53,2024-05-28,Completed
2587,1803,Headphones,3,575.2,2024-10-13,Cancelled
2588,1196,Keyboard,1,1148.54,2024-02-01,Pending
2589,1773,Headphones,3,1766.42,2024-04-18,Pending
2590,1714,Keyboard,4,1018.92,2024-08-02,Cancelled
2591,1466,Keyboard,3,1513.12,2024-10-03,Pending
2592,1896,Headphones,2,387.49,2024-07-15,Completed
2593,1962,Phone,2,1863.14,2024-12-16,Cancelled
2594,1233,Laptop,4,1513.47,2024-02-19,Completed
2595,1887,Laptop,3,1093.58,2024-01-31,Cancelled
2596,1766,Mouse,3,1504.46,2024-05-25,Shipped
2597,1544,Tablet,2,1350.69,2024-12-09,Completed
2598,1572,Mouse,1,208.27,2024-05-12,Cancelled
2599,1024,Tablet,3,1442.22,2024-07-17,Completed
2600,1598,Mouse,1,712.15,2024-03-25,Completed
2601,1653,Mouse,1,1899.29,2024-01-27,Pending
2602,1022,Keyboard,1,883.4,2024-01-07,Completed
2603,1087,Tablet,2,758.91,2024-07-16,Shipped
2604,1870,Monitor,3,1289.35,2024-03-31,Shipped
2605,1012,Phone,3,650.15,2024-02-19,Shipped
2606,1863,Tablet,1,1408.82,2024-01-30,Cancelled
2607,1817,Monitor,4,1371.06,2024-12-08,Pending
2608,1198,Headphones,1,220.28,2024-10-10,Cancelled
2609,1469,Keyboard,3,784.84,2024-06-24,Pending
2610,1914,Mouse,3,869.94,2024-03-04,Completed
2611,1829,Laptop,1,1582.64,2024-10-31,Shipped
2612,1092,Tablet,3,324.36,2024-05-11,Pending
2613,1650,Monitor,1,1077.62,2024-02-28,Pending
2614,1334,Mouse,3,887.78,2024-07-23,Completed
2615,1786,Headphones,4,219.48,2024-11-06,Cancelled
2616,1905,Keyboard,4,165.73,2024-09-11,Cancelled
2617,1633,Headphones,2,265.66,2024-09-16,Pending
2618,1642,Mouse,4,1614.67,2024-02-01,Shipped
2619,1303,Monitor,2,1517.82,2024-05-21,Pending
2620,1097,Mouse,4,340.97,2024-01-08,Pending
2621,1747,Tablet,1,1178.8,2024-12-04,Shipped
2622,1173,Mouse,2,763.68,2024-12-30,Pending
2623,1217,Tablet,1,335.24,2024-11-14,Cancelled
2624,1909,Keyboard,3,1161.24,2024-12-09,Cancelled
2625,1774,Laptop,2,1770.87,2024-12-27,Shipped
2626,1136,Laptop,3,868.39,2024-06-07,Cancelled
2627,1703,Monitor,3,306.76,2024-12-07,Shipped
2628,1117,Keyboard,4,1642.64,2024-07-07,Completed
2629,1112,Laptop,4,1046.34,2024-08-14,Shipped
2630,1027,Monitor,1,1093.07,2024-09-18,Completed
2631,1666,Laptop,4,814.07,2024-05-04,Completed
2632,1881,Keyboard,2,1590.72,2024-02-22,Completed
2633,1946,Headphones,1,630.84,2024-01-12,Shipped
2634,1493,Monitor,3,646.14,2024-01-20,Shipped
2635,1115,Keyboard,3,1755.21,2024-12-23,Completed
2636,1774,Monitor,1,1352.44,2024-12-14,Shipped
2637,1719,Laptop,1,528.61,2024-07-22,Pending
2638,1821,Mouse,3,1115.75,2024-08-19,Completed
2639,1809,Laptop,4,230.11,2024-09-07,Completed
2640,1585,Laptop,3,1735.74,2024-12-10,Cancelled
2641,1150,Phone,2,276.99,2024-04-24,Completed
2642,1529,Laptop,3,1776.87,2024-01-03,Cancelled
2643,1235,Headphones,4,238.26,2024-04-13,Completed
2644,1315,Keyboard,1,743.96,2024-11-30,Cancelled
2645,1227,Tablet,4,1171.05,2024-02-20,Completed
2646,1103,Phone,3,236.5,2024-03-10,Cancelled
2647,1788,Keyboard,1,1017.33,2024-05-14,Pending
2648,1423,Monitor,4,1267.05,2024-04-28,Completed
2649,1033,Tablet,1,1936.38,2024-08-11,Shipped
2650,1580,Tablet,1,1511.57,2024-12-06,Shipped
2651,1271,Laptop,3,1020.18,2024-09-13,Shipped
2652,1044,Laptop,4,1148.23,2024-04-21,Cancelled
2653,1575,Phone,4,726.91,2024-11-17,Completed
2654,1395,Tablet,3,1246.41,2024-06-30,Pending
2655,1033,Phone,4,533.0,2024-07-17,Cancelled
2656,1866,Keyboard,1,856.31,2024-10-31,Pending
2657,1356,Phone,3,590.95,2024-09-23,Completed
2658,1045,Phone,3,564.02,2024-06-24,Cancelled
2659,1867,Mouse,3,1779.19,2024-12-15,Shipped
2660,1821,Tablet,1,178.28,2024-03-01,Cancelled
2661,1902,Laptop,1,1092.94,2024-07-28,Pending
2662,1522,Keyboard,1,1129.97,2024-02-15,Cancelled
2663,1279,Monitor,1,283.03,2024-06-21,Shipped
2664,1218,Phone,3,469.62,2024-04-15,Shipped
2665,1778,Keyboard,3,1516.28,2024-12-04,Cancelled
2666,1957,Laptop,3,222.91,2024-12-04,Completed
2667,1203,Mouse,3,1810.66,2024-12-29,Completed
2668,1909,Keyboard,1,1147.66,2024-06-11,Pending
2669,1914,Tablet,2,236.33,2024-12-07,Pending
2670,1956,Laptop,2,1631.93,2024-09-30,Shipped
2671,1130,Headphones,4,946.25,2024-12-12,Cancelled
2672,1849,Tablet,1,1399.64,2024-03-08,Cancelled
2673,1165,Tablet,3,1365.98,2024-11-14,Completed
2674,1028,Laptop,2,1215.91,2024-07-24,Pending
2675,1059,Monitor,1,900.61,2024-03-03,Shipped
2676,1142,Laptop,1,1143.22,2024-12-30,Completed
2677,1774,Tablet,1,498.7,2024-04-25,Cancelled
2678,1685,Mouse,1,1201.91,2024-07-11,Completed
2679,1646,Monitor,1,1356.26,2024-12-23,Completed
2680,1509,Tablet,3,1963.99,2024-08-23,Cancelled
2681,1296,Laptop,3,1230.99,2024-02-14,Shipped
2682,1282,Monitor,3,1209.77,2024-08-11,Cancelled
2683,1723,Monitor,4,1984.23,2024-10-09,Pending
2684,1675,Headphones,2,1441.87,2024-10-12,Pending
2685,1053,Phone,1,202.49,2024-01-28,Completed
2686,1074,Tablet,2,95.32,2024-01-16,Pending
2687,1740,Mouse,4,1245.26,2024-07-24,Shipped
2688,1618,Mouse,4,263.13,2024-11-29,Completed
2689,1280,Phone,2,1820.6,2024-02-08,Completed
2690,1076,Tablet,4,975.61,2024-02-25,Completed
2691,1571,Keyboard,2,601.97,2024-07-31,Completed
2692,1824,Phone,4,1870.98,2024-04-15,Cancelled
2693,1399,Mouse,1,872.14,2024-05-02,Completed
2694,1236,Phone,4,443.34,2024-03-27,Pending
2695,1859,Mouse,2,101.42,2024-03-24,Completed
2696,1647,Phone,1,1602.89,2024-02-09,Completed
2697,1219,Headphones,4,432.02,2024-02-04,Cancelled
2698,1049,Tablet,1,457.52,2024-08-07,Completed
2699,1214,Keyboard,4,1919.61,2024-09-14,Pending
2700,1510,Phone,4,1396.89,2024-03-23,Completed
2701,1922,Laptop,4,1806.39,2024-11-20,Completed
2702,1809,Monitor,3,782.68,2024-03-22,Completed
2703,1897,Laptop,4,330.1,2024-03-18,Pending
2704,1705,Keyboard,1,1040.73,2024-11-23,Completed
2705,1970,Mouse,1,1726.8,2024-07-18,Completed
2706,1984,Laptop,4,1954.65,2024-07-16,Pending
2707,1317,Monitor,2,1353.56,2024-06-30,Completed
2708,1442,Headphones,3,726.68,2024-09-21,Cancelled
2709,1817,Monitor,1,667.52,2024-06-10,Pending
2710,1041,Tablet,1,922.68,2024-10-07,Cancelled
2711,1960,Mouse,4,1518.86,2024-11-08,Cancelled
2712,1041,Keyboard,3,1601.23,2024-11-05,Shipped
2713,1210,Phone,2,1736.45,2024-04-08,Completed
2714,1196,Headphones,4,434.67,2024-05-03,Cancelled
2715,1766,Headphones,3,1261.72,2024-07-22,Pending
2716,1978,Mouse,2,81.41,2024-04-30,Pending
2717,1139,Laptop,4,1900.67,2024-03-01,Shipped
2718,1377,Laptop,4,1053.58,2024-10-13,Shipped
2719,1439,Laptop,2,556.84,2024-01-15,Shipped
2720,1213,Tablet,2,1399.84,2024-04-22,Cancelled
2721,1839,Keyboard,2,581.23,2024-08-25,Shipped
2722,1288,Mouse,1,1188.44,2024-03-13,Completed
2723,1392,Laptop,4,1816.69,2024-07-09,Shipped
2724,1886,Phone,4,1910.85,2024-05-27,Cancelled
2725,1204,Laptop,1,1437.06,2024-12-29,Pending
2726,1838,Phone,1,931.89,2024-01-28,Pending
2727,1341,Keyboard,2,1101.11,2024-03-05,Cancelled
2728,1947,Headphones,2,846.33,2024-08-16,Completed
2729,1939,Headphones,1,635.16,2024-08-22,Shipped
2730,1784,Monitor,4,616.15,2024-11-27,Pending
2731,1141,Mouse,2,1776.7,2024-03-11,Completed
2732,1371,Keyboard,4,1271.45,2024-11-02,Completed
2733,1354,Keyboard,4,1638.77,2024-05-07,Shipped
2734,1799,Phone,3,781.1,2024-07-08,Cancelled
2735,1899,Phone,1,1836.08,2024-06-26,Shipped
2736,1736,Mouse,2,523.93,2024-12-10,Shipped
2737,1872,Headphones,1,1995.94,2024-06-13,Shipped
2738,1526,Keyboard,3,841.66,2024-10-12,Pending
2739,1530,Headphones,4,550.81,2024-09-12,Shipped
2740,1743,Keyboard,3,1925.67,2024-08-21,Pending
2741,1621,Laptop,3,346.21,2024-06-11,Completed
2742,1177,Phone,4,177.35,2024-05-19,Completed
2743,1266,Headphones,1,1474.7,2024-12-30,Completed
2744,1407,Monitor,2,1120.93,2024-03-28,Cancelled
2745,1306,Keyboard,3,744.94,2024-06-28,Completed
2746,1796,Phone,3,987.5,2024-08-28,Cancelled
2747,1373,Tablet,4,178.9,2024-08-29,Shipped
2748,1441,Tablet,4,496.93,2024-03-24,Cancelled
2749,1673,Headphones,3,1352.2,2024-01-24,Cancelled
2750,1870,Monitor,3,812.68,2024-06-03,Cancelled
2751,1150,Headphones,1,714.44,2024-11-15,Completed
2752,1655,Keyboard,1,133.2,2024-05-02,Completed
2753,1583,Monitor,1,356.68,2024-11-22,Shipped
2754,1152,Headphones,2,1513.48,2024-12-05,Completed
2755,1057,Keyboard,1,142.84,2024-08-07,Shipped
2756,1814,Tablet,4,229.97,2024-04-25,Cancelled
2757,1699,Tablet,1,236.93,2024-02-09,Completed
2758,1201,Headphones,3,1485.7,2024-11-13,Cancelled
2759,1544,Tablet,2,1663.63,2024-09-24,Shipped
2760,1330,Mouse,1,1655.51,2024-08-08,Shipped
2761,1321,Keyboard,2,966.21,2024-03-07,Shipped
2762,1175,Mouse,1,1066.25,2024-09-21,Completed
2763,1074,Headphones,1,941.2,2024-05-26,Cancelled
2764,1834,Mouse,1,180.63,2024-09-26,Pending
2765,1732,Headphones,2,272.46,2024-11-19,Completed
2766,1132,Keyboard,4,214.6,2024-02-23,Shipped
2767,1660,Keyboard,2,1251.08,2024-06-09,Cancelled
2768,1174,Mouse,3,1956.52,2024-12-21,Completed
2769,1261,Keyboard,1,1917.24,2024-05-06,Pending
2770,1670,Tablet,1,650.74,2024-08-21,Completed
2771,1052,Laptop,3,515.9,2024-01-15,Shipped
2772,1622,Monitor,4,479.3,2024-06-22,Pending
2773,1690,Laptop,4,1093.52,2024-07-31,Completed
2774,1571,Keyboard,2,1570.56,2024-10-13,Shipped
2775,1123,Headphones,2,1265.64,2024-09-30,Shipped
2776,1956,Mouse,4,950.19,2024-12-10,Completed
2777,1943,Laptop,3,521.55,2024-08-30,Cancelled
2778,1640,Tablet,2,1040.37,2024-04-03,Pending
2779,1693,Monitor,1,637.95,2024-06-25,Pending
2780,1854,Monitor,3,711.38,2024-06-24,Shipped
2781,1460,Keyboard,1,1381.86,2024-03-02,Cancelled
2782,1504,Keyboard,3,1855.12,2024-05-03,Pending
2783,1751,Headphones,4,1965.83,2024-07-27,Cancelled
2784,1928,Monitor,2,492.26,2024-01-30,Cancelled
2785,1703,Laptop,1,146.86,2024-11-19,Cancelled
2786,1279,Tablet,4,1521.32,2024-06-25,Pending
2787,1908,Tablet,1,1132.85,2024-08-04,Completed
2788,1469,Tablet,4,1636.17,2024-09-16,Shipped
2789,1612,Laptop,3,836.3,2024-07-12,Cancelled
2790,1193,Laptop,3,1222.83,2024-10-15,Completed
2791,1689,Headphones,1,656.3,2024-05-14,Shipped
2792,1548,Mouse,2,799.35,2024-10-18,Shipped
2793,1811,Mouse,4,1396.71,2024-02-05,Completed
2794,1185,Headphones,1,229.22,2024-04-30,Pending
2795,1729,Headphones,1,526.42,2024-01-04,Completed
2796,1652,Tablet,3,1603.24,2024-07-03,Cancelled
2797,1711,Tablet,3,1183.74,2024-05-16,Cancelled
2798,1880,Mouse,3,480.23,2024-07-16,Cancelled
2799,1798,Tablet,4,1104.75,2024-05-25,Shipped
2800,1600,Tablet,3,487.88,2024-12-21,Completed
2801,1870,Laptop,2,1520.35,2024-08-09,Completed
2802,1303,Laptop,1,1046.29,2024-10-30,Completed
2803,1656,Monitor,1,485.04,2024-03-15,Completed
2804,1239,Monitor,2,379.43,2024-12-18,Pending
2805,1722,Laptop,2,682.79,2024-06-29,Cancelled
2806,1353,Monitor,2,1399.28,2024-04-12,Completed
2807,1789,Monitor,4,1305.73,2024-01-26,Cancelled
2808,1472,Keyboard,4,989.32,2024-12-22,Pending
2809,1360,Mouse,4,1721.69,2024-05-04,Cancelled
2810,1068,Headphones,2,380.16,2024-08-17,Pending
2811,1982,Tablet,1,706.25,2024-09-12,Completed
2812,1956,Laptop,1,1119.21,2024-07-01,Cancelled
2813,1698,Tablet,3,1394.38,2024-06-04,Shipped
2814,1093,Laptop,4,1423.09,2024-04-08,Shipped
2815,1168,Laptop,1,369.75,2024-02-26,Completed
2816,1071,Phone,2,314.04,2024-02-05,Completed
2817,1863,Phone,4,988.56,2024-10-31,Cancelled
2818,1416,Tablet,1,1424.24,2024-07-07,Shipped
2819,1930,Keyboard,3,1360.19,2024-12-11,Shipped
2820,1761,Tablet,1,1739.09,2024-06-12,Completed
2821,1301,Headphones,3,1851.41,2024-12-24,Completed
2822,1614,Headphones,4,213.77,2024-07-17,Shipped
2823,1231,Tablet,3,1863.57,2024-12-05,Cancelled
2824,1831,Mouse,4,214.0,2024-07-12,Shipped
2825,1403,Mouse,4,413.78,2024-03-01,Pending
2826,1682,Monitor,2,250.74,2024-11-24,Completed
2827,1397,Mouse,2,1362.92,2024-04-01,Completed
2828,1386,Mouse,2,610.23,2024-09-12,Pending
2829,1663,Mouse,1,1520.22,2024-06-18,Cancelled
2830,1077,Mouse,4,1025.64,2024-03-27,Completed
2831,1489,Laptop,4,1637.04,2024-07-06,Shipped
2832,1325,Tablet,1,807.26,2024-03-25,Pending
2833,1299,Laptop,3,275.38,2024-09-30,Completed
2834,1787,Laptop,4,1207.53,2024-07-06,Shipped
2835,1394,Phone,3,198.81,2024-07-14,Completed
2836,1988,Keyboard,2,1053.3,2024-02-22,Cancelled
2837,1863,Mouse,1,234.23,2024-04-27,Completed
2838,1832,Mouse,3,1409.79,2024-10-26,Completed
2839,1329,Headphones,3,575.58,2024-11-25,Cancelled
2840,1181,Monitor,4,682.64,2024-04-04,Cancelled
2841,1135,Keyboard,2,1607.58,2024-07-18,Shipped
2842,1955,Monitor,4,637.48,2024-08-03,Shipped
2843,1672,Monitor,1,1220.75,2024-01-13,Completed
2844,1128,Keyboard,4,446.26,2024-10-21,Shipped
2845,1715,Mouse,3,443.72,2024-02-10,Completed
2846,1145,Headphones,4,1259.34,2024-10-06,Cancelled
2847,1018,Mouse,4,132.26,2024-04-30,Completed
2848,1901,Tablet,2,1023.42,2024-07-19,Cancelled
2849,1123,Laptop,1,1683.9,2024-11-25,Shipped
2850,1577,Mouse,1,225.4,2024-08-17,Cancelled
2851,1797,Keyboard,2,432.84,2024-11-03,Shipped
2852,1345,Phone,1,107.35,2024-03-19,Completed
2853,1930,Phone,1,1748.85,2024-09-02,Shipped
2854,1272,Keyboard,2,626.91,2024-07-24,Completed
2855,1350,Keyboard,2,703.19,2024-01-02,Pending
2856,1053,Mouse,1,1026.57,2024-04-22,Pending
2857,1040,Laptop,3,459.73,2024-06-17,Shipped
2858,1161,Mouse,3,251.49,2024-04-21,Completed
2859,1420,Mouse,2,1766.07,2024-03-13,Completed
2860,1403,Monitor,2,971.73,2024-12-14,Cancelled
2861,1998,Monitor,1,1711.96,2024-02-08,Completed
2862,1829,Headphones,2,1867.51,2024-03-18,Shipped
2863,1240,Headphones,4,659.12,2024-01-16,Completed
2864,1413,Keyboard,1,1756.68,2024-05-23,Pending
2865,1324,Phone,4,598.93,2024-10-17,Pending
2866,1430,Laptop,2,231.03,2024-11-27,Completed
2867,1267,Headphones,3,1133.59,2024-02-11,Pending
2868,1592,Headphones,1,642.17,2024-06-02,Shipped
2869,1182,Tablet,1,1990.21,2024-06-12,Cancelled
2870,1050,Tablet,3,719.09,2024-10-31,Cancelled
2871,1531,Keyboard,4,1636.97,2024-11-25,Cancelled
2872,1426,Tablet,1,799.26,2024-05-06,Completed
2873,1539,Headphones,3,1224.62,2024-09-05,Shipped
2874,1583,Tablet,2,1928.53,2024-06-18,Completed
2875,1638,Mouse,4,1467.22,2024-04-08,Completed
2876,1962,Monitor,1,638.21,2024-05-22,Pending
2877,1674,Mouse,1,1757.08,2024-10-19,Completed
2878,1561,Monitor,3,1703.0,2024-05-02,Completed
2879,1278,Mouse,1,1385.37,2024-08-13,Cancelled
2880,1689,Phone,2,1197.88,2024-02-17,Pending
2881,1274,Monitor,2,1312.62,2024-05-28,Completed
2882,1511,Headphones,4,1785.25,2024-05-30,Cancelled
2883,1335,Phone,2,1504.96,2024-08-15,Shipped
2884,1635,Headphones,2,1137.62,2024-06-10,Cancelled
2885,1943,Headphones,1,1084.29,2024-05-24,Shipped
2886,1945,Monitor,2,1870.56,2024-05-11,Cancelled
2887,1929,Tablet,1,1318.68,2024-06-29,Shipped
2888,1189,Keyboard,3,222.52,2024-09-08,Pending
2889,1367,Keyboard,4,239.49,2024-08-06,Pending
2890,1122,Laptop,1,609.23,2024-08-28,Completed
2891,1372,Headphones,3,166.1,2024-08-18,Cancelled
2892,1036,Monitor,3,1990.06,2024-05-08,Shipped
2893,1456,Keyboard,3,1393.5,2024-11-26,Cancelled
2894,1780,Monitor,1,1336.89,2024-11-24,Cancelled
2895,1801,Headphones,2,1779.9,2024-08-04,Shipped
2896,1147,Mouse,1,838.45,2024-06-19,Shipped
2897,1317,Tablet,3,386.32,2024-12-20,Pending
2898,1426,Tablet,4,1509.03,2024-03-07,Shipped
2899,1001,Tablet,1,1059.77,2024-08-30,Shipped
2900,1050,Laptop,1,724.93,2024-07-21,Completed
2901,1512,Mouse,3,1329.35,2024-04-08,Completed
2902,1584,Phone,4,1183.87,2024-02-27,Cancelled
2903,1702,Keyboard,4,274.26,2024-11-19,Completed
2904,1127,Tablet,4,859.57,2024-04-09,Shipped
2905,1347,Mouse,4,1611.46,2024-05-20,Cancelled
2906,1517,Tablet,2,1647.38,2024-09-19,Shipped
2907,1927,Keyboard,2,1483.64,2024-04-16,Completed
2908,1350,Laptop,4,1488.63,2024-09-23,Cancelled
2909,1225,Mouse,2,263.3,2024-05-15,Shipped
2910,1761,Laptop,3,1688.75,2024-03-25,Cancelled
2911,1434,Mouse,2,735.95,2024-03-15,Completed
2912,1654,Phone,1,1833.72,2024-12-24,Completed
2913,1474,Keyboard,4,1904.72,2024-12-28,Completed
2914,1480,Headphones,4,545.93,2024-04-13,Completed
2915,1032,Headphones,4,502.67,2024-11-03,Pending
2916,1854,Tablet,2,1715.27,2024-05-28,Pending
2917,1074,Headphones,4,935.39,2024-12-01,Cancelled
2918,1391,Headphones,1,1232.72,2024-05-29,Pending
2919,1567,Monitor,4,1071.36,2024-11-17,Cancelled
2920,1464,Mouse,2,598.85,2024-03-02,Shipped
2921,1609,Monitor,1,583.18,2024-09-29,Completed
2922,1781,Phone,1,1200.53,2024-10-04,Completed
2923,1032,Monitor,1,737.51,2024-02-26,Shipped
2924,1680,Tablet,1,1558.98,2024-08-03,Cancelled
2925,1643,Monitor,3,1828.95,2024-08-19,Completed
2926,1594,Tablet,2,1242.65,2024-10-25,Pending
2927,1657,Laptop,4,1368.47,2024-01-31,Pending
2928,1292,Laptop,1,92.74,2024-03-22,Cancelled
2929,1534,Laptop,1,894.21,2024-02-16,Completed
2930,1984,Phone,1,1180.71,2024-12-28,Shipped
2931,1698,Monitor,2,1525.08,2024-01-11,Pending
2932,1174,Keyboard,1,422.42,2024-11-07,Completed
2933,1431,Tablet,4,1490.77,2024-08-02,Shipped
2934,1599,Phone,1,580.04,2024-09-06,Shipped
2935,1980,Mouse,1,1518.93,2024-02-05,Shipped
2936,1810,Keyboard,2,709.61,2024-01-09,Cancelled
2937,1803,Mouse,4,888.53,2024-06-23,Pending
2938,1317,Laptop,1,966.41,2024-04-12,Shipped
2939,1851,Laptop,4,778.18,2024-09-04,Shipped
2940,1971,Keyboard,1,1309.87,2024-07-17,Cancelled
2941,1804,Phone,4,1613.36,2024-10-03,Pending
2942,1899,Keyboard,3,107.31,2024-03-13,Pending
2943,1147,Laptop,2,1072.66,2024-01-22,Completed
2944,1422,Headphones,2,1299.12,2024-07-21,Shipped
2945,1709,Laptop,2,910.17,2024-11-22,Cancelled
2946,1802,Laptop,4,423.82,2024-11-24,Shipped
2947,1190,Mouse,1,1521.92,2024-08-29,Pending
2948,1965,Headphones,3,712.8,2024-01-31,Cancelled
2949,1767,Keyboard,4,1362.22,2024-02-21,Shipped
2950,1833,Tablet,2,494.02,2024-11-02,Shipped
2951,1812,Tablet,3,1382.12,2024-06-02,Pending
2952,1317,Keyboard,4,314.31,2024-06-22,Shipped
2953,1599,Tablet,4,1799.27,2024-01-18,Shipped
2954,1641,Tablet,4,574.04,2024-11-04,Pending
2955,1202,Headphones,2,1904.38,2024-12-04,Completed
2956,1579,Keyboard,1,1774.67,2024-06-17,Completed
2957,1325,Keyboard,4,1530.78,2024-03-08,Cancelled
2958,1067,Laptop,3,1817.09,2024-11-11,Pending
2959,1303,Laptop,1,276.04,2024-02-02,Shipped
2960,1523,Phone,3,1966.23,2024-06-18,Cancelled
2961,1731,Headphones,2,320.66,2024-07-09,Completed
2962,1102,Mouse,3,1068.86,2024-12-23,Pending
2963,1348,Headphones,3,1089.45,2024-02-08,Pending
2964,1395,Headphones,3,681.87,2024-06-19,Shipped
2965,1193,Headphones,1,807.43,2024-04-04,Completed
2966,1852,Headphones,3,892.72,2024-05-29,Shipped
2967,1407,Mouse,1,691.72,2024-07-08,Pending
2968,1691,Headphones,4,1711.07,2024-12-01,Cancelled
2969,1443,Laptop,4,161.52,2024-03-29,Pending
2970,1800,Tablet,1,1448.1,2024-05-24,Pending
2971,1921,Keyboard,1,1463.46,2024-04-09,Pending
2972,1158,Tablet,3,304.72,2024-11-11,Cancelled
2973,1573,Laptop,3,122.3,2024-04-10,Pending
2974,1715,Laptop,4,1202.86,2024-02-08,Cancelled
2975,1415,Keyboard,2,1531.98,2024-04-24,Pending
2976,1443,Tablet,3,847.51,2024-06-07,Pending
2977,1529,Laptop,2,645.49,2024-01-17,Cancelled
2978,1169,Mouse,2,519.33,2024-11-11,Completed
2979,1437,Laptop,3,491.53,2024-01-09,Pending
2980,1265,Mouse,2,882.88,2024-12-28,Pending
2981,1035,Tablet,1,1036.35,2024-09-23,Completed
2982,1600,Laptop,4,1390.47,2024-12-27,Completed
2983,1947,Keyboard,4,489.92,2024-06-07,Cancelled
2984,1426,Mouse,4,1876.05,2024-07-01,Cancelled
2985,1954,Keyboard,2,951.0,2024-11-23,Completed
2986,1517,Mouse,1,449.75,2024-11-05,Cancelled
2987,1039,Tablet,4,243.01,2024-12-11,Pending
2988,1505,Mouse,3,1825.85,2024-06-27,Completed
2989,1243,Keyboard,1,1596.25,2024-06-14,Completed
2990,1236,Headphones,3,961.25,2024-09-27,Completed
2991,1654,Phone,2,1860.68,2024-06-28,Cancelled
2992,1552,Tablet,4,355.78,2024-08-15,Cancelled
2993,1748,Mouse,3,1521.55,2024-01-08,Shipped
2994,1950,Laptop,4,197.91,2024-02-11,Pending
2995,1808,Laptop,1,1464.45,2024-01-02,Pending
2996,1718,Headphones,1,1431.24,2024-09-07,Cancelled
2997,1241,Monitor,2,502.98,2024-10-07,Pending
2998,1508,Keyboard,2,569.76,2024-12-16,Cancelled
2999,1240,Laptop,1,512.8,2024-12-25,Cancelled
3000,1193,Monitor,2,1396.17,2024-09-25,Pending
3001,1135,Keyboard,2,986.29,2024-03-12,Completed
3002,1145,Tablet,1,786.5,2024-03-17,Shipped
3003,1536,Laptop,2,1171.63,2024-08-19,Shipped
3004,1996,Monitor,2,1749.87,2024-07-03,Completed
3005,1895,Laptop,1,1841.64,2024-10-14,Completed
3006,1962,Headphones,2,1333.28,2024-11-09,Pending
3007,1929,Keyboard,4,1634.61,2024-06-26,Shipped
3008,1757,Monitor,3,939.7,2024-01-14,Cancelled
3009,1433,Keyboard,4,1265.64,2024-08-23,Shipped
3010,1080,Mouse,2,57.39,2024-10-04,Cancelled
3011,1631,Phone,2,385.05,2024-06-13,Shipped
3012,1672,Mouse,1,580.55,2024-05-25,Completed
3013,1604,Mouse,2,1276.66,2024-09-07,Pending
3014,1006,Mouse,4,243.22,2024-11-22,Cancelled
3015,1830,Monitor,2,1772.64,2024-07-21,Shipped
3016,1020,Phone,2,1113.64,2024-02-11,Pending
3017,1802,Keyboard,1,740.31,2024-09-20,Cancelled
3018,1888,Keyboard,3,1028.68,2024-11-18,Completed
3019,1757,Monitor,2,1094.21,2024-06-26,Completed
3020,1722,Monitor,1,1147.33,2024-06-03,Completed
3021,1806,Mouse,2,1157.41,2024-07-03,Completed
3022,1074,Monitor,2,1573.24,2024-01-19,Completed
3023,1899,Keyboard,4,793.14,2024-04-28,Shipped
3024,1580,Monitor,1,496.35,2024-01-15,Cancelled
3025,1500,Tablet,3,238.43,2024-07-16,Cancelled
3026,1832,Monitor,2,648.78,2024-09-19,Shipped
3027,1388,Mouse,3,433.7,2024-10-15,Cancelled
3028,1342,Mouse,3,228.18,2024-07-23,Pending
3029,1142,Keyboard,4,876.46,2024-08-12,Completed
3030,1076,Laptop,4,255.47,2024-10-30,Pending
3031,1644,Tablet,3,843.16,2024-10-01,Cancelled
3032,1234,Mouse,2,1672.93,2024-02-13,Shipped
3033,1358,Monitor,3,395.04,2024-07-21,Shipped
3034,1921,Monitor,2,939.84,2024-11-22,Shipped
3035,1967,Mouse,1,760.14,2024-10-30,Shipped
3036,1107,Headphones,1,328.71,2024-06-04,Cancelled
3037,1449,Laptop,1,1374.28,2024-06-13,Cancelled
3038,1280,Monitor,4,897.55,2024-06-21,Pending
3039,1271,Keyboard,4,1440.81,2024-05-04,Shipped
3040,1457,Keyboard,2,233.04,2024-07-12,Pending
3041,1827,Keyboard,3,1678.66,2024-03-22,Pending
3042,1265,Monitor,4,1783.31,2024-04-14,Cancelled
3043,1008,Monitor,1,1228.9,2024-01-13,Cancelled
3044,1362,Tablet,4,1975.02,2024-05-14,Completed
3045,1280,Keyboard,2,694.75,2024-01-02,Shipped
3046,1308,Monitor,4,1149.07,2024-06-04,Pending
3047,1007,Keyboard,4,1914.64,2024-01-05,Shipped
3048,1482,Tablet,2,949.91,2024-08-24,Pending
3049,1364,Headphones,2,1140.76,2024-07-12,Cancelled
3050,1183,Headphones,2,113.16,2024-01-26,Completed
3051,1285,Phone,4,395.63,2024-05-26,Completed
3052,1041,Monitor,4,1453.8,2024-07-19,Pending
3053,1978,Monitor,1,806.24,2024-10-14,Shipped
3054,1019,Phone,1,1563.12,2024-03-22,Cancelled
3055,1179,Phone,1,968.39,2024-02-16,Shipped
3056,1806,Tablet,1,1038.08,2024-04-24,Shipped
3057,1318,Mouse,2,630.28,2024-10-08,Pending
3058,1353,Laptop,3,675.21,2024-07-01,Cancelled
3059,1368,Mouse,4,815.21,2024-05-09,Shipped
3060,1853,Headphones,3,1744.56,2024-01-12,Completed
3061,1556,Laptop,2,512.91,2024-07-04,Shipped
3062,1138,Tablet,2,1711.68,2024-10-23,Pending
3063,1897,Laptop,1,314.65,2024-06-16,Completed
3064,1261,Phone,4,1754.86,2024-12-16,Pending
3065,1776,Monitor,4,568.49,2024-06-17,Cancelled
3066,1058,Tablet,2,1998.79,2024-11-15,Completed
3067,1499,Headphones,4,1160.28,2024-05-03,Completed
3068,1627,Mouse,1,1222.96,2024-03-23,Pending
3069,1155,Keyboard,1,1070.32,2024-06-03,Pending
3070,1653,Mouse,2,78.24,2024-12-28,Shipped
3071,1301,Keyboard,2,1157.75,2024-08-20,Completed
3072,1940,Tablet,3,1646.84,2024-09-19,Cancelled
3073,1661,Phone,3,134.37,2024-04-17,Shipped
3074,1937,Keyboard,4,1525.44,2024-03-25,Completed
3075,1399,Mouse,4,898.36,2024-06-30,Completed
3076,1428,Monitor,4,1684.42,2024-08-14,Shipped
3077,1949,Keyboard,3,973.53,2024-09-26,Completed
3078,1055,Tablet,1,379.39,2024-03-04,Completed
3079,1445,Headphones,4,1421.38,2024-07-29,Shipped
3080,1210,Monitor,2,1415.35,2024-03-24,Shipped
3081,1786,Keyboard,1,1490.75,2024-06-08,Cancelled
3082,1129,Phone,4,788.78,2024-09-23,Completed
3083,1505,Keyboard,1,1336.22,2024-02-09,Cancelled
3084,1372,Headphones,1,1964.22,2024-03-23,Pending
3085,1311,Tablet,2,186.96,2024-10-06,Completed
3086,1861,Monitor,4,1879.27,2024-11-25,Shipped
3087,1273,Headphones,3,1405.31,2024-04-04,Completed
3088,1596,Tablet,4,1271.41,2024-05-08,Pending
3089,1531,Tablet,3,1933.25,2024-12-15,Cancelled
3090,1751,Keyboard,2,1232.64,2024-10-22,Shipped
3091,1373,Laptop,1,1419.67,2024-06-08,Completed
3092,1404,Keyboard,2,1884.5,2024-09-21,Shipped
3093,1867,Tablet,3,1383.9,2024-09-03,Shipped
3094,1724,Keyboard,2,1624.7,2024-05-28,Shipped
3095,1373,Monitor,3,302.05,2024-06-28,Completed
3096,1326,Mouse,1,459.95,2024-08-31,Cancelled
3097,1245,Mouse,4,346.9,2024-10-23,Completed
3098,1005,Monitor,4,882.26,2024-05-24,Completed
3099,1765,Keyboard,1,646.68,2024-09-20,Pending
3100,1801,Phone,4,380.14,2024-04-02,Completed
3101,1791,Mouse,4,450.08,2024-01-13,Pending
3102,1929,Laptop,2,585.32,2024-10-02,Cancelled
3103,1449,Mouse,1,1674.56,2024-08-17,Completed
3104,1124,Laptop,1,969.07,2024-12-13,Pending
3105,1309,Headphones,1,120.8,2024-06-04,Completed
3106,1155,Tablet,1,1059.27,2024-06-08,Completed
3107,1989,Headphones,4,297.69,2024-03-21,Pending
3108,1366,Tablet,2,1460.01,2024-06-27,Cancelled
3109,1739,Monitor,4,723.29,2024-02-06,Completed
3110,1998,Laptop,1,632.57,2024-05-09,Shipped
3111,1387,Keyboard,2,1645.91,2024-11-08,Cancelled
3112,1311,Mouse,3,179.39,2024-01-11,Cancelled
3113,1755,Headphones,1,1998.7,2024-02-18,Completed
3114,1208,Monitor,4,839.66,2024-07-10,Cancelled
3115,1737,Tablet,3,237.29,2024-11-10,Pending
3116,1739,Laptop,1,1264.74,2024-11-25,Shipped
3117,1142,Keyboard,3,900.0,2024-03-17,Cancelled
3118,1399,Mouse,3,92.85,2024-10-01,Pending
3119,1633,Laptop,4,1285.62,2024-01-06,Shipped
3120,1802,Keyboard,1,1664.01,2024-10-10,Shipped
3121,1400,Phone,1,168.74,2024-03-21,Pending
3122,1884,Tablet,1,498.85,2024-08-20,Pending
3123,1241,Monitor,4,760.23,2024-11-14,Cancelled
3124,1026,Mouse,1,1795.57,2024-11-21,Pending
3125,1008,Keyboard,2,625.34,2024-02-06,Cancelled
3126,1731,Keyboard,1,136.62,2024-04-06,Pending
3127,1101,Phone,3,1508.43,2024-11-07,Shipped
3128,1013,Headphones,2,1241.05,2024-03-02,Cancelled
3129,1316,Mouse,2,1313.78,2024-11-13,Pending
3130,1482,Keyboard,4,1090.29,2024-01-14,Shipped
3131,1008,Monitor,2,1350.24,2024-02-06,Shipped
3132,1713,Tablet,2,937.16,2024-01-25,Cancelled
3133,1002,Headphones,1,1384.29,2024-08-26,Completed
3134,1917,Keyboard,3,1740.25,2024-12-30,Completed
3135,1532,Tablet,4,1421.07,2024-05-16,Shipped
3136,1298,Monitor,4,376.26,2024-07-06,Cancelled
3137,1517,Mouse,4,1366.16,2024-05-29,Shipped
3138,1672,Laptop,3,1768.72,2024-11-15,Completed
3139,1621,Keyboard,2,1420.95,2024-12-20,Completed
3140,1372,Phone,1,528.15,2024-03-22,Pending
3141,1897,Headphones,3,1342.24,2024-01-13,Cancelled
3142,1540,Laptop,1,662.84,2024-10-26,Shipped
3143,1257,Tablet,3,1166.04,2024-11-01,Shipped
3144,1167,Keyboard,4,255.21,2024-01-05,Cancelled
3145,1116,Keyboard,3,250.03,2024-03-01,Cancelled
3146,1186,Keyboard,3,1665.12,2024-03-25,Completed
3147,1994,Laptop,2,1137.89,2024-03-15,Cancelled
3148,1742,Tablet,1,1268.89,2024-08-14,Pending
3149,1360,Phone,4,219.44,2024-09-14,Completed
3150,1212,Monitor,1,1756.31,2024-10-17,Cancelled
3151,1878,Monitor,2,1697.24,2024-06-24,Shipped
3152,1688,Laptop,4,911.01,2024-06-07,Shipped
3153,1548,Keyboard,1,837.07,2024-04-09,Cancelled
3154,1194,Headphones,2,503.21,2024-04-08,Cancelled
3155,1019,Mouse,4,938.74,2024-07-06,Pending
3156,1548,Tablet,1,843.39,2024-03-31,Completed
3157,1322,Keyboard,1,1346.83,2024-11-30,Shipped
3158,1910,Mouse,3,1780.36,2024-01-07,Shipped
3159,1183,Headphones,1,1815.47,2024-04-04,Pending
3160,1609,Laptop,2,670.54,2024-06-04,Pending
3161,1454,Headphones,3,792.66,2024-03-11,Cancelled
3162,1244,Headphones,4,1382.94,2024-01-01,Pending
3163,1055,Keyboard,2,1096.71,2024-08-31,Pending
3164,1233,Mouse,3,326.86,2024-03-12,Pending
3165,1074,Laptop,2,491.38,2024-11-21,Cancelled
3166,1246,Laptop,4,1774.78,2024-02-07,Completed
3167,1723,Headphones,2,819.85,2024-08-16,Pending
3168,1393,Mouse,1,1153.15,2024-11-26,Completed
3169,1878,Tablet,4,1434.66,2024-01-04,Cancelled
3170,1396,Headphones,2,975.24,2024-01-15,Pending
3171,1960,Keyboard,1,1092.93,2024-04-02,Pending
3172,1199,Keyboard,1,1574.28,2024-12-20,Pending
3173,1814,Phone,3,752.72,2024-11-30,Completed
3174,1639,Monitor,2,634.65,2024-07-05,Completed
3175,1153,Headphones,1,1291.22,2024-01-21,Cancelled
3176,1453,Phone,4,1063.37,2024-10-30,Cancelled
3177,1383,Mouse,4,1072.44,2024-02-04,Shipped
3178,1303,Headphones,4,1346.08,2024-02-14,Completed
3179,1179,Monitor,1,1304.1,2024-08-24,Cancelled
3180,1853,Headphones,2,1668.47,2024-06-16,Completed
3181,1623,Phone,4,1369.48,2024-06-07,Shipped
3182,1789,Tablet,1,283.36,2024-09-20,Completed
3183,1976,Laptop,2,815.37,2024-09-02,Shipped
3184,1918,Tablet,1,1917.31,2024-02-07,Cancelled
3185,1270,Keyboard,1,1330.56,2024-08-03,Cancelled
3186,1995,Mouse,4,1251.77,2024-09-13,Shipped
3187,1773,Monitor,3,1223.8,2024-12-21,Cancelled
3188,1050,Laptop,4,600.77,2024-04-01,Pending
3189,1851,Monitor,3,1513.4,2024-08-13,Completed
3190,1762,Monitor,4,1925.79,2024-01-31,Pending
3191,1517,Keyboard,1,1270.82,2024-08-02,Shipped
3192,1325,Headphones,1,428.7,2024-07-28,Shipped
3193,1634,Phone,1,1834.63,2024-07-13,Shipped
3194,1833,Laptop,2,430.57,2024-11-27,Cancelled
3195,1002,Laptop,4,1162.05,2024-12-24,Pending
3196,1056,Mouse,2,1435.61,2024-02-02,Shipped
3197,1789,Laptop,2,622.4,2024-07-22,Completed
3198,1378,Headphones,4,1705.77,2024-07-17,Shipped
3199,1179,Monitor,2,1979.4,2024-07-05,Pending
3200,1318,Laptop,1,1536.86,2024-10-18,Pending
3201,1587,Laptop,3,134.01,2024-03-11,Completed
3202,1035,Monitor,4,1337.73,2024-01-25,Cancelled
3203,1110,Keyboard,1,487.04,2024-09-10,Cancelled
3204,1622,Laptop,2,1749.34,2024-12-23,Pending
3205,1070,Keyboard,4,975.04,2024-07-18,Cancelled
3206,1079,Tablet,2,50.57,2024-07-25,Pending
3207,1739,Keyboard,1,887.08,2024-05-14,Pending
3208,1812,Tablet,3,1564.28,2024-09-01,Cancelled
3209,1229,Keyboard,1,1630.88,2024-08-16,Pending
3210,1879,Laptop,4,1646.32,2024-05-15,Cancelled
3211,1293,Tablet,4,434.07,2024-12-12,Shipped
3212,1049,Monitor,3,1074.12,2024-09-10,Cancelled
3213,1329,Keyboard,1,1181.17,2024-07-28,Cancelled
3214,1738,Keyboard,3,1989.24,2024-01-31,Pending
3215,1103,Phone,3,75.81,2024-11-03,Pending
3216,1471,Phone,3,1253.69,2024-12-14,Pending
3217,1507,Mouse,1,410.69,2024-02-28,Pending
3218,1575,Laptop,3,921.41,2024-06-06,Completed
3219,1461,Tablet,1,537.32,2024-08-26,Pending
3220,1157,Laptop,4,108.5,2024-07-12,Cancelled
3221,1669,Headphones,4,950.1,2024-08-20,Pending
3222,1062,Keyboard,4,288.22,2024-03-08,Cancelled
3223,1545,Mouse,1,201.0,2024-03-30,Pending
3224,1970,Tablet,1,273.19,2024-12-24,Completed
3225,1397,Laptop,4,1592.1,2024-10-01,Pending
3226,1617,Laptop,3,771.97,2024-01-12,Shipped
3227,1781,Tablet,1,850.48,2024-07-30,Pending
3228,1383,Monitor,2,1495.5,2024-01-06,Completed
3229,1882,Mouse,4,978.87,2024-04-20,Cancelled
3230,1986,Laptop,1,717.92,2024-05-19,Pending
3231,1515,Keyboard,3,1436.25,2024-05-23,Pending
3232,1667,Mouse,1,1904.65,2024-01-21,Completed
3233,1902,Monitor,1,686.86,2024-02-19,Shipped
3234,1743,Headphones,2,224.67,2024-07-03,Shipped
3235,1413,Monitor,2,1627.18,2024-04-27,Cancelled
3236,1834,Headphones,1,1804.23,2024-08-04,Pending
3237,1738,Mouse,3,800.35,2024-09-13,Completed
3238,1377,Keyboard,2,417.57,2024-01-04,Cancelled
3239,1572,Monitor,2,1655.51,2024-04-03,Cancelled
3240,1894,Headphones,2,1356.34,2024-06-30,Shipped
3241,1113,Laptop,4,1428.99,2024-03-01,Shipped
3242,1420,Headphones,4,192.88,2024-08-21,Completed
3243,1806,Tablet,4,1753.26,2024-12-30,Shipped
3244,1053,Tablet,1,1315.56,2024-03-10,Cancelled
3245,1213,Keyboard,4,1211.67,2024-12-01,Cancelled
3246,1378,Headphones,4,64.92,2024-03-19,Cancelled
3247,1110,Laptop,1,454.15,2024-03-03,Pending
3248,1107,Phone,4,1135.62,2024-10-25,Pending
3249,1629,Laptop,2,166.84,2024-07-21,Shipped
3250,1069,Headphones,1,1676.88,2024-06-07,Cancelled
3251,1119,Keyboard,3,742.93,2024-09-26,Completed
3252,1760,Monitor,4,1001.94,2024-05-25,Shipped
3253,1526,Laptop,2,1368.72,2024-11-20,Pending
3254,1446,Phone,1,199.61,2024-01-13,Completed
3255,1601,Tablet,2,273.43,2024-10-03,Cancelled
3256,1612,Keyboard,3,957.41,2024-09-28,Completed
3257,1587,Headphones,4,461.79,2024-08-21,Pending
3258,1362,Phone,4,100.4,2024-02-04,Completed
3259,1155,Mouse,3,1505.84,2024-02-22,Shipped
3260,1807,Laptop,1,850.57,2024-03-05,Cancelled
3261,1558,Headphones,1,242.44,2024-05-03,Cancelled
3262,1143,Mouse,4,560.47,2024-01-17,Cancelled
3263,1927,Monitor,1,1009.86,2024-07-30,Shipped
3264,1351,Mouse,3,1224.88,2024-05-23,Cancelled
3265,1613,Tablet,3,1885.22,2024-10-26,Shipped
3266,1466,Tablet,2,1197.22,2024-06-07,Shipped
3267,1062,Monitor,3,609.26,2024-01-12,Shipped
3268,1790,Mouse,2,570.55,2024-06-19,Pending
3269,1354,Monitor,1,471.88,2024-01-20,Shipped
3270,1376,Monitor,1,1373.3,2024-08-08,Pending
3271,1589,Headphones,3,1845.35,2024-11-18,Completed
3272,1999,Laptop,4,1858.56,2024-12-19,Cancelled
3273,1561,Keyboard,2,717.39,2024-09-03,Completed
3274,1816,Mouse,4,673.3,2024-03-30,Shipped
3275,1296,Laptop,3,645.87,2024-01-18,Cancelled
3276,1771,Headphones,1,52.02,2024-01-26,Completed
3277,1995,Keyboard,4,1111.93,2024-01-18,Cancelled
3278,1927,Monitor,3,150.39,2024-03-16,Shipped
3279,1638,Monitor,4,1812.49,2024-06-18,Cancelled
3280,1186,Phone,2,1142.94,2024-07-02,Cancelled
3281,1595,Keyboard,1,364.81,2024-06-10,Shipped
3282,1626,Tablet,2,1774.12,2024-03-18,Cancelled
3283,1899,Phone,1,1001.55,2024-01-25,Cancelled
3284,1452,Headphones,3,990.94,2024-09-15,Shipped
3285,1953,Laptop,1,1194.47,2024-11-10,Pending
3286,1334,Tablet,2,1854.44,2024-06-02,Cancelled
3287,1694,Monitor,3,579.87,2024-01-04,Shipped
3288,1102,Headphones,1,1491.06,2024-04-01,Shipped
3289,1740,Monitor,3,76.25,2024-02-07,Shipped
3290,1664,Mouse,4,123.02,2024-05-25,Shipped
3291,1170,Keyboard,3,1833.95,2024-08-03,Pending
3292,1739,Mouse,3,525.25,2024-06-04,Cancelled
3293,1368,Laptop,1,234.25,2024-04-22,Pending
3294,1282,Tablet,3,1932.37,2024-01-11,Completed
3295,1190,Mouse,3,180.08,2024-10-09,Completed
3296,1794,Monitor,1,1153.98,2024-04-23,Cancelled
3297,1993,Headphones,1,95.7,2024-07-01,Cancelled
3298,1825,Laptop,3,716.04,2024-03-21,Completed
3299,1047,Tablet,1,1192.79,2024-01-13,Pending
3300,1231,Phone,2,1301.83,2024-05-22,Cancelled
3301,1985,Laptop,3,1545.44,2024-06-13,Pending
3302,1751,Monitor,4,1604.3,2024-11-30,Pending
3303,1976,Monitor,4,1983.38,2024-05-10,Completed
3304,1293,Headphones,4,1980.53,2024-10-30,Shipped
3305,1134,Headphones,4,469.95,2024-06-24,Pending
3306,1853,Tablet,2,583.69,2024-01-05,Cancelled
3307,1176,Phone,3,1104.55,2024-09-29,Completed
3308,1877,Tablet,2,396.01,2024-12-17,Shipped
3309,1247,Tablet,1,611.22,2024-04-05,Shipped
3310,1761,Mouse,1,1947.42,2024-08-18,Cancelled
3311,1081,Tablet,4,1086.15,2024-05-06,Shipped
3312,1592,Phone,4,1147.26,2024-12-25,Pending
3313,1398,Monitor,2,972.72,2024-03-23,Pending
3314,1039,Keyboard,3,1494.28,2024-08-20,Completed
3315,1366,Laptop,3,1286.03,2024-10-29,Shipped
3316,1281,Tablet,1,1168.88,2024-06-10,Shipped
3317,1838,Mouse,2,1751.39,2024-08-08,Cancelled
3318,1896,Laptop,1,572.65,2024-11-28,Completed
3319,1378,Tablet,2,1430.45,2024-06-14,Cancelled
3320,1639,Tablet,4,1929.44,2024-02-16,Cancelled
3321,1362,Tablet,1,193.35,2024-02-20,Completed
3322,1411,Laptop,1,69.12,2024-04-09,Pending
3323,1768,Monitor,3,1452.08,2024-11-07,Completed
3324,1844,Laptop,1,145.8,2024-09-13,Shipped
3325,1188,Mouse,1,252.53,2024-11-14,Pending
3326,1058,Headphones,3,1842.06,2024-03-03,Shipped
3327,1699,Laptop,2,1759.39,2024-02-20,Pending
3328,1758,Laptop,4,308.41,2024-08-27,Cancelled
3329,1704,Headphones,3,838.31,2024-04-12,Completed
3330,1961,Tablet,3,1929.35,2024-08-21,Cancelled
3331,1367,Laptop,4,458.98,2024-01-15,Pending
3332,1030,Keyboard,4,312.45,2024-06-09,Pending
3333,1215,Headphones,4,584.48,2024-10-18,Cancelled
3334,1111,Headphones,3,606.66,2024-11-11,Shipped
3335,1163,Laptop,1,1455.87,2024-02-07,Cancelled
3336,1065,Tablet,2,1395.33,2024-02-03,Completed
3337,1456,Headphones,4,89.03,2024-12-10,Pending
3338,1796,Monitor,1,1103.73,2024-09-19,Cancelled
3339,1191,Phone,2,655.93,2024-04-28,Completed
3340,1021,Laptop,3,897.49,2024-12-04,Cancelled
3341,1932,Headphones,2,816.87,2024-10-08,Pending
3342,1259,Headphones,3,1826.66,2024-05-06,Cancelled
3343,1297,Phone,1,858.54,2024-05-13,Completed
3344,1881,Mouse,2,1425.17,2024-10-26,Shipped
3345,1450,Laptop,4,434.73,2024-07-06,Completed
3346,1106,Mouse,4,359.37,2024-05-22,Shipped
3347,1967,Phone,1,1182.93,2024-12-17,Completed
3348,1991,Phone,3,318.4,2024-06-18,Cancelled
3349,1965,Monitor,1,705.27,2024-11-25,Completed
3350,1602,Keyboard,2,607.82,2024-11-16,Completed
3351,1795,Phone,1,1520.79,2024-12-09,Pending
3352,1521,Phone,4,904.67,2024-07-10,Cancelled
3353,1589,Mouse,2,1953.18,2024-04-11,Completed
3354,1537,Mouse,4,1146.29,2024-08-09,Completed
3355,1711,Headphones,3,985.14,2024-10-08,Shipped
3356,1477,Headphones,4,924.11,2024-12-02,Pending
3357,1876,Monitor,2,1135.15,2024-03-09,Cancelled
3358,1204,Headphones,2,804.77,2024-04-18,Shipped
3359,1642,Headphones,1,952.89,2024-12-20,Pending
3360,1611,Monitor,1,827.07,2024-09-14,Cancelled
3361,1561,Keyboard,3,1734.27,2024-06-23,Pending
3362,1581,Mouse,4,1307.37,2024-01-19,Cancelled
3363,1462,Monitor,4,1722.99,2024-10-26,Cancelled
3364,1833,Monitor,4,1576.19,2024-05-28,Cancelled
3365,1580,Monitor,3,1554.63,2024-02-11,Pending
3366,1328,Phone,4,1371.18,2024-09-08,Shipped
3367,1608,Headphones,1,137.85,2024-08-26,Cancelled
3368,1804,Phone,1,913.23,2024-02-15,Shipped
3369,1815,Phone,1,698.45,2024-02-02,Cancelled
3370,1189,Laptop,1,498.13,2024-02-06,Completed
3371,1155,Mouse,3,1358.34,2024-03-28,Pending
3372,1197,Laptop,4,1290.05,2024-10-11,Pending
3373,1593,Laptop,3,290.12,2024-04-29,Cancelled
3374,1566,Phone,2,792.05,2024-10-19,Cancelled
3375,1971,Phone,2,1508.4,2024-08-23,Cancelled
3376,1855,Keyboard,1,220.82,2024-09-30,Pending
3377,1627,Phone,3,844.75,2024-07-27,Completed
3378,1887,Tablet,4,196.39,2024-03-29,Shipped
3379,1565,Keyboard,2,1778.57,2024-03-25,Completed
3380,1799,Tablet,1,1005.15,2024-12-13,Shipped
3381,1944,Keyboard,1,941.96,2024-05-06,Completed
3382,1668,Keyboard,2,474.88,2024-05-06,Completed
3383,1792,Mouse,1,723.22,2024-10-28,Completed
3384,1332,Laptop,2,810.82,2024-12-07,Pending
3385,1812,Mouse,2,1253.24,2024-10-10,Pending
3386,1543,Mouse,3,435.24,2024-09-23,Shipped
3387,1212,Mouse,2,1350.76,2024-12-22,Completed
3388,1258,Keyboard,4,331.53,2024-09-20,Shipped
3389,1864,Laptop,3,1545.3,2024-11-23,Pending
3390,1149,Tablet,1,550.55,2024-10-31,Pending
3391,1250,Phone,2,1524.01,2024-01-08,Pending
3392,1928,Monitor,3,782.9,2024-11-13,Shipped
3393,1378,Headphones,4,1747.49,2024-03-04,Completed
3394,1275,Phone,2,402.29,2024-10-11,Pending
3395,1451,Tablet,1,712.98,2024-01-12,Completed
3396,1196,Tablet,4,853.47,2024-04-06,Shipped
3397,1075,Phone,4,1823.58,2024-03-09,Shipped
3398,1380,Tablet,3,806.7,2024-09-24,Cancelled
3399,1237,Monitor,2,1837.44,2024-08-22,Completed
3400,1327,Laptop,1,1542.07,2024-12-15,Shipped
3401,1769,Laptop,4,1084.0,2024-10-08,Cancelled
3402,1389,Headphones,3,59.51,2024-08-14,Shipped
3403,1186,Phone,2,1828.18,2024-08-21,Completed
3404,1613,Keyboard,2,815.97,2024-02-22,Completed
3405,1712,Phone,4,483.02,2024-03-28,Shipped
3406,1077,Laptop,2,1334.45,2024-03-27,Completed
3407,1982,Mouse,1,172.02,2024-09-06,Shipped
3408,1708,Headphones,2,1874.09,2024-03-22,Completed
3409,1345,Mouse,1,1214.67,2024-10-29,Pending
3410,1086,Keyboard,3,1068.61,2024-08-17,Shipped
3411,1901,Keyboard,4,55.94,2024-07-14,Cancelled
3412,1446,Monitor,1,1277.98,2024-04-27,Shipped
3413,1027,Mouse,4,744.58,2024-01-18,Pending
3414,1954,Monitor,4,1498.92,2024-06-18,Completed
3415,1846,Keyboard,1,1044.35,2024-10-04,Cancelled
3416,1040,Tablet,2,1521.41,2024-03-10,Cancelled
3417,1010,Tablet,4,623.99,2024-08-28,Shipped
3418,1376,Phone,2,1506.21,2024-06-16,Completed
3419,1996,Tablet,2,801.07,2024-01-19,Pending
3420,1373,Mouse,1,1289.38,2024-03-08,Cancelled
3421,1128,Phone,1,238.21,2024-05-09,Shipped
3422,1780,Monitor,1,69.02,2024-09-15,Completed
3423,1509,Headphones,4,1693.96,2024-10-14,Pending
3424,1411,Laptop,2,1446.57,2024-08-29,Completed
3425,1161,Headphones,3,360.99,2024-11-12,Cancelled
3426,1595,Keyboard,2,1378.75,2024-07-21,Cancelled
3427,1863,Tablet,1,1853.28,2024-12-27,Shipped
3428,1852,Headphones,1,162.67,2024-01-08,Cancelled
3429,1206,Monitor,4,1175.9,2024-10-27,Completed
3430,1590,Phone,4,506.74,2024-09-29,Pending
3431,1042,Mouse,2,1985.07,2024-06-13,Cancelled
3432,1916,Monitor,4,1072.08,2024-09-11,Completed
3433,1269,Headphones,3,420.7,2024-02-27,Cancelled
3434,1525,Monitor,2,1836.55,2024-01-27,Pending
3435,1819,Phone,2,783.17,2024-02-10,Shipped
3436,1251,Keyboard,3,1777.35,2024-04-26,Pending
3437,1368,Phone,3,1598.83,2024-11-27,Shipped
3438,1375,Monitor,1,1959.45,2024-08-05,Completed
3439,1854,Monitor,1,292.76,2024-12-29,Shipped
3440,1677,Laptop,4,1089.23,2024-02-10,Cancelled
3441,1040,Headphones,4,912.26,2024-03-08,Pending
3442,1375,Monitor,2,1808.37,2024-07-02,Cancelled
3443,1840,Headphones,3,943.95,2024-11-07,Pending
3444,1898,Mouse,1,1669.5,2024-05-15,Pending
3445,1844,Laptop,3,1776.31,2024-06-27,Cancelled
3446,1762,Keyboard,3,1392.35,2024-05-23,Shipped
3447,1549,Laptop,2,1673.6,2024-04-01,Completed
3448,1178,Laptop,1,1985.98,2024-01-29,Shipped
3449,1034,Headphones,1,989.06,2024-02-22,Cancelled
3450,1263,Laptop,2,1886.21,2024-05-19,Cancelled
3451,1708,Monitor,1,1333.7,2024-01-06,Cancelled
3452,1198,Keyboard,3,1033.8,2024-03-20,Completed
3453,1179,Tablet,2,1552.19,2024-10-17,Cancelled
3454,1195,Laptop,2,968.59,2024-02-28,Shipped
3455,1641,Laptop,1,276.4,2024-10-10,Shipped
3456,1803,Phone,4,763.84,2024-03-20,Completed
3457,1085,Monitor,1,97.61,2024-06-19,Completed
3458,1576,Tablet,1,1681.91,2024-04-06,Cancelled
3459,1707,Mouse,4,594.35,2024-10-07,Cancelled
3460,1243,Laptop,2,194.53,2024-03-08,Pending
3461,1325,Keyboard,3,610.01,2024-09-28,Cancelled
3462,1614,Keyboard,3,880.48,2024-01-23,Shipped
3463,1906,Monitor,2,1674.76,2024-05-22,Completed
3464,1603,Headphones,4,1136.01,2024-09-20,Shipped
3465,1597,Laptop,3,1853.91,2024-12-13,Pending
3466,1529,Mouse,1,1810.03,2024-03-09,Pending
3467,1598,Phone,2,1472.77,2024-05-02,Cancelled
3468,1270,Keyboard,2,124.56,2024-06-19,Shipped
3469,1197,Keyboard,4,737.41,2024-11-10,Shipped
3470,1184,Headphones,3,70.98,2024-03-16,Cancelled
3471,1115,Tablet,3,1960.12,2024-06-01,Completed
3472,1207,Phone,3,835.23,2024-02-05,Shipped
3473,1421,Phone,3,885.45,2024-08-13,Cancelled
3474,1113,Monitor,4,1293.07,2024-05-31,Completed
3475,1060,Mouse,4,1093.03,2024-06-30,Cancelled
3476,1524,Headphones,4,1862.63,2024-09-27,Cancelled
3477,1392,Monitor,1,393.14,2024-03-04,Pending
3478,1013,Keyboard,3,1851.33,2024-08-14,Shipped
3479,1697,Monitor,1,1938.2,2024-12-11,Shipped
3480,1645,Laptop,3,557.23,2024-06-24,Pending
3481,1588,Mouse,2,912.02,2024-11-23,Completed
3482,1661,Mouse,4,124.7,2024-04-26,Shipped
3483,1115,Headphones,1,1654.97,2024-02-21,Pending
3484,1892,Mouse,1,1982.75,2024-12-04,Shipped
3485,1528,Mouse,1,1133.51,2024-06-13,Pending
3486,1599,Monitor,1,227.88,2024-03-13,Shipped
3487,1872,Headphones,1,340.26,2024-10-23,Shipped
3488,1519,Headphones,1,1644.62,2024-02-24,Completed
3489,1486,Phone,1,242.91,2024-12-25,Shipped
3490,1061,Phone,3,500.39,2024-04-20,Pending
3491,1867,Headphones,2,748.44,2024-09-20,Pending
3492,1741,Tablet,4,1585.23,2024-07-26,Pending
3493,1297,Keyboard,1,1965.88,2024-10-07,Completed
3494,1848,Tablet,3,550.74,2024-08-18,Completed
3495,1953,Mouse,4,919.76,2024-11-09,Shipped
3496,1322,Phone,3,959.41,2024-01-15,Cancelled
3497,1363,Mouse,4,1818.59,2024-11-27,Pending
3498,1626,Headphones,2,819.99,2024-06-01,Completed
3499,1105,Keyboard,3,259.6,2024-04-22,Pending
3500,1657,Mouse,1,683.18,2024-03-28,Cancelled
3501,1779,Laptop,4,1550.28,2024-05-25,Cancelled
3502,1038,Monitor,1,643.49,2024-02-28,Cancelled
3503,1248,Laptop,2,1128.69,2024-01-27,Cancelled
3504,1129,Monitor,1,1459.17,2024-07-02,Pending
3505,1808,Headphones,4,1985.25,2024-08-18,Pending
3506,1060,Keyboard,2,186.66,2024-04-07,Cancelled
3507,1531,Mouse,1,1947.4,2024-04-04,Cancelled
3508,1051,Keyboard,4,685.44,2024-02-10,Completed
3509,1428,Headphones,3,463.34,2024-05-05,Shipped
3510,1850,Phone,3,103.37,2024-08-16,Shipped
3511,1226,Phone,2,439.08,2024-10-08,Completed
3512,1374,Headphones,2,661.07,2024-08-10,Shipped
3513,1420,Headphones,2,1462.22,2024-10-01,Cancelled
3514,1814,Laptop,2,1680.8,2024-08-18,Cancelled
3515,1481,Headphones,3,1494.14,2024-12-15,Pending
3516,1347,Mouse,2,693.14,2024-11-07,Pending
3517,1149,Laptop,2,1607.92,2024-06-01,Cancelled
3518,1402,Headphones,4,1906.39,2024-07-20,Pending
3519,1930,Tablet,4,828.96,2024-06-02,Pending
3520,1646,Phone,1,1938.85,2024-07-16,Pending
3521,1966,Keyboard,1,429.11,2024-08-22,Pending
3522,1083,Monitor,1,757.86,2024-05-17,Completed
3523,1220,Laptop,2,1749.14,2024-12-29,Pending
3524,1544,Mouse,2,209.12,2024-12-12,Cancelled
3525,1644,Tablet,3,954.14,2024-10-18,Shipped
3526,1688,Tablet,3,1811.48,2024-11-29,Shipped
3527,1721,Headphones,3,871.57,2024-08-10,Cancelled
3528,1354,Keyboard,4,1689.52,2024-10-31,Shipped
3529,1647,Tablet,1,681.82,2024-12-30,Pending
3530,1800,Phone,1,1203.88,2024-01-23,Completed
3531,1759,Keyboard,1,1882.86,2024-06-01,Cancelled
3532,1991,Headphones,2,1570.67,2024-02-20,Completed
3533,1182,Phone,1,93.36,2024-04-01,Completed
3534,1282,Monitor,1,455.67,2024-01-07,Cancelled
3535,1972,Phone,2,992.18,2024-11-07,Pending
3536,1434,Laptop,1,88.47,2024-05-28,Cancelled
3537,1562,Monitor,1,1032.0,2024-01-02,Completed
3538,1774,Phone,1,1330.55,2024-02-07,Shipped
3539,1320,Phone,4,62.71,2024-02-18,Completed
3540,1127,Laptop,3,1382.98,2024-01-03,Cancelled
3541,1264,Monitor,3,599.94,2024-07-18,Pending
3542,1916,Phone,1,1271.75,2024-01-13,Completed
3543,1498,Keyboard,3,1687.99,2024-09-25,Cancelled
3544,1948,Headphones,3,1652.57,2024-05-20,Completed
3545,1113,Phone,1,1949.8,2024-05-05,Completed
3546,1674,Mouse,4,764.3,2024-05-26,Shipped
3547,1922,Keyboard,4,540.09,2024-09-12,Completed
3548,1026,Keyboard,2,909.83,2024-05-15,Completed
3549,1022,Headphones,2,1890.67,2024-12-05,Cancelled
3550,1253,Tablet,4,771.19,2024-07-28,Shipped
3551,1632,Monitor,1,788.1,2024-01-30,Pending
3552,1863,Monitor,2,438.31,2024-07-06,Cancelled
3553,1091,Monitor,2,1376.54,2024-04-10,Cancelled
3554,1601,Phone,1,849.66,2024-02-21,Cancelled
3555,1044,Headphones,2,153.29,2024-07-11,Shipped
3556,1537,Laptop,2,388.53,2024-06-01,Pending
3557,1237,Mouse,1,531.05,2024-04-21,Completed
3558,1747,Mouse,1,394.69,2024-05-05,Shipped
3559,1825,Keyboard,4,1497.48,2024-01-26,Cancelled
3560,1290,Monitor,2,595.53,2024-10-11,Completed
3561,1370,Tablet,3,1064.63,2024-07-23,Shipped
3562,1384,Phone,3,169.64,2024-08-02,Cancelled
3563,1170,Headphones,1,539.77,2024-03-29,Cancelled
3564,1117,Headphones,3,63.89,2024-12-21,Shipped
3565,1462,Keyboard,2,78.97,2024-11-23,Pending
3566,1458,Keyboard,4,293.12,2024-03-11,Shipped
3567,1546,Tablet,3,543.28,2024-05-01,Completed
3568,1816,Keyboard,1,957.21,2024-02-10,Cancelled
3569,1207,Tablet,2,1103.21,2024-02-21,Completed
3570,1060,Headphones,2,337.37,2024-01-20,Shipped
3571,1833,Keyboard,4,1075.85,2024-12-25,Completed
3572,1208,Tablet,1,441.95,2024-04-23,Pending
3573,1217,Headphones,4,523.5,2024-10-23,Shipped
3574,1812,Headphones,3,1670.88,2024-03-02,Shipped
3575,1702,Tablet,4,1435.7,2024-07-20,Cancelled
3576,1454,Monitor,2,670.45,2024-02-17,Cancelled
3577,1528,Phone,3,137.34,2024-07-15,Pending
3578,1821,Keyboard,2,126.15,2024-01-02,Cancelled
3579,1184,Keyboard,3,940.45,2024-07-24,Completed
3580,1603,Mouse,3,1526.87,2024-03-14,Shipped
3581,1277,Monitor,2,1667.84,2024-11-09,Pending
3582,1849,Tablet,2,957.1,2024-02-27,Completed
3583,1671,Mouse,3,710.41,2024-10-09,Completed
3584,1665,Headphones,4,1296.94,2024-03-13,Shipped
3585,1963,Laptop,2,343.05,2024-04-27,Shipped
3586,1711,Tablet,2,516.24,2024-11-01,Completed
3587,1881,Phone,4,75.82,2024-07-23,Shipped
3588,1703,Monitor,2,1629.01,2024-12-11,Pending
3589,1747,Phone,1,1292.82,2024-02-14,Cancelled
3590,1383,Tablet,3,1261.51,2024-11-23,Completed
3591,1830,Keyboard,3,1270.15,2024-12-14,Shipped
3592,1757,Laptop,1,1443.26,2024-07-28,Pending
3593,1787,Headphones,4,1635.32,2024-12-01,Completed
3594,1752,Monitor,3,222.67,2024-06-15,Completed
3595,1754,Headphones,3,1483.83,2024-06-06,Shipped
3596,1115,Tablet,4,489.67,2024-06-25,Pending
3597,1509,Laptop,1,1323.44,2024-03-24,Cancelled
3598,1718,Keyboard,2,896.56,2024-12-15,Pending
3599,1913,Mouse,3,1826.14,2024-12-10,Shipped
3600,1251,Phone,2,1344.15,2024-02-28,Pending
3601,1799,Headphones,1,1740.09,2024-12-01,Shipped
3602,1735,Headphones,3,1449.52,2024-06-08,Pending
3603,1801,Phone,4,350.54,2024-12-10,Completed
3604,1098,Headphones,4,1415.72,2024-01-18,Cancelled
3605,1454,Tablet,4,733.31,2024-02-04,Shipped
3606,1135,Keyboard,2,1698.21,2024-12-16,Cancelled
3607,1896,Keyboard,3,859.04,2024-04-08,Completed
3608,1420,Headphones,4,1848.47,2024-10-10,Pending
3609,1969,Phone,2,1360.32,2024-05-21,Shipped
3610,1508,Monitor,1,1186.7,2024-10-20,Cancelled
3611,1477,Mouse,3,243.74,2024-01-20,Pending
3612,1838,Monitor,3,988.51,2024-05-15,Completed
3613,1584,Laptop,2,956.74,2024-06-04,Shipped
3614,1881,Tablet,3,1577.98,2024-11-04,Pending
3615,1764,Laptop,1,1871.23,2024-10-19,Cancelled
3616,1037,Laptop,1,314.92,2024-08-16,Pending
3617,1744,Mouse,4,1614.76,2024-07-09,Pending
3618,1011,Monitor,2,580.0,2024-04-14,Shipped
3619,1060,Headphones,4,871.26,2024-09-16,Completed
3620,1979,Headphones,2,508.2,2024-03-08,Shipped
3621,1758,Keyboard,2,92.99,2024-08-17,Shipped
3622,1097,Mouse,2,1923.52,2024-02-25,Shipped
3623,1713,Phone,1,1130.83,2024-05-15,Shipped
3624,1565,Phone,1,722.32,2024-04-08,Completed
3625,1339,Laptop,4,1608.33,2024-12-22,Shipped
3626,1434,Mouse,4,760.54,2024-01-10,Completed
3627,1547,Tablet,4,904.45,2024-06-27,Completed
3628,1888,Monitor,2,620.18,2024-10-28,Completed
3629,1718,Phone,1,1500.73,2024-03-04,Cancelled
3630,1486,Mouse,2,1399.3,2024-04-17,Cancelled
3631,1293,Tablet,4,1568.61,2024-04-06,Cancelled
3632,1402,Tablet,4,301.74,2024-07-16,Pending
3633,1454,Phone,1,1616.69,2024-08-29,Shipped
3634,1997,Laptop,1,323.84,2024-04-30,Cancelled
3635,1552,Headphones,3,1745.52,2024-02-26,Completed
3636,1572,Keyboard,1,314.21,2024-07-15,Pending
3637,1616,Tablet,3,1803.52,2024-05-28,Shipped
3638,1535,Tablet,1,1178.03,2024-12-19,Pending
3639,1566,Mouse,1,336.55,2024-04-01,Shipped
3640,1216,Monitor,4,419.15,2024-01-03,Shipped
3641,1540,Headphones,3,553.16,2024-04-29,Completed
3642,1099,Tablet,1,1558.67,2024-01-26,Completed
3643,1058,Monitor,3,1052.99,2024-08-20,Completed
3644,1027,Mouse,4,1949.14,2024-02-04,Completed
3645,1387,Monitor,2,1946.19,2024-07-10,Completed
3646,1217,Monitor,2,589.16,2024-05-04,Pending
3647,1395,Laptop,4,1460.04,2024-07-16,Shipped
3648,1228,Tablet,2,1442.48,2024-07-27,Shipped
3649,1772,Mouse,3,988.18,2024-11-16,Completed
3650,1408,Keyboard,3,1874.94,2024-11-24,Completed
3651,1077,Tablet,2,1526.54,2024-05-26,Shipped
3652,1820,Mouse,2,258.74,2024-03-03,Shipped
3653,1432,Mouse,3,334.82,2024-03-01,Completed
3654,1961,Tablet,4,1158.81,2024-09-12,Shipped
3655,1074,Monitor,3,1403.55,2024-08-20,Completed
3656,1446,Keyboard,1,1070.27,2024-11-10,Completed
3657,1744,Laptop,1,1619.44,2024-01-23,Cancelled
3658,1085,Monitor,4,1697.51,2024-11-19,Shipped
3659,1489,Laptop,3,421.14,2024-02-22,Shipped
3660,1640,Headphones,1,1652.23,2024-05-06,Shipped
3661,1851,Mouse,1,1889.56,2024-03-06,Cancelled
3662,1305,Keyboard,3,1723.26,2024-10-06,Shipped
3663,1714,Monitor,3,1204.34,2024-04-16,Cancelled
3664,1785,Monitor,4,1703.44,2024-05-01,Pending
3665,1304,Keyboard,2,986.88,2024-05-02,Pending
3666,1281,Phone,1,361.25,2024-05-09,Cancelled
3667,1976,Mouse,3,511.65,2024-12-19,Pending
3668,1228,Mouse,4,1847.92,2024-09-11,Shipped
3669,1933,Laptop,3,1653.09,2024-01-29,Cancelled
3670,1476,Laptop,4,1801.28,2024-09-24,Pending
3671,1478,Keyboard,2,1148.16,2024-04-20,Shipped
3672,1831,Phone,4,339.72,2024-05-22,Completed
3673,1781,Keyboard,1,1191.47,2024-11-02,Pending
3674,1413,Headphones,1,1570.23,2024-05-25,Pending
3675,1891,Keyboard,4,1670.63,2024-05-29,Completed
3676,1144,Phone,2,400.87,2024-06-16,Shipped
3677,1558,Laptop,1,1795.39,2024-08-28,Completed
3678,1426,Mouse,2,395.4,2024-07-08,Shipped
3679,1423,Headphones,2,1809.85,2024-01-04,Pending
3680,1705,Tablet,1,1800.87,2024-09-02,Pending
3681,1269,Keyboard,2,243.03,2024-02-21,Cancelled
3682,1537,Phone,1,1203.0,2024-12-17,Shipped
3683,1370,Phone,1,929.31,2024-10-18,Completed
3684,1545,Phone,3,148.2,2024-07-15,Completed
3685,1890,Keyboard,4,1874.74,2024-03-06,Shipped
3686,1681,Headphones,4,1727.4,2024-04-29,Pending
3687,1329,Mouse,3,68.69,2024-10-19,Cancelled
3688,1095,Mouse,1,1350.05,2024-06-23,Pending
3689,1079,Keyboard,3,1867.28,2024-11-26,Pending
3690,1844,Tablet,3,567.32,2024-08-10,Pending
3691,1685,Laptop,3,728.43,2024-02-16,Completed
3692,1140,Headphones,3,1200.26,2024-05-23,Completed
3693,1495,Laptop,1,204.71,2024-02-21,Shipped
3694,1123,Headphones,1,1728.03,2024-05-02,Pending
3695,1435,Laptop,1,1677.21,2024-09-18,Shipped
3696,1970,Headphones,1,1782.97,2024-03-26,Pending
3697,1665,Monitor,4,623.16,2024-05-09,Completed
3698,1631,Laptop,3,261.34,2024-03-11,Completed
3699,1232,Phone,2,619.48,2024-06-11,Pending
3700,1086,Keyboard,2,1125.64,2024-09-10,Cancelled
3701,1306,Headphones,4,1407.05,2024-09-21,Pending
3702,1403,Laptop,1,968.63,2024-11-10,Pending
3703,1568,Keyboard,1,1795.99,2024-11-14,Cancelled
3704,1268,Phone,4,1408.81,2024-04-19,Cancelled
3705,1843,Laptop,4,235.69,2024-11-19,Cancelled
3706,1390,Mouse,1,287.32,2024-07-05,Shipped
3707,1546,Tablet,1,1852.31,2024-06-11,Pending
3708,1190,Keyboard,1,1481.07,2024-08-07,Cancelled
3709,1796,Laptop,1,1079.5,2024-09-20,Pending
3710,1403,Phone,3,1008.51,2024-08-03,Cancelled
3711,1746,Monitor,1,1373.67,2024-04-07,Completed
3712,1691,Keyboard,1,532.03,2024-10-29,Cancelled
3713,1322,Monitor,1,993.71,2024-04-12,Pending
3714,1045,Monitor,3,1907.9,2024-12-21,Cancelled
3715,1328,Monitor,3,1420.3,2024-11-09,Completed
3716,1113,Headphones,2,1624.08,2024-08-16,Cancelled
3717,1541,Monitor,2,784.81,2024-05-12,Pending
3718,1544,Monitor,2,1254.81,2024-06-09,Pending
3719,1337,Phone,1,621.91,2024-05-25,Cancelled
3720,1439,Phone,4,1422.23,2024-04-08,Cancelled
3721,1725,Headphones,4,1021.03,2024-06-20,Pending
3722,1431,Phone,1,1528.96,2024-06-13,Pending
3723,1974,Monitor,3,74.6,2024-02-19,Shipped
3724,1554,Tablet,1,945.32,2024-10-02,Pending
3725,1475,Mouse,4,912.27,2024-08-10,Pending
3726,1814,Mouse,3,449.68,2024-04-03,Cancelled
3727,1231,Laptop,2,1023.34,2024-12-14,Shipped
3728,1534,Tablet,3,285.25,2024-11-09,Shipped
3729,1579,Keyboard,3,1868.61,2024-07-20,Cancelled
3730,1064,Headphones,4,1585.06,2024-05-05,Completed
3731,1950,Laptop,4,658.6,2024-10-11,Cancelled
3732,1924,Tablet,3,1664.23,2024-03-21,Shipped
3733,1530,Monitor,3,400.71,2024-10-10,Shipped
3734,1596,Headphones,3,1130.43,2024-02-29,Cancelled
3735,1617,Tablet,2,978.98,2024-01-25,Shipped
3736,1882,Tablet,2,809.81,2024-07-22,Pending
3737,1249,Keyboard,1,834.33,2024-05-17,Pending
3738,1470,Tablet,2,1527.5,2024-01-04,Pending
3739,1118,Phone,1,990.75,2024-03-27,Cancelled
3740,1081,Keyboard,3,1410.04,2024-08-30,Shipped
3741,1954,Laptop,4,1814.23,2024-08-06,Completed
3742,1482,Mouse,4,94.7,2024-06-21,Pending
3743,1840,Phone,2,177.11,2024-06-04,Shipped
3744,1887,Tablet,3,1632.91,2024-05-27,Pending
3745,1703,Laptop,2,1111.38,2024-10-20,Pending
3746,1510,Tablet,3,1884.3,2024-09-07,Shipped
3747,1318,Laptop,3,454.85,2024-07-06,Shipped
3748,1371,Phone,3,782.26,2024-09-25,Shipped
3749,1617,Phone,3,206.77,2024-02-29,Completed
3750,1004,Laptop,3,1319.93,2024-06-14,Cancelled
3751,1935,Headphones,2,1014.52,2024-12-23,Pending
3752,1386,Tablet,2,1836.74,2024-03-08,Completed
3753,1035,Monitor,4,962.29,2024-06-23,Shipped
3754,1347,Mouse,2,424.94,2024-07-20,Cancelled
3755,1921,Mouse,3,1808.62,2024-12-22,Shipped
3756,1197,Laptop,1,1984.47,2024-12-09,Pending
3757,1971,Tablet,2,1349.18,2024-07-28,Pending
3758,1039,Laptop,3,533.59,2024-08-01,Shipped
3759,1909,Tablet,4,1166.75,2024-05-10,Completed
3760,1328,Keyboard,4,1613.03,2024-01-03,Pending
3761,1156,Keyboard,4,72.81,2024-03-11,Completed
3762,1272,Headphones,2,1929.46,2024-12-14,Pending
3763,1082,Mouse,1,1084.55,2024-02-19,Cancelled
3764,1226,Headphones,4,923.9,2024-06-29,Pending
3765,1729,Mouse,4,1228.46,2024-12-17,Pending
3766,1905,Monitor,1,69.16,2024-09-03,Completed
3767,1592,Mouse,1,145.7,2024-06-18,Cancelled
3768,1045,Laptop,2,99.84,2024-11-19,Cancelled
3769,1264,Tablet,2,1054.82,2024-05-06,Shipped
3770,1575,Laptop,3,1903.86,2024-10-16,Shipped
3771,1570,Mouse,2,258.78,2024-01-25,Pending
3772,1809,Keyboard,3,705.81,2024-03-18,Shipped
3773,1774,Phone,3,611.61,2024-09-29,Completed
3774,1857,Mouse,2,1610.98,2024-04-20,Completed
3775,1766,Laptop,3,1521.64,2024-10-16,Completed
3776,1685,Tablet,3,877.65,2024-01-06,Cancelled
3777,1424,Headphones,2,1618.05,2024-11-11,Cancelled
3778,1500,Phone,2,379.92,2024-04-06,Shipped
3779,1130,Headphones,1,1870.15,2024-02-18,Completed
3780,1377,Mouse,3,135.65,2024-07-15,Completed
3781,1135,Mouse,2,442.15,2024-02-23,Completed
3782,1687,Headphones,1,1979.6,2024-01-09,Completed
3783,1414,Tablet,1,419.55,2024-12-29,Completed
3784,1495,Monitor,3,804.17,2024-09-30,Pending
3785,1029,Keyboard,4,541.6,2024-06-11,Completed
3786,1645,Tablet,4,376.62,2024-03-05,Completed
3787,1171,Tablet,3,1083.52,2024-06-05,Cancelled
3788,1435,Monitor,2,1351.12,2024-11-23,Shipped
3789,1185,Laptop,1,1744.33,2024-01-19,Shipped
3790,1610,Headphones,3,52.44,2024-07-22,Pending
3791,1567,Tablet,1,80.1,2024-02-21,Cancelled
3792,1833,Phone,4,245.37,2024-10-05,Shipped
3793,1508,Laptop,2,122.02,2024-11-09,Completed
3794,1223,Headphones,4,679.6,2024-02-12,Shipped
3795,1701,Mouse,3,1179.89,2024-04-20,Shipped
3796,1840,Tablet,2,1784.79,2024-08-26,Shipped
3797,1216,Monitor,1,236.7,2024-12-05,Cancelled
3798,1559,Monitor,3,1060.82,2024-06-15,Shipped
3799,1580,Tablet,2,349.82,2024-07-31,Shipped
3800,1084,Laptop,4,1438.08,2024-10-18,Shipped
3801,1108,Headphones,4,1642.51,2024-01-18,Completed
3802,1573,Laptop,1,563.78,2024-08-26,Cancelled
3803,1904,Laptop,4,579.12,2024-05-24,Pending
3804,1930,Keyboard,4,972.09,2024-06-03,Shipped
3805,1218,Phone,3,488.64,2024-07-17,Shipped
3806,1321,Tablet,2,194.31,2024-01-19,Cancelled
3807,1421,Headphones,2,1965.07,2024-04-21,Shipped
3808,1184,Headphones,2,565.67,2024-06-21,Completed
3809,1628,Laptop,4,900.39,2024-07-24,Pending
3810,1303,Tablet,4,1019.55,2024-09-19,Completed
3811,1998,Headphones,3,1188.72,2024-02-07,Cancelled
3812,1643,Monitor,1,302.83,2024-03-15,Shipped
3813,1519,Headphones,1,1279.12,2024-12-01,Pending
3814,1358,Tablet,1,534.02,2024-06-08,Shipped
3815,1205,Tablet,1,1332.29,2024-04-13,Shipped
3816,1595,Laptop,1,898.46,2024-05-16,Cancelled
3817,1020,Phone,3,215.15,2024-02-26,Pending
3818,1130,Tablet,1,70.25,2024-05-19,Completed
3819,1504,Mouse,2,1049.46,2024-05-13,Shipped
3820,1069,Headphones,3,293.2,2024-03-06,Cancelled
3821,1143,Headphones,4,1551.55,2024-12-17,Completed
3822,1350,Phone,2,1734.48,2024-11-17,Cancelled
3823,1520,Tablet,1,1813.54,2024-02-05,Cancelled
3824,1118,Mouse,2,1268.36,2024-01-25,Shipped
3825,1682,Tablet,1,1283.3,2024-07-09,Pending
3826,1695,Mouse,1,1211.31,2024-04-02,Completed
3827,1037,Monitor,4,1523.48,2024-07-07,Cancelled
3828,1107,Phone,2,1921.25,2024-07-17,Completed
3829,1161,Monitor,4,154.05,2024-04-23,Cancelled
3830,1270,Laptop,3,1519.44,2024-10-06,Pending
3831,1246,Mouse,2,194.02,2024-08-08,Cancelled
3832,1026,Phone,2,1495.93,2024-04-24,Shipped
3833,1973,Phone,4,666.75,2024-09-12,Shipped
3834,1269,Laptop,1,1281.94,2024-12-31,Pending
3835,1693,Monitor,1,1802.94,2024-10-31,Cancelled
3836,1447,Laptop,2,486.48,2024-11-13,Pending
3837,1576,Mouse,1,1095.45,2024-04-05,Pending
3838,1464,Headphones,1,371.96,2024-07-18,Pending
3839,1737,Headphones,4,1879.22,2024-07-17,Cancelled
3840,1413,Tablet,4,759.62,2024-02-28,Shipped
3841,1280,Tablet,4,1256.79,2024-01-30,Cancelled
3842,1966,Headphones,1,1561.7,2024-07-21,Shipped
3843,1357,Phone,4,281.86,2024-06-28,Completed
3844,1660,Laptop,4,1317.37,2024-04-01,Pending
3845,1558,Tablet,2,281.73,2024-10-17,Cancelled
3846,1043,Tablet,1,1026.22,2024-03-12,Pending
3847,1040,Keyboard,4,912.44,2024-06-23,Pending
3848,1784,Phone,4,781.45,2024-05-22,Completed
3849,1984,Keyboard,2,73.52,2024-05-28,Cancelled
3850,1456,Keyboard,3,1382.76,2024-12-10,Cancelled
3851,1699,Headphones,2,1625.71,2024-10-16,Shipped
3852,1271,Laptop,3,1729.6,2024-09-09,Pending
3853,1995,Mouse,2,1088.17,2024-03-04,Pending
3854,1513,Phone,4,972.72,2024-04-11,Pending
3855,1963,Phone,4,789.52,2024-12-01,Pending
3856,1272,Headphones,3,1307.83,2024-03-01,Shipped
3857,1965,Headphones,1,751.44,2024-10-08,Cancelled
3858,1894,Tablet,3,272.05,2024-09-22,Completed
3859,1918,Monitor,1,312.7,2024-04-14,Cancelled
3860,1700,Monitor,3,1084.21,2024-01-29,Cancelled
3861,1333,Tablet,3,1800.24,2024-01-09,Completed
3862,1816,Tablet,1,951.17,2024-10-07,Shipped
3863,1557,Headphones,1,838.37,2024-05-13,Completed
3864,1039,Monitor,2,1998.01,2024-06-23,Cancelled
3865,1341,Headphones,3,215.29,2024-03-23,Shipped
3866,1132,Headphones,3,866.0,2024-06-16,Pending
3867,1366,Tablet,4,484.66,2024-04-10,Pending
3868,1146,Keyboard,2,738.3,2024-01-12,Pending
3869,1311,Phone,2,1607.26,2024-01-29,Cancelled
3870,1667,Tablet,2,614.06,2024-04-23,Pending
3871,1795,Headphones,2,1949.31,2024-02-29,Cancelled
3872,1659,Laptop,3,990.09,2024-07-29,Pending
3873,1055,Monitor,3,1350.62,2024-02-23,Cancelled
3874,1102,Laptop,4,520.08,2024-08-04,Completed
3875,1670,Monitor,4,266.53,2024-03-14,Shipped
3876,1739,Tablet,1,1752.4,2024-08-30,Completed
3877,1713,Tablet,1,1035.74,2024-04-10,Pending
3878,1134,Monitor,4,332.38,2024-01-24,Cancelled
3879,1023,Tablet,2,1077.59,2024-04-24,Completed
3880,1673,Mouse,2,1263.33,2024-10-31,Cancelled
3881,1228,Monitor,1,1145.24,2024-05-06,Cancelled
3882,1234,Tablet,1,202.62,2024-11-02,Pending
3883,1652,Tablet,2,1772.64,2024-08-14,Cancelled
3884,1125,Phone,1,558.33,2024-08-27,Completed
3885,1575,Keyboard,3,1678.78,2024-12-13,Shipped
3886,1418,Mouse,4,1021.03,2024-07-13,Shipped
3887,1179,Headphones,4,1919.92,2024-09-20,Completed
3888,1779,Laptop,2,257.72,2024-01-26,Shipped
3889,1409,Laptop,2,1083.85,2024-10-09,Pending
3890,1272,Tablet,2,226.3,2024-11-14,Pending
3891,1691,Keyboard,4,1377.82,2024-06-16,Pending
3892,1299,Tablet,1,1819.31,2024-11-26,Completed
3893,1286,Mouse,2,1781.74,2024-08-25,Pending
3894,1711,Monitor,2,1313.06,2024-01-21,Pending
3895,1249,Monitor,3,1681.36,2024-10-22,Pending
3896,1727,Mouse,3,1205.64,2024-12-01,Shipped
3897,1012,Tablet,2,914.61,2024-08-27,Cancelled
3898,1243,Tablet,1,402.78,2024-10-27,Pending
3899,1825,Keyboard,4,740.9,2024-09-04,Pending
3900,1656,Laptop,2,1131.81,2024-07-13,Completed
3901,1024,Keyboard,3,1440.83,2024-01-02,Cancelled
3902,1563,Laptop,2,1914.8,2024-07-05,Shipped
3903,1453,Phone,1,694.8,2024-11-06,Completed
3904,1137,Mouse,2,1369.97,2024-10-25,Cancelled
3905,1745,Headphones,4,427.86,2024-11-20,Pending
3906,1217,Headphones,3,925.63,2024-07-01,Cancelled
3907,1609,Tablet,4,1688.07,2024-07-01,Cancelled
3908,1906,Phone,2,1184.24,2024-06-22,Cancelled
3909,1126,Headphones,2,1864.56,2024-06-19,Shipped
3910,1408,Mouse,4,585.58,2024-02-12,Shipped
3911,1421,Tablet,3,430.33,2024-09-23,Shipped
3912,1257,Laptop,4,1468.06,2024-09-20,Cancelled
3913,1219,Tablet,2,1428.8,2024-08-02,Cancelled
3914,1982,Mouse,2,707.17,2024-12-18,Cancelled
3915,1686,Monitor,3,1632.16,2024-06-03,Pending
3916,1353,Tablet,1,184.52,2024-09-25,Pending
3917,1086,Keyboard,3,1573.26,2024-10-06,Shipped
3918,1923,Phone,2,589.05,2024-08-10,Completed
3919,1193,Tablet,1,713.74,2024-05-05,Completed
3920,1823,Mouse,1,316.7,2024-02-09,Shipped
3921,1845,Phone,3,879.43,2024-05-19,Pending
3922,1049,Mouse,2,1649.31,2024-08-19,Cancelled
3923,1560,Headphones,4,1278.85,2024-09-01,Cancelled
3924,1829,Phone,2,350.1,2024-07-08,Pending
3925,1853,Phone,4,255.45,2024-01-23,Shipped
3926,1998,Phone,2,795.6,2024-12-02,Completed
3927,1252,Mouse,3,866.09,2024-07-19,Cancelled
3928,1338,Laptop,2,741.31,2024-03-03,Cancelled
3929,1630,Laptop,4,1398.69,2024-10-09,Shipped
3930,1772,Laptop,1,772.95,2024-04-15,Completed
3931,1326,Headphones,1,470.58,2024-01-22,Pending
3932,1064,Phone,2,298.22,2024-02-20,Cancelled
3933,1941,Headphones,2,1223.95,2024-05-03,Pending
3934,1666,Laptop,2,1284.02,2024-11-02,Cancelled
3935,1209,Keyboard,1,561.7,2024-10-31,Cancelled
3936,1882,Keyboard,1,1571.17,2024-02-01,Completed
3937,1573,Keyboard,3,577.12,2024-11-22,Pending
3938,1226,Headphones,1,1310.96,2024-07-25,Pending
3939,1184,Keyboard,4,557.14,2024-04-09,Shipped
3940,1372,Mouse,1,736.54,2024-12-12,Pending
3941,1720,Keyboard,3,1420.54,2024-11-28,Cancelled
3942,1144,Monitor,4,950.67,2024-04-26,Shipped
3943,1011,Headphones,1,72.12,2024-09-16,Completed
3944,1439,Laptop,3,526.25,2024-04-22,Shipped
3945,1281,Tablet,4,1511.69,2024-10-15,Pending
3946,1899,Phone,4,630.83,2024-11-19,Shipped
3947,1367,Monitor,3,60.94,2024-12-23,Cancelled
3948,1862,Monitor,2,1782.37,2024-07-05,Shipped
3949,1266,Tablet,2,1572.15,2024-09-06,Completed
3950,1794,Laptop,4,951.7,2024-10-31,Completed
3951,1296,Mouse,3,794.51,2024-08-25,Shipped
3952,1183,Phone,4,1993.83,2024-05-13,Cancelled
3953,1871,Mouse,1,1765.08,2024-06-11,Shipped
3954,1562,Mouse,2,549.91,2024-11-16,Completed
3955,1631,Monitor,3,1387.69,2024-01-27,Completed
3956,1497,Monitor,2,219.44,2024-07-28,Completed
3957,1959,Headphones,4,1739.28,2024-01-15,Cancelled
3958,1922,Headphones,1,241.2,2024-01-28,Shipped
3959,1790,Mouse,2,929.39,2024-06-13,Shipped
3960,1823,Headphones,3,1207.37,2024-03-15,Completed
3961,1876,Tablet,4,1782.04,2024-02-05,Shipped
3962,1139,Phone,4,1729.23,2024-07-27,Pending
3963,1524,Headphones,1,61.82,2024-08-31,Cancelled
3964,1556,Monitor,3,442.7,2024-09-14,Pending
3965,1638,Phone,1,275.58,2024-03-14,Completed
3966,1177,Monitor,3,172.03,2024-12-21,Cancelled
3967,1967,Tablet,1,1511.65,2024-12-02,Completed
3968,1279,Phone,2,1331.51,2024-06-16,Completed
3969,1060,Phone,4,708.26,2024-03-07,Pending
3970,1814,Mouse,2,997.26,2024-09-25,Shipped
3971,1720,Phone,3,203.71,2024-03-20,Shipped
3972,1253,Mouse,4,1868.32,2024-11-03,Cancelled
3973,1723,Laptop,3,1059.71,2024-10-26,Pending
3974,1919,Phone,1,362.27,2024-05-30,Pending
3975,1988,Tablet,4,622.58,2024-04-05,Cancelled
3976,1660,Monitor,1,1451.03,2024-12-24,Completed
3977,1762,Tablet,1,667.58,2024-09-27,Pending
3978,1622,Mouse,4,1257.66,2024-03-10,Cancelled
3979,1172,Mouse,3,305.13,2024-01-05,Cancelled
3980,1074,Keyboard,3,1375.21,2024-09-14,Shipped
3981,1468,Phone,2,1053.83,2024-08-07,Pending
3982,1333,Mouse,3,813.3,2024-03-25,Cancelled
3983,1019,Keyboard,1,87.97,2024-08-05,Shipped
3984,1480,Tablet,2,966.32,2024-08-06,Completed
3985,1629,Phone,3,1451.39,2024-08-29,Completed
3986,1366,Monitor,3,621.6,2024-12-08,Pending
3987,1545,Mouse,4,368.54,2024-02-11,Shipped
3988,1602,Mouse,2,360.75,2024-05-28,Completed
3989,1055,Phone,1,296.72,2024-08-05,Cancelled
3990,1188,Mouse,4,604.38,2024-09-16,Completed
3991,1579,Mouse,3,674.91,2024-12-21,Completed
3992,1035,Keyboard,1,784.41,2024-10-17,Pending
3993,1263,Tablet,4,1021.6,2024-09-24,Shipped
3994,1741,Laptop,3,1715.34,2024-06-15,Completed
3995,1494,Phone,2,1428.61,2024-10-07,Cancelled
3996,1752,Phone,3,1268.64,2024-03-15,Cancelled
3997,1991,Phone,4,1048.35,2024-10-12,Shipped
3998,1184,Tablet,1,1155.7,2024-05-22,Shipped
3999,1670,Laptop,4,1935.14,2024-11-19,Cancelled
4000,1076,Laptop,2,989.22,2024-11-06,Cancelled
4001,1864,Monitor,4,603.44,2024-09-14,Shipped
4002,1560,Tablet,4,1969.5,2024-03-27,Shipped
4003,1994,Monitor,4,1317.46,2024-02-18,Pending
4004,1445,Mouse,3,509.99,2024-06-10,Shipped
4005,1230,Mouse,3,1111.33,2024-07-30,Shipped
4006,1574,Tablet,4,1735.04,2024-04-04,Pending
4007,1163,Tablet,2,1900.8,2024-01-15,Completed
4008,1552,Headphones,2,491.0,2024-04-13,Shipped
4009,1118,Monitor,2,1328.71,2024-03-17,Completed
4010,1617,Phone,2,1471.72,2024-01-08,Completed
4011,1675,Headphones,1,1779.6,2024-06-16,Completed
4012,1810,Mouse,3,833.05,2024-07-09,Shipped
4013,1065,Headphones,3,267.41,2024-01-26,Completed
4014,1445,Phone,4,867.51,2024-12-28,Cancelled
4015,1378,Mouse,4,1468.78,2024-05-28,Pending
4016,1237,Keyboard,3,748.15,2024-09-16,Cancelled
4017,1373,Tablet,4,225.62,2024-11-13,Shipped
4018,1434,Headphones,2,245.61,2024-05-10,Cancelled
4019,1346,Mouse,3,288.02,2024-12-27,Pending
4020,1345,Tablet,3,1244.02,2024-04-10,Completed
4021,1274,Monitor,2,136.68,2024-11-11,Completed
4022,1464,Laptop,4,765.84,2024-06-04,Cancelled
4023,1792,Headphones,4,899.66,2024-02-25,Completed
4024,1786,Tablet,1,1052.33,2024-03-15,Shipped
4025,1747,Phone,2,1178.08,2024-05-24,Cancelled
4026,1828,Monitor,2,1041.22,2024-03-05,Cancelled
4027,1447,Mouse,1,1685.07,2024-04-11,Completed
4028,1805,Keyboard,4,1154.91,2024-06-23,Shipped
4029,1716,Phone,3,1169.21,2024-05-16,Cancelled
4030,1424,Phone,1,1546.48,2024-03-01,Completed
4031,1562,Headphones,1,1079.71,2024-11-11,Pending
4032,1921,Phone,3,312.01,2024-07-01,Cancelled
4033,1503,Phone,4,1583.22,2024-05-28,Cancelled
4034,1036,Phone,4,480.58,2024-03-25,Completed
4035,1454,Tablet,3,1582.49,2024-03-20,Completed
4036,1928,Laptop,2,1592.89,2024-01-18,Pending
4037,1093,Phone,3,1621.66,2024-08-12,Shipped
4038,1941,Headphones,4,1774.13,2024-05-23,Completed
4039,1477,Monitor,3,677.37,2024-07-05,Shipped
4040,1365,Mouse,1,1954.6,2024-01-11,Completed
4041,1489,Headphones,4,1291.76,2024-02-29,Completed
4042,1697,Keyboard,2,1235.84,2024-07-03,Pending
4043,1298,Phone,4,1625.44,2024-03-21,Cancelled
4044,1985,Monitor,4,70.38,2024-03-16,Pending
4045,1486,Tablet,1,573.02,2024-05-15,Pending
4046,1134,Phone,1,205.84,2024-02-10,Pending
4047,1756,Laptop,2,357.28,2024-11-10,Pending
4048,1371,Mouse,3,1584.21,2024-05-20,Completed
4049,1602,Phone,4,224.34,2024-02-20,Cancelled
4050,1102,Keyboard,1,158.93,2024-12-22,Shipped
4051,1854,Headphones,3,916.92,2024-11-26,Cancelled
4052,1905,Laptop,2,1212.45,2024-11-10,Pending
4053,1221,Monitor,4,596.44,2024-02-16,Pending
4054,1036,Headphones,3,1242.85,2024-11-06,Cancelled
4055,1388,Headphones,4,1763.35,2024-05-24,Shipped
4056,1472,Laptop,1,1559.2,2024-03-25,Shipped
4057,1174,Monitor,2,531.12,2024-05-08,Pending
4058,1639,Tablet,2,1746.92,2024-01-07,Completed
4059,1602,Monitor,2,1014.92,2024-10-11,Cancelled
4060,1256,Monitor,4,343.9,2024-11-28,Cancelled
4061,1006,Headphones,2,1482.92,2024-08-31,Shipped
4062,1055,Mouse,1,1284.0,2024-02-02,Cancelled
4063,1689,Tablet,3,105.77,2024-01-02,Shipped
4064,1800,Monitor,3,1655.07,2024-05-25,Pending
4065,1427,Laptop,4,1583.82,2024-02-24,Cancelled
4066,1734,Mouse,4,945.57,2024-11-24,Shipped
4067,1443,Keyboard,1,580.09,2024-11-28,Cancelled
4068,1746,Phone,4,973.39,2024-07-14,Shipped
4069,1691,Monitor,4,120.36,2024-09-10,Pending
4070,1668,Tablet,3,96.95,2024-05-06,Shipped
4071,1098,Tablet,4,1826.08,2024-04-02,Cancelled
4072,1605,Mouse,1,1110.27,2024-08-10,Completed
4073,1846,Phone,3,1808.62,2024-10-07,Shipped
4074,1456,Phone,1,1365.83,2024-08-12,Shipped
4075,1942,Laptop,1,494.6,2024-01-19,Completed
4076,1135,Laptop,4,1829.97,2024-05-10,Completed
4077,1361,Monitor,1,842.57,2024-11-21,Cancelled
4078,1361,Laptop,2,453.17,2024-05-24,Shipped
4079,1799,Phone,4,705.02,2024-07-02,Completed
4080,1115,Keyboard,1,1060.78,2024-12-26,Cancelled
4081,1845,Tablet,2,131.13,2024-06-25,Pending
4082,1741,Keyboard,2,1052.5,2024-11-19,Pending
4083,1434,Tablet,2,1917.58,2024-03-12,Completed
4084,1903,Headphones,1,1873.04,2024-04-02,Pending
4085,1467,Keyboard,3,1268.29,2024-01-26,Cancelled
4086,1490,Monitor,4,1866.0,2024-02-21,Pending
4087,1478,Keyboard,1,213.06,2024-01-20,Pending
4088,1353,Headphones,3,1002.58,2024-12-28,Shipped
4089,1210,Keyboard,2,316.4,2024-12-07,Completed
4090,1521,Tablet,4,773.38,2024-05-21,Cancelled
4091,1883,Phone,3,125.91,2024-10-13,Completed
4092,1441,Headphones,4,1467.98,2024-07-15,Cancelled
4093,1482,Keyboard,4,668.8,2024-11-24,Completed
4094,1134,Keyboard,3,798.18,2024-04-17,Shipped
4095,1514,Mouse,4,345.66,2024-06-02,Pending
4096,1848,Mouse,2,565.01,2024-08-16,Pending
4097,1508,Tablet,4,281.9,2024-04-23,Shipped
4098,1867,Laptop,2,119.48,2024-03-16,Shipped
4099,1356,Headphones,3,284.82,2024-03-23,Shipped
4100,1059,Phone,1,282.61,2024-08-11,Shipped
4101,1398,Phone,1,863.37,2024-03-01,Cancelled
4102,1224,Monitor,3,238.06,2024-05-15,Pending
4103,1451,Monitor,1,522.02,2024-08-22,Pending
4104,1667,Headphones,3,1340.42,2024-11-09,Pending
4105,1349,Laptop,2,227.61,2024-12-09,Shipped
4106,1120,Mouse,3,790.21,2024-08-07,Cancelled
4107,1941,Tablet,3,1758.51,2024-03-30,Shipped
4108,1782,Monitor,4,1206.52,2024-04-04,Cancelled
4109,1915,Monitor,2,987.8,2024-04-14,Completed
4110,1642,Monitor,4,344.75,2024-10-19,Cancelled
4111,1633,Tablet,3,1025.74,2024-04-13,Cancelled
4112,1457,Keyboard,1,462.93,2024-12-30,Shipped
4113,1453,Laptop,2,1365.36,2024-12-13,Completed
4114,1205,Keyboard,1,770.27,2024-03-21,Completed
4115,1106,Keyboard,2,1277.95,2024-05-10,Shipped
4116,1442,Keyboard,2,983.03,2024-06-02,Completed
4117,1154,Tablet,3,930.01,2024-07-25,Pending
4118,1494,Monitor,2,382.4,2024-11-26,Pending
4119,1627,Monitor,4,418.0,2024-10-12,Shipped
4120,1577,Laptop,3,1492.5,2024-07-24,Pending
4121,1292,Phone,2,1678.54,2024-11-11,Completed
4122,1908,Headphones,4,123.25,2024-11-19,Shipped
4123,1135,Phone,2,324.05,2024-06-29,Completed
4124,1734,Tablet,3,1638.22,2024-05-13,Completed
4125,1090,Phone,4,973.32,2024-05-20,Completed
4126,1385,Tablet,1,438.64,2024-09-28,Shipped
4127,1558,Tablet,2,462.69,2024-02-12,Cancelled
4128,1544,Monitor,3,104.46,2024-11-29,Completed
4129,1492,Keyboard,1,1783.86,2024-11-14,Pending
4130,1930,Monitor,2,456.42,2024-01-08,Cancelled
4131,1852,Mouse,2,1822.94,2024-03-21,Shipped
4132,1510,Laptop,1,105.58,2024-07-15,Completed
4133,1046,Phone,1,931.22,2024-05-21,Cancelled
4134,1061,Tablet,3,235.81,2024-06-02,Shipped
4135,1139,Phone,2,1590.34,2024-09-16,Shipped
4136,1338,Phone,3,731.99,2024-04-29,Pending
4137,1235,Laptop,3,1177.68,2024-05-11,Pending
4138,1165,Mouse,1,568.45,2024-11-19,Cancelled
4139,1144,Monitor,2,1696.37,2024-12-02,Pending
4140,1833,Phone,1,803.25,2024-07-07,Cancelled
4141,1302,Phone,3,758.64,2024-06-08,Completed
4142,1254,Monitor,2,1598.44,2024-07-09,Completed
4143,1099,Tablet,4,1022.33,2024-02-24,Completed
4144,1058,Monitor,4,950.09,2024-07-28,Cancelled
4145,1857,Tablet,2,1694.49,2024-10-12,Cancelled
4146,1441,Phone,1,592.03,2024-04-23,Pending
4147,1163,Tablet,2,1767.96,2024-04-25,Completed
4148,1902,Laptop,4,1904.3,2024-07-12,Cancelled
4149,1778,Phone,2,1877.84,2024-02-16,Shipped
4150,1248,Laptop,1,1819.75,2024-04-16,Shipped
4151,1773,Keyboard,4,1302.23,2024-09-29,Shipped
4152,1114,Monitor,4,1599.71,2024-02-24,Cancelled
4153,1567,Mouse,1,1562.38,2024-07-02,Completed
4154,1608,Monitor,3,1383.54,2024-11-08,Cancelled
4155,1181,Mouse,1,1846.91,2024-06-17,Completed
4156,1164,Headphones,4,1399.2,2024-06-29,Cancelled
4157,1740,Mouse,3,1197.42,2024-08-01,Shipped
4158,1748,Monitor,2,455.1,2024-07-03,Cancelled
4159,1774,Mouse,4,738.46,2024-08-04,Completed
4160,1783,Headphones,1,556.84,2024-09-18,Cancelled
4161,1759,Laptop,4,1357.37,2024-12-14,Shipped
4162,1886,Mouse,2,966.71,2024-09-16,Completed
4163,1621,Mouse,2,1164.46,2024-09-14,Cancelled
4164,1758,Tablet,4,759.67,2024-03-22,Pending
4165,1303,Laptop,1,1328.47,2024-04-06,Completed
4166,1872,Laptop,3,1074.29,2024-03-27,Pending
4167,1761,Monitor,4,869.3,2024-01-14,Completed
4168,1558,Mouse,1,1766.48,2024-10-17,Completed
4169,1650,Monitor,3,1986.77,2024-03-02,Completed
4170,1505,Monitor,4,780.79,2024-10-29,Cancelled
4171,1262,Laptop,1,196.13,2024-02-22,Pending
4172,1445,Laptop,3,1070.12,2024-10-28,Shipped
4173,1995,Keyboard,3,565.74,2024-07-16,Cancelled
4174,1358,Laptop,4,1086.18,2024-04-18,Shipped
4175,1358,Phone,1,586.79,2024-01-10,Completed
4176,1250,Headphones,3,892.49,2024-03-17,Shipped
4177,1537,Phone,4,1751.77,2024-05-24,Shipped
4178,1815,Mouse,1,66.17,2024-07-23,Cancelled
4179,1384,Headphones,1,1209.74,2024-04-26,Completed
4180,1523,Monitor,4,1602.09,2024-01-30,Cancelled
4181,1904,Laptop,4,823.71,2024-08-10,Pending
4182,1759,Laptop,4,189.85,2024-07-06,Completed
4183,1061,Headphones,1,1668.2,2024-01-01,Completed
4184,1951,Mouse,1,937.94,2024-12-09,Cancelled
4185,1328,Mouse,1,61.88,2024-06-29,Pending
4186,1417,Phone,3,1508.06,2024-01-13,Shipped
4187,1259,Monitor,1,723.4,2024-01-19,Cancelled
4188,1949,Tablet,2,1016.2,2024-11-13,Shipped
4189,1702,Phone,1,1849.25,2024-10-10,Cancelled
4190,1420,Headphones,3,1862.88,2024-03-29,Pending
4191,1234,Headphones,3,531.93,2024-02-22,Shipped
4192,1470,Headphones,4,480.99,2024-10-10,Cancelled
4193,1300,Keyboard,1,348.73,2024-08-24,Cancelled
4194,1077,Headphones,3,1030.54,2024-06-13,Cancelled
4195,1138,Mouse,3,1092.89,2024-11-12,Cancelled
4196,1822,Keyboard,1,1427.69,2024-11-27,Completed
4197,1900,Monitor,3,1378.07,2024-08-08,Cancelled
4198,1630,Mouse,2,488.36,2024-11-01,Completed
4199,1702,Monitor,3,1512.57,2024-11-22,Pending
4200,1365,Headphones,4,228.35,2024-10-17,Shipped
4201,1327,Laptop,4,1327.14,2024-03-25,Completed
4202,1101,Keyboard,2,721.98,2024-11-06,Pending
4203,1160,Phone,1,1651.72,2024-10-12,Completed
4204,1504,Tablet,4,495.91,2024-10-20,Shipped
4205,1339,Keyboard,4,573.02,2024-12-26,Cancelled
4206,1002,Headphones,2,737.9,2024-09-06,Cancelled
4207,1042,Phone,2,347.01,2024-02-21,Cancelled
4208,1835,Phone,1,1695.38,2024-02-28,Completed
4209,1724,Laptop,2,289.9,2024-09-05,Shipped
4210,1628,Monitor,1,1602.32,2024-08-15,Completed
4211,1967,Monitor,4,1017.86,2024-03-29,Cancelled
4212,1121,Phone,2,819.53,2024-07-25,Completed
4213,1076,Phone,4,1962.25,2024-08-08,Cancelled
4214,1189,Keyboard,3,1779.61,2024-03-03,Pending
4215,1666,Mouse,1,714.82,2024-03-23,Shipped
4216,1274,Laptop,1,1009.51,2024-09-12,Shipped
4217,1294,Laptop,3,837.97,2024-01-23,Shipped
4218,1396,Phone,1,1144.44,2024-08-28,Completed
4219,1809,Tablet,4,1083.76,2024-04-12,Completed
4220,1979,Phone,3,1374.95,2024-04-03,Completed
4221,1791,Phone,4,173.28,2024-06-03,Shipped
4222,1614,Headphones,4,1729.58,2024-02-03,Pending
4223,1654,Keyboard,3,1669.53,2024-04-16,Pending
4224,1498,Laptop,4,1425.51,2024-10-03,Shipped
4225,1612,Mouse,3,1701.17,2024-11-25,Completed
4226,1455,Phone,3,1396.49,2024-09-27,Shipped
4227,1672,Tablet,3,1315.63,2024-01-29,Completed
4228,1209,Keyboard,4,517.84,2024-09-08,Shipped
4229,1518,Mouse,4,1202.21,2024-06-18,Cancelled
4230,1365,Monitor,3,122.75,2024-09-19,Completed
4231,1626,Keyboard,2,934.75,2024-09-29,Completed
4232,1069,Monitor,2,1952.78,2024-04-20,Cancelled
4233,1525,Phone,1,1732.15,2024-04-14,Shipped
4234,1000,Tablet,4,1333.86,2024-06-30,Pending
4235,1003,Laptop,3,1665.04,2024-03-16,Completed
4236,1895,Phone,2,858.0,2024-07-16,Cancelled
4237,1765,Mouse,3,1528.56,2024-04-13,Shipped
4238,1012,Mouse,1,574.14,2024-05-19,Shipped
4239,1929,Laptop,2,1438.03,2024-02-09,Completed
4240,1799,Headphones,4,1110.9,2024-01-22,Shipped
4241,1549,Headphones,2,1919.49,2024-04-09,Shipped
4242,1324,Monitor,1,1835.89,2024-07-01,Cancelled
4243,1585,Mouse,2,722.85,2024-08-27,Pending
4244,1511,Phone,2,277.37,2024-02-26,Shipped
4245,1825,Mouse,2,846.84,2024-01-30,Shipped
4246,1671,Tablet,4,1964.44,2024-08-12,Completed
4247,1003,Laptop,3,1651.1,2024-07-15,Cancelled
4248,1029,Tablet,1,236.66,2024-10-15,Pending
4249,1607,Monitor,1,242.97,2024-02-13,Pending
4250,1422,Phone,4,889.49,2024-06-27,Completed
4251,1725,Keyboard,1,1488.74,2024-03-15,Cancelled
4252,1353,Monitor,1,191.25,2024-08-22,Shipped
4253,1746,Phone,3,1867.13,2024-04-13,Cancelled
4254,1999,Keyboard,4,1617.16,2024-12-02,Pending
4255,1552,Mouse,3,1846.2,2024-03-13,Completed
4256,1269,Laptop,2,190.19,2024-12-03,Completed
4257,1427,Headphones,3,578.85,2024-12-05,Shipped
4258,1709,Tablet,2,525.78,2024-05-28,Cancelled
4259,1974,Monitor,3,966.28,2024-08-26,Shipped
4260,1833,Monitor,4,1430.14,2024-06-17,Cancelled
4261,1460,Laptop,1,370.96,2024-03-26,Cancelled
4262,1686,Phone,2,1831.94,2024-11-22,Completed
4263,1440,Keyboard,3,289.91,2024-01-11,Pending
4264,1905,Headphones,3,1176.66,2024-05-24,Pending
4265,1467,Laptop,1,1451.26,2024-02-14,Completed
4266,1699,Headphones,4,77.52,2024-04-01,Cancelled
4267,1003,Tablet,4,642.06,2024-02-06,Shipped
4268,1518,Mouse,1,417.39,2024-07-31,Completed
4269,1352,Monitor,1,1973.77,2024-02-23,Cancelled
4270,1894,Headphones,4,476.21,2024-04-10,Cancelled
4271,1256,Keyboard,3,1333.53,2024-04-30,Cancelled
4272,1402,Monitor,4,1028.46,2024-04-23,Cancelled
4273,1670,Laptop,1,996.35,2024-01-30,Shipped
4274,1494,Laptop,2,1247.73,2024-10-29,Pending
4275,1118,Keyboard,1,1897.82,2024-09-15,Cancelled
4276,1227,Keyboard,4,1023.54,2024-10-13,Shipped
4277,1088,Monitor,1,1343.11,2024-03-20,Pending
4278,1308,Phone,1,301.24,2024-05-30,Shipped
4279,1870,Mouse,4,355.22,2024-04-17,Pending
4280,1756,Tablet,3,643.29,2024-12-15,Completed
4281,1779,Monitor,1,379.43,2024-02-03,Completed
4282,1174,Monitor,3,1277.25,2024-02-14,Completed
4283,1826,Keyboard,4,424.66,2024-12-18,Completed
4284,1357,Monitor,3,441.74,2024-10-25,Completed
4285,1285,Laptop,1,997.41,2024-06-29,Pending
4286,1886,Keyboard,2,1036.42,2024-07-11,Cancelled
4287,1929,Monitor,2,1553.97,2024-03-11,Cancelled
4288,1269,Keyboard,2,1370.11,2024-04-16,Shipped
4289,1918,Laptop,1,1486.17,2024-10-26,Completed
4290,1011,Mouse,3,1283.29,2024-10-29,Pending
4291,1226,Mouse,2,696.89,2024-04-17,Pending
4292,1259,Laptop,4,943.38,2024-10-14,Cancelled
4293,1765,Monitor,4,941.22,2024-04-07,Completed
4294,1913,Laptop,1,591.38,2024-01-21,Completed
4295,1237,Phone,4,712.52,2024-10-07,Completed
4296,1812,Laptop,2,1800.39,2024-02-03,Completed
4297,1530,Headphones,2,1362.93,2024-01-19,Cancelled
4298,1132,Keyboard,1,1713.75,2024-02-01,Completed
4299,1738,Laptop,2,576.25,2024-09-12,Pending
4300,1758,Monitor,3,991.41,2024-09-02,Shipped
4301,1714,Tablet,3,1345.39,2024-09-26,Completed
4302,1927,Headphones,3,1616.69,2024-08-03,Cancelled
4303,1926,Phone,1,941.68,2024-06-13,Cancelled
4304,1942,Phone,2,1088.82,2024-02-27,Cancelled
4305,1483,Phone,3,1879.54,2024-05-05,Shipped
4306,1959,Keyboard,3,292.59,2024-10-14,Pending
4307,1809,Laptop,3,582.01,2024-07-19,Completed
4308,1756,Headphones,1,535.32,2024-10-05,Cancelled
4309,1348,Phone,2,1505.02,2024-05-19,Shipped
4310,1846,Mouse,2,1371.46,2024-06-20,Cancelled
4311,1616,Laptop,4,1962.37,2024-01-30,Cancelled
4312,1381,Phone,3,509.39,2024-06-20,Pending
4313,1489,Keyboard,4,107.86,2024-05-08,Completed
4314,1773,Tablet,3,1577.82,2024-10-10,Shipped
4315,1163,Tablet,3,697.24,2024-05-03,Pending
4316,1628,Keyboard,2,1597.5,2024-03-28,Completed
4317,1546,Headphones,3,1265.81,2024-07-04,Shipped
4318,1814,Laptop,2,1562.26,2024-01-06,Cancelled
4319,1434,Monitor,2,663.63,2024-05-20,Cancelled
4320,1154,Headphones,1,1640.07,2024-04-29,Shipped
4321,1471,Mouse,2,496.67,2024-04-23,Completed
4322,1489,Keyboard,2,1082.65,2024-10-12,Shipped
4323,1911,Mouse,4,1214.52,2024-03-13,Cancelled
4324,1960,Monitor,2,1283.66,2024-03-19,Shipped
4325,1638,Keyboard,3,503.45,2024-04-17,Pending
4326,1085,Keyboard,2,1554.32,2024-07-31,Pending
4327,1722,Headphones,4,1430.73,2024-01-17,Pending
4328,1201,Mouse,4,1134.78,2024-04-04,Cancelled
4329,1045,Phone,3,451.18,2024-07-06,Cancelled
4330,1796,Monitor,4,1638.69,2024-02-21,Shipped
4331,1477,Headphones,4,1022.09,2024-03-28,Pending
4332,1077,Keyboard,4,208.87,2024-11-22,Pending
4333,1376,Phone,4,348.62,2024-02-12,Completed
4334,1175,Tablet,2,1911.33,2024-01-11,Completed
4335,1391,Monitor,4,1585.81,2024-11-30,Pending
4336,1921,Mouse,3,1869.83,2024-03-29,Completed
4337,1086,Mouse,1,704.42,2024-01-28,Cancelled
4338,1139,Keyboard,2,1068.09,2024-04-09,Pending
4339,1078,Keyboard,3,1112.75,2024-02-28,Completed
4340,1167,Laptop,2,806.08,2024-08-28,Shipped
4341,1936,Phone,4,1987.72,2024-02-08,Pending
4342,1511,Keyboard,1,476.55,2024-12-15,Completed
4343,1388,Phone,3,637.54,2024-06-30,Shipped
4344,1089,Keyboard,1,1020.58,2024-07-08,Cancelled
4345,1838,Monitor,3,1474.65,2024-07-01,Pending
4346,1051,Laptop,4,1409.84,2024-07-23,Shipped
4347,1395,Headphones,3,841.74,2024-09-25,Cancelled
4348,1481,Laptop,3,312.4,2024-03-01,Cancelled
4349,1423,Keyboard,2,771.94,2024-11-24,Pending
4350,1722,Phone,2,1186.16,2024-01-31,Pending
4351,1167,Phone,2,1019.82,2024-06-25,Pending
4352,1193,Keyboard,2,871.1,2024-06-01,Completed
4353,1828,Monitor,1,657.3,2024-09-30,Cancelled
4354,1966,Headphones,1,105.47,2024-09-06,Pending
4355,1454,Phone,2,926.23,2024-04-09,Cancelled
4356,1440,Tablet,3,1657.26,2024-06-06,Shipped
4357,1814,Keyboard,4,1953.6,2024-12-19,Pending
4358,1730,Phone,3,479.27,2024-09-09,Pending
4359,1843,Phone,1,1814.89,2024-02-22,Cancelled
4360,1650,Laptop,4,1718.84,2024-10-12,Completed
4361,1331,Mouse,2,1926.63,2024-01-07,Cancelled
4362,1923,Monitor,3,61.02,2024-08-26,Shipped
4363,1487,Tablet,4,1918.28,2024-02-27,Pending
4364,1535,Laptop,3,833.23,2024-06-28,Pending
4365,1945,Tablet,3,985.14,2024-08-27,Completed
4366,1201,Headphones,2,1817.19,2024-01-10,Cancelled
4367,1618,Phone,1,1013.31,2024-10-22,Completed
4368,1782,Monitor,4,64.94,2024-05-22,Shipped
4369,1245,Headphones,1,723.79,2024-05-19,Completed
4370,1363,Keyboard,1,1184.33,2024-09-10,Shipped
4371,1405,Phone,2,1890.35,2024-04-29,Completed
4372,1607,Phone,3,883.79,2024-07-07,Shipped
4373,1048,Keyboard,1,1415.0,2024-04-21,Shipped
4374,1126,Monitor,2,55.26,2024-02-17,Pending
4375,1859,Phone,4,1151.36,2024-08-04,Cancelled
4376,1688,Laptop,1,1765.65,2024-05-25,Shipped
4377,1873,Tablet,2,89.78,2024-05-17,Pending
4378,1828,Mouse,1,793.41,2024-06-20,Shipped
4379,1832,Monitor,4,595.5,2024-10-09,Pending
4380,1852,Mouse,4,1759.78,2024-05-25,Cancelled
4381,1928,Laptop,1,1466.9,2024-03-23,Pending
4382,1562,Phone,1,1065.83,2024-05-16,Cancelled
4383,1733,Phone,1,808.1,2024-02-02,Completed
4384,1386,Laptop,1,564.56,2024-08-25,Pending
4385,1398,Tablet,2,1474.56,2024-08-04,Pending
4386,1998,Mouse,4,181.92,2024-09-10,Cancelled
4387,1932,Tablet,1,784.09,2024-05-15,Shipped
4388,1576,Mouse,3,1157.3,2024-01-19,Completed
4389,1751,Tablet,2,1809.98,2024-01-09,Completed
4390,1014,Monitor,3,947.36,2024-08-14,Pending
4391,1241,Phone,2,866.09,2024-10-28,Completed
4392,1359,Phone,1,528.1,2024-10-07,Pending
4393,1299,Headphones,2,1845.59,2024-11-15,Pending
4394,1356,Monitor,1,304.2,2024-04-26,Pending
4395,1189,Monitor,4,998.48,2024-04-04,Pending
4396,1128,Keyboard,4,1769.13,2024-09-16,Cancelled
4397,1184,Mouse,4,1317.61,2024-11-11,Completed
4398,1366,Phone,4,1084.29,2024-06-05,Pending
4399,1681,Keyboard,1,895.69,2024-04-02,Pending
4400,1371,Keyboard,4,1226.36,2024-07-26,Cancelled
4401,1141,Tablet,1,1037.83,2024-07-16,Pending
4402,1117,Keyboard,3,1804.93,2024-08-20,Completed
4403,1855,Headphones,1,1588.45,2024-11-20,Shipped
4404,1121,Laptop,2,1567.73,2024-03-15,Completed
4405,1795,Monitor,1,985.52,2024-05-11,Completed
4406,1875,Monitor,4,768.43,2024-04-02,Pending
4407,1554,Monitor,3,1058.68,2024-12-02,Shipped
4408,1634,Tablet,1,650.04,2024-10-30,Cancelled
4409,1315,Phone,4,232.23,2024-05-11,Cancelled
4410,1536,Phone,4,94.72,2024-10-10,Pending
4411,1032,Monitor,3,1296.56,2024-07-26,Pending
4412,1553,Tablet,4,229.09,2024-03-19,Pending
4413,1352,Keyboard,4,536.58,2024-10-19,Pending
4414,1004,Mouse,1,655.85,2024-06-13,Shipped
4415,1796,Monitor,4,108.16,2024-12-19,Shipped
4416,1760,Laptop,2,1335.93,2024-03-03,Shipped
4417,1853,Headphones,4,1549.81,2024-05-29,Pending
4418,1382,Headphones,2,911.31,2024-03-10,Completed
4419,1014,Monitor,4,1814.1,2024-07-18,Shipped
4420,1686,Monitor,3,1502.34,2024-06-28,Pending
4421,1096,Phone,3,1672.99,2024-06-02,Shipped
4422,1225,Laptop,3,993.35,2024-12-03,Completed
4423,1768,Keyboard,4,190.19,2024-10-20,Shipped
4424,1950,Headphones,3,1318.35,2024-05-02,Pending
4425,1921,Laptop,3,648.01,2024-10-21,Shipped
4426,1422,Phone,1,163.93,2024-03-20,Pending
4427,1442,Laptop,1,1321.84,2024-04-19,Cancelled
4428,1722,Mouse,2,842.22,2024-08-20,Shipped
4429,1968,Monitor,3,1277.37,2024-05-06,Completed
4430,1154,Tablet,1,1827.73,2024-09-22,Shipped
4431,1672,Laptop,2,1061.06,2024-06-28,Pending
4432,1555,Keyboard,2,1487.82,2024-08-05,Pending
4433,1131,Laptop,1,1476.28,2024-09-28,Cancelled
4434,1116,Laptop,4,696.21,2024-10-22,Pending
4435,1957,Monitor,2,266.14,2024-06-29,Cancelled
4436,1457,Mouse,2,797.36,2024-04-17,Pending
4437,1437,Keyboard,3,632.45,2024-09-07,Pending
4438,1927,Laptop,2,1073.95,2024-03-23,Cancelled
4439,1613,Laptop,3,1274.04,2024-01-04,Shipped
4440,1234,Laptop,2,979.55,2024-02-06,Completed
4441,1738,Laptop,2,541.08,2024-10-04,Shipped
4442,1554,Mouse,1,1518.38,2024-05-30,Completed
4443,1668,Headphones,3,1781.23,2024-03-10,Shipped
4444,1164,Mouse,1,185.86,2024-09-30,Pending
4445,1810,Phone,3,445.05,2024-03-03,Pending
4446,1504,Tablet,2,1113.38,2024-04-26,Shipped
4447,1414,Tablet,3,498.38,2024-09-18,Cancelled
4448,1903,Mouse,3,1282.6,2024-07-24,Shipped
4449,1772,Phone,4,1497.17,2024-05-22,Completed
4450,1943,Phone,2,842.25,2024-04-09,Pending
4451,1838,Tablet,1,190.08,2024-07-15,Cancelled
4452,1034,Tablet,3,1789.4,2024-03-14,Cancelled
4453,1337,Keyboard,2,1393.95,2024-01-06,Cancelled
4454,1012,Laptop,4,1879.53,2024-11-07,Shipped
4455,1512,Phone,4,1767.86,2024-08-29,Shipped
4456,1401,Keyboard,2,1249.49,2024-01-24,Completed
4457,1861,Monitor,3,1682.45,2024-12-24,Pending
4458,1128,Laptop,3,1528.22,2024-05-14,Shipped
4459,1866,Headphones,3,566.12,2024-02-20,Completed
4460,1497,Keyboard,1,748.43,2024-01-13,Completed
4461,1479,Headphones,1,1446.98,2024-01-02,Shipped
4462,1172,Keyboard,2,1214.94,2024-03-31,Pending
4463,1443,Phone,2,1499.97,2024-02-18,Shipped
4464,1514,Laptop,3,766.47,2024-03-26,Shipped
4465,1368,Tablet,4,850.44,2024-08-06,Cancelled
4466,1866,Headphones,3,1049.28,2024-06-25,Pending
4467,1519,Mouse,1,1271.73,2024-07-24,Shipped
4468,1056,Monitor,3,1684.32,2024-01-22,Pending
4469,1478,Mouse,1,1192.87,2024-06-14,Cancelled
4470,1036,Headphones,3,62.22,2024-11-04,Completed
4471,1571,Monitor,4,656.55,2024-09-25,Cancelled
4472,1382,Keyboard,3,1494.0,2024-05-08,Cancelled
4473,1035,Laptop,1,1116.55,2024-07-10,Pending
4474,1945,Tablet,1,954.28,2024-02-10,Shipped
4475,1569,Mouse,1,1274.97,2024-08-28,Cancelled
4476,1616,Keyboard,3,1806.83,2024-09-14,Completed
4477,1467,Laptop,1,149.48,2024-01-04,Shipped
4478,1572,Tablet,3,1580.83,2024-05-15,Cancelled
4479,1710,Mouse,2,563.18,2024-11-26,Pending
4480,1991,Mouse,3,380.71,2024-05-10,Shipped
4481,1846,Phone,1,1480.9,2024-04-15,Cancelled
4482,1334,Headphones,3,1792.59,2024-09-07,Cancelled
4483,1764,Phone,1,873.18,2024-09-10,Completed
4484,1241,Monitor,4,169.44,2024-04-09,Completed
4485,1099,Laptop,1,526.46,2024-01-03,Pending
4486,1544,Tablet,4,200.63,2024-08-02,Shipped
4487,1586,Laptop,2,1758.89,2024-10-12,Cancelled
4488,1642,Headphones,4,1826.91,2024-05-12,Shipped
4489,1999,Monitor,1,437.68,2024-06-28,Shipped
4490,1479,Phone,1,624.57,2024-02-18,Completed
4491,1915,Headphones,1,858.32,2024-06-30,Shipped
4492,1467,Phone,2,926.73,2024-06-12,Pending
4493,1686,Tablet,3,1162.74,2024-01-07,Cancelled
4494,1779,Tablet,4,1595.48,2024-01-22,Cancelled
4495,1052,Phone,4,1778.55,2024-08-01,Cancelled
4496,1805,Keyboard,2,658.1,2024-07-11,Shipped
4497,1190,Keyboard,1,1419.23,2024-11-06,Cancelled
4498,1116,Monitor,2,1061.9,2024-01-25,Shipped
4499,1654,Phone,4,222.93,2024-05-19,Pending
4500,1368,Tablet,3,1628.26,2024-04-05,Pending
4501,1669,Headphones,4,1420.94,2024-08-09,Completed
4502,1684,Phone,1,573.24,2024-10-26,Cancelled
4503,1978,Tablet,4,79.13,2024-11-24,Pending
4504,1913,Headphones,3,1960.25,2024-08-02,Completed
4505,1990,Phone,2,1975.26,2024-11-10,Completed
4506,1364,Monitor,1,1381.57,2024-04-18,Cancelled
4507,1694,Monitor,3,342.97,2024-02-05,Shipped
4508,1177,Headphones,4,967.6,2024-05-13,Cancelled
4509,1288,Headphones,4,1841.72,2024-06-09,Shipped
4510,1585,Headphones,2,1424.89,2024-03-17,Completed
4511,1486,Phone,1,388.58,2024-12-24,Shipped
4512,1225,Mouse,2,540.26,2024-10-09,Cancelled
4513,1695,Headphones,2,1872.7,2024-11-29,Completed
4514,1142,Laptop,3,349.19,2024-12-25,Completed
4515,1144,Monitor,3,1177.59,2024-09-15,Pending
4516,1899,Monitor,4,238.42,2024-04-20,Completed
4517,1731,Laptop,4,1970.9,2024-11-21,Cancelled
4518,1196,Tablet,3,632.26,2024-09-15,Pending
4519,1570,Tablet,2,345.32,2024-09-07,Pending
4520,1773,Mouse,4,1555.12,2024-01-23,Completed
4521,1489,Tablet,2,984.68,2024-10-12,Completed
4522,1951,Phone,4,857.69,2024-04-25,Cancelled
4523,1160,Phone,1,980.78,2024-02-20,Completed
4524,1216,Mouse,3,383.71,2024-08-29,Cancelled
4525,1046,Phone,1,1844.61,2024-01-28,Pending
4526,1345,Laptop,2,1556.1,2024-12-26,Shipped
4527,1843,Mouse,2,129.16,2024-09-28,Completed
4528,1727,Mouse,3,380.08,2024-02-22,Pending
4529,1855,Laptop,3,1814.38,2024-08-08,Cancelled
4530,1701,Headphones,1,1749.43,2024-05-27,Pending
4531,1847,Mouse,1,580.12,2024-04-22,Shipped
4532,1111,Tablet,3,1681.85,2024-08-27,Shipped
4533,1722,Mouse,1,1200.25,2024-10-07,Cancelled
4534,1816,Monitor,3,781.54,2024-01-20,Pending
4535,1195,Headphones,4,1356.39,2024-06-22,Shipped
4536,1208,Tablet,1,1719.65,2024-08-13,Pending
4537,1322,Headphones,4,275.37,2024-11-11,Completed
4538,1136,Mouse,1,1548.21,2024-11-16,Pending
4539,1299,Headphones,3,1725.28,2024-08-15,Completed
4540,1021,Monitor,1,1898.87,2024-07-30,Cancelled
4541,1603,Mouse,1,1521.17,2024-11-28,Pending
4542,1880,Laptop,4,740.72,2024-03-25,Cancelled
4543,1663,Mouse,1,273.7,2024-02-18,Pending
4544,1439,Keyboard,1,1582.34,2024-04-09,Pending
4545,1165,Laptop,2,837.89,2024-03-28,Pending
4546,1303,Headphones,2,1461.51,2024-06-13,Completed
4547,1908,Mouse,2,1783.96,2024-01-10,Cancelled
4548,1060,Mouse,1,1670.35,2024-12-20,Cancelled
4549,1938,Monitor,3,570.14,2024-05-12,Shipped
4550,1018,Headphones,4,306.26,2024-02-04,Cancelled
4551,1497,Mouse,4,1116.57,2024-11-12,Shipped
4552,1685,Headphones,1,300.66,2024-09-12,Cancelled
4553,1675,Phone,4,663.77,2024-08-17,Completed
4554,1373,Headphones,3,169.48,2024-07-07,Pending
4555,1057,Mouse,1,970.31,2024-12-25,Cancelled
4556,1770,Keyboard,1,227.49,2024-04-06,Completed
4557,1301,Tablet,4,394.48,2024-03-10,Pending
4558,1524,Keyboard,3,1158.63,2024-10-14,Shipped
4559,1260,Headphones,3,1825.78,2024-08-27,Completed
4560,1721,Headphones,4,533.94,2024-04-09,Completed
4561,1821,Headphones,1,444.31,2024-03-18,Shipped
4562,1684,Tablet,2,1241.73,2024-03-18,Completed
4563,1517,Phone,4,128.25,2024-09-10,Pending
4564,1234,Keyboard,2,92.78,2024-08-27,Cancelled
4565,1073,Tablet,2,185.72,2024-06-22,Cancelled
4566,1725,Headphones,3,159.7,2024-05-23,Completed
4567,1023,Keyboard,1,1718.23,2024-05-13,Shipped
4568,1262,Headphones,2,141.03,2024-10-23,Completed
4569,1685,Tablet,3,265.66,2024-07-11,Cancelled
4570,1177,Mouse,2,1906.67,2024-12-18,Pending
4571,1642,Keyboard,1,1327.14,2024-03-23,Completed
4572,1329,Monitor,3,1249.03,2024-06-03,Completed
4573,1444,Phone,1,1660.98,2024-02-27,Pending
4574,1791,Laptop,2,1924.05,2024-09-21,Pending
4575,1604,Phone,2,1692.54,2024-06-04,Cancelled
4576,1643,Phone,1,443.27,2024-12-25,Completed
4577,1793,Tablet,2,1738.72,2024-06-14,Completed
4578,1075,Phone,1,1165.48,2024-06-18,Cancelled
4579,1503,Headphones,4,1009.79,2024-06-19,Completed
4580,1016,Monitor,1,1952.03,2024-05-22,Shipped
4581,1427,Mouse,2,1168.02,2024-10-21,Shipped
4582,1574,Phone,4,838.27,2024-02-04,Completed
4583,1780,Monitor,2,767.72,2024-05-11,Cancelled
4584,1870,Keyboard,3,848.68,2024-09-06,Cancelled
4585,1890,Keyboard,4,1984.63,2024-05-05,Pending
4586,1671,Phone,3,72.66,2024-08-17,Completed
4587,1990,Mouse,1,1149.43,2024-11-08,Completed
4588,1996,Mouse,3,1281.13,2024-04-17,Cancelled
4589,1032,Headphones,1,802.05,2024-03-13,Shipped
4590,1171,Tablet,3,760.64,2024-04-09,Cancelled
4591,1259,Monitor,4,1197.78,2024-10-09,Cancelled
4592,1009,Monitor,1,119.55,2024-06-09,Cancelled
4593,1440,Keyboard,3,702.69,2024-08-08,Shipped
4594,1268,Laptop,1,1809.72,2024-09-04,Cancelled
4595,1827,Tablet,1,583.24,2024-04-28,Cancelled
4596,1909,Phone,1,1988.43,2024-04-19,Pending
4597,1764,Tablet,3,508.23,2024-03-08,Completed
4598,1262,Keyboard,4,941.92,2024-10-01,Cancelled
4599,1177,Headphones,2,279.93,2024-07-16,Pending
4600,1305,Laptop,4,1439.15,2024-07-05,Pending
4601,1984,Mouse,1,814.57,2024-08-28,Shipped
4602,1589,Phone,2,1574.05,2024-11-10,Shipped
4603,1866,Tablet,4,89.19,2024-12-14,Cancelled
4604,1348,Headphones,1,640.57,2024-04-17,Shipped
4605,1501,Monitor,4,899.21,2024-04-18,Cancelled
4606,1809,Tablet,1,1271.24,2024-01-18,Cancelled
4607,1337,Laptop,3,1487.7,2024-03-05,Shipped
4608,1144,Tablet,4,1780.19,2024-12-24,Cancelled
4609,1361,Mouse,2,1630.57,2024-06-13,Pending
4610,1988,Tablet,1,1718.49,2024-11-22,Cancelled
4611,1152,Laptop,1,1758.87,2024-08-20,Cancelled
4612,1520,Keyboard,2,1405.29,2024-10-20,Pending
4613,1980,Monitor,1,786.77,2024-06-04,Completed
4614,1407,Tablet,2,302.27,2024-09-03,Cancelled
4615,1926,Mouse,1,1425.35,2024-10-14,Pending
4616,1160,Laptop,1,1254.61,2024-03-28,Pending
4617,1007,Keyboard,2,1824.67,2024-12-12,Pending
4618,1848,Mouse,2,475.77,2024-11-18,Cancelled
4619,1826,Mouse,1,91.87,2024-02-09,Pending
4620,1524,Phone,2,1863.72,2024-08-10,Pending
4621,1306,Laptop,4,1869.03,2024-09-10,Cancelled
4622,1207,Phone,3,1421.18,2024-04-06,Shipped
4623,1552,Tablet,4,582.53,2024-10-29,Cancelled
4624,1633,Monitor,1,321.43,2024-04-08,Cancelled
4625,1009,Headphones,1,1991.5,2024-11-28,Cancelled
4626,1147,Laptop,4,810.82,2024-10-18,Shipped
4627,1672,Phone,2,262.32,2024-03-08,Cancelled
4628,1230,Headphones,4,208.37,2024-11-05,Shipped
4629,1102,Headphones,1,1102.67,2024-12-10,Shipped
4630,1247,Phone,4,1950.49,2024-11-27,Shipped
4631,1437,Phone,4,1791.42,2024-04-06,Completed
4632,1159,Tablet,4,1483.38,2024-07-03,Cancelled
4633,1492,Phone,1,887.18,2024-09-03,Shipped
4634,1541,Laptop,1,575.22,2024-05-21,Shipped
4635,1928,Keyboard,2,1385.75,2024-08-22,Pending
4636,1253,Laptop,3,243.13,2024-01-29,Cancelled
4637,1971,Phone,4,313.92,2024-03-03,Cancelled
4638,1039,Headphones,4,1879.85,2024-06-04,Pending
4639,1689,Keyboard,4,1302.32,2024-06-09,Pending
4640,1481,Laptop,2,315.64,2024-06-11,Shipped
4641,1846,Headphones,1,506.24,2024-09-25,Completed
4642,1990,Monitor,1,254.62,2024-02-17,Shipped
4643,1443,Monitor,1,991.2,2024-03-18,Cancelled
4644,1183,Mouse,2,1347.67,2024-11-28,Pending
4645,1149,Keyboard,2,1892.27,2024-01-28,Cancelled
4646,1388,Phone,3,1811.55,2024-11-07,Pending
4647,1537,Tablet,2,536.71,2024-10-29,Cancelled
4648,1943,Phone,2,426.95,2024-12-30,Completed
4649,1940,Mouse,3,1436.46,2024-03-08,Completed
4650,1588,Keyboard,3,203.68,2024-09-07,Pending
4651,1638,Keyboard,3,1303.25,2024-02-23,Cancelled
4652,1690,Monitor,3,471.59,2024-12-30,Completed
4653,1239,Tablet,1,1690.87,2024-08-30,Pending
4654,1820,Mouse,3,1225.38,2024-03-02,Cancelled
4655,1764,Tablet,4,546.37,2024-11-07,Shipped
4656,1650,Headphones,2,504.06,2024-04-17,Pending
4657,1035,Headphones,3,1467.36,2024-01-19,Shipped
4658,1990,Laptop,2,280.81,2024-10-11,Completed
4659,1230,Laptop,1,1623.98,2024-06-01,Completed
4660,1101,Laptop,4,1171.82,2024-09-20,Cancelled
4661,1734,Monitor,2,1471.12,2024-07-30,Shipped
4662,1830,Headphones,3,508.84,2024-11-16,Shipped
4663,1756,Keyboard,3,1205.4,2024-06-02,Pending
4664,1242,Headphones,4,1616.33,2024-03-18,Pending
4665,1153,Tablet,4,612.48,2024-10-02,Cancelled
4666,1651,Monitor,3,1024.43,2024-06-09,Cancelled
4667,1087,Laptop,3,1102.56,2024-07-28,Shipped
4668,1507,Headphones,4,433.35,2024-10-10,Pending
4669,1267,Tablet,1,1725.57,2024-08-08,Completed
4670,1207,Phone,2,1375.58,2024-08-24,Pending
4671,1349,Phone,3,863.54,2024-07-01,Pending
4672,1963,Laptop,3,386.16,2024-08-01,Pending
4673,1709,Headphones,2,498.23,2024-09-30,Shipped
4674,1892,Headphones,3,1194.42,2024-11-11,Completed
4675,1347,Mouse,4,904.63,2024-10-04,Completed
4676,1563,Headphones,2,593.72,2024-11-04,Completed
4677,1159,Headphones,3,1435.9,2024-12-11,Completed
4678,1405,Monitor,1,1592.84,2024-10-28,Completed
4679,1788,Phone,1,737.87,2024-10-28,Cancelled
4680,1709,Keyboard,3,1659.79,2024-01-17,Completed
4681,1058,Phone,3,1174.56,2024-02-18,Cancelled
4682,1402,Keyboard,3,1589.95,2024-05-29,Pending
4683,1117,Laptop,4,255.03,2024-04-15,Shipped
4684,1620,Mouse,2,807.84,2024-04-20,Completed
4685,1616,Phone,1,1327.16,2024-04-21,Cancelled
4686,1707,Tablet,4,1705.65,2024-12-01,Cancelled
4687,1940,Laptop,1,1390.84,2024-06-20,Shipped
4688,1826,Tablet,1,1272.96,2024-02-14,Cancelled
4689,1875,Phone,4,1258.13,2024-04-18,Completed
4690,1454,Keyboard,3,1651.63,2024-05-17,Pending
4691,1707,Headphones,1,1847.33,2024-07-22,Cancelled
4692,1128,Keyboard,3,1654.8,2024-07-26,Shipped
4693,1609,Mouse,3,535.83,2024-10-28,Completed
4694,1605,Tablet,4,1520.88,2024-01-07,Completed
4695,1248,Phone,4,901.86,2024-07-11,Pending
4696,1772,Mouse,2,808.66,2024-03-20,Completed
4697,1190,Headphones,3,1937.54,2024-02-08,Cancelled
4698,1691,Tablet,4,1385.39,2024-11-07,Pending
4699,1890,Phone,2,1570.51,2024-10-25,Pending
4700,1806,Monitor,1,188.21,2024-06-12,Cancelled
4701,1046,Keyboard,3,1594.24,2024-04-18,Shipped
4702,1261,Laptop,1,1849.08,2024-07-11,Shipped
4703,1868,Tablet,3,757.97,2024-03-27,Pending
4704,1898,Keyboard,3,664.75,2024-11-19,Completed
4705,1932,Mouse,2,1336.06,2024-09-06,Completed
4706,1993,Keyboard,3,509.68,2024-01-26,Cancelled
4707,1583,Laptop,2,799.64,2024-01-05,Pending
4708,1572,Laptop,1,486.04,2024-06-14,Completed
4709,1703,Phone,3,244.24,2024-01-01,Cancelled
4710,1706,Laptop,4,426.32,2024-11-05,Pending
4711,1961,Mouse,4,1321.35,2024-01-26,Shipped
4712,1486,Laptop,3,826.16,2024-01-29,Pending
4713,1825,Monitor,2,362.04,2024-12-15,Cancelled
4714,1886,Laptop,1,879.75,2024-07-23,Pending
4715,1846,Monitor,4,316.99,2024-03-13,Pending
4716,1644,Mouse,1,1885.78,2024-02-14,Shipped
4717,1396,Headphones,4,1905.96,2024-12-20,Pending
4718,1408,Keyboard,2,167.25,2024-08-25,Cancelled
4719,1905,Laptop,3,1759.86,2024-09-06,Pending
4720,1968,Laptop,3,1922.44,2024-03-30,Shipped
4721,1017,Headphones,3,986.93,2024-11-27,Completed
4722,1355,Phone,2,825.15,2024-12-09,Cancelled
4723,1940,Laptop,1,1897.29,2024-04-12,Cancelled
4724,1425,Keyboard,3,499.61,2024-12-09,Shipped
4725,1537,Tablet,4,427.91,2024-02-05,Completed
4726,1976,Headphones,1,98.04,2024-07-06,Pending
4727,1950,Monitor,3,1082.66,2024-07-12,Cancelled
4728,1031,Tablet,2,916.22,2024-01-14,Shipped
4729,1328,Tablet,3,1224.48,2024-12-20,Cancelled
4730,1806,Tablet,1,573.86,2024-11-08,Completed
4731,1193,Mouse,3,1979.38,2024-07-18,Cancelled
4732,1400,Monitor,4,1283.99,2024-09-04,Completed
4733,1327,Laptop,1,338.55,2024-04-18,Shipped
4734,1588,Phone,4,1862.18,2024-07-30,Cancelled
4735,1780,Tablet,3,123.36,2024-05-17,Shipped
4736,1596,Mouse,2,495.06,2024-10-21,Pending
4737,1856,Headphones,4,1425.68,2024-08-10,Completed
4738,1033,Mouse,3,1045.84,2024-05-15,Pending
4739,1715,Headphones,1,1690.85,2024-02-15,Completed
4740,1182,Keyboard,1,144.94,2024-10-23,Pending
4741,1884,Laptop,4,1450.45,2024-05-17,Pending
4742,1728,Laptop,1,1167.42,2024-12-24,Completed
4743,1330,Headphones,3,500.77,2024-03-05,Completed
4744,1046,Keyboard,4,859.49,2024-03-29,Pending
4745,1656,Headphones,3,1039.3,2024-12-28,Cancelled
4746,1959,Monitor,2,612.02,2024-03-25,Pending
4747,1624,Keyboard,1,244.35,2024-01-25,Completed
4748,1551,Monitor,4,825.02,2024-05-29,Cancelled
4749,1325,Monitor,1,246.93,2024-12-29,Shipped
4750,1417,Tablet,2,826.8,2024-11-23,Completed
4751,1231,Headphones,3,1443.92,2024-12-09,Completed
4752,1504,Phone,1,622.71,2024-08-05,Pending
4753,1841,Tablet,4,782.48,2024-07-16,Pending
4754,1794,Laptop,4,430.92,2024-01-10,Shipped
4755,1628,Tablet,1,971.54,2024-07-10,Cancelled
4756,1917,Monitor,3,649.16,2024-10-29,Completed
4757,1420,Phone,3,1298.67,2024-08-29,Completed
4758,1009,Monitor,2,1533.94,2024-05-29,Pending
4759,1118,Phone,2,1546.65,2024-06-17,Cancelled
4760,1968,Laptop,2,522.92,2024-01-25,Shipped
4761,1532,Headphones,4,307.28,2024-07-15,Completed
4762,1792,Monitor,3,307.03,2024-06-23,Completed
4763,1098,Tablet,4,1601.46,2024-09-26,Completed
4764,1495,Mouse,1,526.81,2024-05-06,Shipped
4765,1564,Mouse,1,1017.76,2024-06-07,Shipped
4766,1508,Phone,1,556.8,2024-04-05,Pending
4767,1031,Tablet,2,1381.07,2024-01-11,Completed
4768,1914,Mouse,4,1227.45,2024-07-07,Shipped
4769,1545,Tablet,3,736.74,2024-06-12,Pending
4770,1102,Keyboard,3,812.2,2024-07-05,Pending
4771,1544,Mouse,3,208.3,2024-03-14,Pending
4772,1035,Phone,1,1518.04,2024-07-12,Shipped
4773,1234,Monitor,3,373.48,2024-08-05,Pending
4774,1660,Tablet,1,520.37,2024-03-09,Cancelled
4775,1272,Laptop,3,444.08,2024-08-14,Shipped
4776,1042,Headphones,2,651.29,2024-12-26,Cancelled
4777,1860,Keyboard,3,1242.4,2024-06-03,Pending
4778,1586,Laptop,2,1161.27,2024-01-19,Pending
4779,1170,Mouse,2,1334.64,2024-07-25,Cancelled
4780,1045,Phone,3,730.0,2024-03-31,Shipped
4781,1795,Headphones,2,684.6,2024-01-27,Pending
4782,1625,Phone,1,220.51,2024-07-16,Completed
4783,1248,Tablet,1,231.3,2024-11-07,Cancelled
4784,1474,Headphones,2,1434.11,2024-01-14,Shipped
4785,1766,Laptop,3,1590.73,2024-04-23,Shipped
4786,1394,Monitor,3,1466.96,2024-05-24,Cancelled
4787,1032,Laptop,3,671.42,2024-04-12,Pending
4788,1611,Monitor,3,714.3,2024-02-26,Shipped
4789,1294,Headphones,4,1674.64,2024-05-07,Shipped
4790,1077,Phone,1,1138.03,2024-12-17,Cancelled
4791,1688,Keyboard,4,1095.25,2024-01-13,Shipped
4792,1650,Phone,1,565.34,2024-11-02,Pending
4793,1484,Mouse,4,662.93,2024-10-04,Pending
4794,1112,Laptop,4,862.21,2024-07-20,Pending
4795,1552,Headphones,2,647.88,2024-03-19,Completed
4796,1102,Mouse,3,998.4,2024-04-23,Shipped
4797,1393,Monitor,2,744.14,2024-02-08,Cancelled
4798,1800,Monitor,3,1884.87,2024-07-10,Completed
4799,1071,Monitor,2,1349.48,2024-08-27,Shipped
4800,1024,Headphones,2,442.17,2024-01-13,Pending
4801,1549,Tablet,4,1766.03,2024-10-08,Pending
4802,1388,Laptop,1,1328.16,2024-07-10,Pending
4803,1106,Mouse,1,1243.99,2024-01-01,Cancelled
4804,1978,Monitor,4,984.4,2024-01-22,Completed
4805,1229,Tablet,4,1768.18,2024-09-19,Pending
4806,1814,Laptop,2,1689.3,2024-11-19,Cancelled
4807,1449,Phone,3,1137.37,2024-06-12,Shipped
4808,1394,Phone,3,656.33,2024-05-28,Pending
4809,1808,Monitor,4,1116.3,2024-10-12,Shipped
4810,1313,Laptop,2,1153.73,2024-02-21,Shipped
4811,1741,Phone,2,1287.78,2024-07-15,Shipped
4812,1540,Headphones,4,927.49,2024-04-26,Shipped
4813,1225,Headphones,1,576.66,2024-06-27,Pending
4814,1011,Laptop,3,428.35,2024-09-03,Pending
4815,1748,Laptop,1,403.98,2024-10-14,Completed
4816,1405,Laptop,2,1992.23,2024-08-07,Completed
4817,1236,Laptop,3,880.43,2024-11-09,Shipped
4818,1921,Mouse,1,1896.53,2024-07-03,Cancelled
4819,1664,Monitor,2,619.94,2024-09-10,Shipped
4820,1186,Tablet,2,1245.94,2024-11-28,Completed
4821,1779,Monitor,1,657.86,2024-05-16,Cancelled
4822,1532,Monitor,3,1009.38,2024-08-22,Cancelled
4823,1576,Headphones,3,266.02,2024-05-21,Cancelled
4824,1555,Headphones,4,84.68,2024-04-08,Completed
4825,1496,Keyboard,1,1007.9,2024-02-20,Shipped
4826,1478,Monitor,2,1092.89,2024-12-06,Cancelled
4827,1859,Keyboard,2,1782.36,2024-09-04,Cancelled
4828,1576,Phone,4,1289.51,2024-03-08,Cancelled
4829,1537,Mouse,2,867.67,2024-07-01,Shipped
4830,1316,Headphones,2,518.51,2024-12-15,Completed
4831,1620,Phone,1,966.42,2024-06-15,Cancelled
4832,1797,Monitor,2,926.01,2024-10-15,Cancelled
4833,1328,Phone,2,1065.49,2024-01-17,Pending
4834,1996,Keyboard,2,1782.63,2024-04-28,Cancelled
4835,1687,Keyboard,1,825.82,2024-07-24,Pending
4836,1265,Phone,1,281.01,2024-05-29,Shipped
4837,1678,Tablet,2,1015.99,2024-09-04,Shipped
4838,1080,Laptop,4,707.65,2024-08-11,Pending
4839,1438,Mouse,3,815.08,2024-12-15,Shipped
4840,1124,Monitor,4,957.71,2024-01-12,Shipped
4841,1139,Headphones,4,1127.23,2024-03-18,Cancelled
4842,1831,Phone,2,1911.67,2024-11-06,Pending
4843,1291,Laptop,3,1740.84,2024-07-29,Cancelled
4844,1476,Monitor,2,1777.67,2024-10-29,Completed
4845,1397,Mouse,2,1423.2,2024-05-12,Cancelled
4846,1421,Tablet,4,401.54,2024-03-31,Shipped
4847,1099,Laptop,1,522.67,2024-03-18,Shipped
4848,1407,Laptop,3,1415.0,2024-07-30,Shipped
4849,1663,Keyboard,1,914.1,2024-05-23,Pending
4850,1810,Monitor,4,1303.65,2024-02-22,Pending
4851,1617,Monitor,1,153.07,2024-03-13,Completed
4852,1479,Tablet,1,696.07,2024-10-27,Pending
4853,1040,Keyboard,2,414.57,2024-02-04,Completed
4854,1195,Headphones,2,1818.53,2024-11-15,Cancelled
4855,1229,Phone,1,1474.74,2024-05-02,Pending
4856,1206,Keyboard,4,842.8,2024-06-12,Cancelled
4857,1662,Laptop,3,207.15,2024-05-08,Shipped
4858,1199,Keyboard,1,203.81,2024-08-05,Pending
4859,1685,Monitor,4,942.38,2024-03-14,Completed
4860,1349,Laptop,2,1408.39,2024-08-21,Shipped
4861,1431,Keyboard,1,1532.19,2024-06-09,Completed
4862,1787,Monitor,2,862.52,2024-04-20,Shipped
4863,1301,Mouse,2,1937.46,2024-05-23,Completed
4864,1461,Tablet,3,462.91,2024-05-20,Completed
4865,1411,Headphones,1,1728.41,2024-01-22,Pending
4866,1079,Keyboard,1,1620.73,2024-12-12,Completed
4867,1124,Laptop,3,1687.61,2024-06-27,Cancelled
4868,1004,Tablet,2,569.93,2024-04-11,Shipped
4869,1863,Tablet,2,1499.3,2024-11-22,Cancelled
4870,1704,Keyboard,3,691.94,2024-05-18,Shipped
4871,1761,Phone,3,281.07,2024-04-24,Pending
4872,1065,Phone,4,1570.31,2024-12-02,Pending
4873,1606,Headphones,1,130.37,2024-12-23,Shipped
4874,1336,Headphones,3,1609.42,2024-10-08,Cancelled
4875,1960,Tablet,4,54.35,2024-01-18,Cancelled
4876,1190,Mouse,2,1021.35,2024-09-09,Pending
4877,1610,Tablet,1,126.7,2024-11-08,Completed
4878,1353,Keyboard,1,1132.0,2024-06-05,Cancelled
4879,1123,Tablet,1,882.29,2024-08-17,Cancelled
4880,1823,Mouse,1,1890.87,2024-12-08,Shipped
4881,1762,Phone,4,771.35,2024-02-04,Cancelled
4882,1146,Monitor,1,1882.62,2024-08-23,Pending
4883,1941,Tablet,1,366.27,2024-07-28,Pending
4884,1499,Monitor,4,1662.92,2024-01-20,Pending
4885,1556,Monitor,4,951.94,2024-10-19,Pending
4886,1349,Monitor,4,675.18,2024-05-23,Cancelled
4887,1214,Keyboard,2,1179.61,2024-06-06,Pending
4888,1301,Laptop,2,313.54,2024-03-15,Shipped
4889,1817,Phone,1,891.37,2024-06-26,Cancelled
4890,1296,Phone,2,1070.02,2024-08-08,Pending
4891,1037,Monitor,2,1496.02,2024-06-20,Completed
4892,1865,Tablet,4,1979.5,2024-01-22,Completed
4893,1336,Keyboard,4,773.29,2024-11-01,Shipped
4894,1841,Mouse,4,341.68,2024-03-31,Completed
4895,1206,Mouse,4,1991.86,2024-12-11,Pending
4896,1083,Headphones,4,1868.75,2024-07-26,Completed
4897,1027,Headphones,2,816.22,2024-05-12,Pending
4898,1464,Tablet,4,1722.89,2024-03-13,Completed
4899,1466,Monitor,2,513.58,2024-01-28,Completed
4900,1118,Phone,3,282.52,2024-07-27,Cancelled
4901,1927,Tablet,3,786.44,2024-09-30,Cancelled
4902,1942,Tablet,1,868.46,2024-01-17,Cancelled
4903,1686,Mouse,3,1503.59,2024-08-25,Cancelled
4904,1116,Keyboard,3,834.9,2024-07-31,Pending
4905,1385,Tablet,2,1644.35,2024-02-29,Pending
4906,1296,Laptop,3,1009.5,2024-08-02,Cancelled
4907,1740,Phone,3,1497.9,2024-10-13,Pending
4908,1551,Monitor,2,1589.89,2024-06-02,Pending
4909,1397,Tablet,4,534.08,2024-07-17,Completed
4910,1301,Tablet,1,861.26,2024-03-06,Completed
4911,1425,Keyboard,4,667.31,2024-10-08,Shipped
4912,1264,Laptop,1,1699.13,2024-12-08,Shipped
4913,1611,Keyboard,2,1921.6,2024-09-22,Pending
4914,1064,Tablet,4,184.67,2024-12-21,Pending
4915,1339,Monitor,1,1467.04,2024-01-17,Cancelled
4916,1477,Headphones,4,931.52,2024-06-23,Completed
4917,1975,Keyboard,4,1356.89,2024-08-28,Pending
4918,1967,Monitor,2,1770.86,2024-01-25,Pending
4919,1631,Headphones,2,410.88,2024-08-21,Shipped
4920,1845,Laptop,4,126.89,2024-04-19,Pending
4921,1758,Headphones,3,672.62,2024-02-02,Cancelled
4922,1390,Keyboard,3,309.97,2024-10-22,Cancelled
4923,1633,Monitor,1,1737.96,2024-11-16,Shipped
4924,1526,Tablet,2,974.91,2024-10-28,Pending
4925,1164,Laptop,2,1094.49,2024-12-16,Completed
4926,1901,Mouse,1,1992.29,2024-11-26,Pending
4927,1308,Tablet,4,1229.55,2024-12-23,Cancelled
4928,1305,Tablet,1,172.44,2024-08-05,Completed
4929,1938,Tablet,4,710.78,2024-10-18,Completed
4930,1000,Phone,4,1686.05,2024-12-29,Shipped
4931,1430,Mouse,2,1156.59,2024-01-29,Shipped
4932,1595,Phone,1,1150.43,2024-04-09,Completed
4933,1001,Mouse,2,258.52,2024-08-23,Shipped
4934,1886,Monitor,3,1288.6,2024-09-29,Shipped
4935,1243,Tablet,1,439.36,2024-01-13,Completed
4936,1449,Laptop,4,148.38,2024-02-20,Shipped
4937,1469,Mouse,1,1994.96,2024-07-01,Pending
4938,1598,Tablet,2,1417.76,2024-08-16,Completed
4939,1359,Phone,2,1338.07,2024-04-30,Pending
4940,1876,Monitor,2,445.32,2024-10-28,Pending
4941,1039,Monitor,3,1612.59,2024-04-12,Cancelled
4942,1126,Tablet,3,1070.02,2024-01-07,Pending
4943,1993,Keyboard,3,1618.02,2024-07-12,Pending
4944,1052,Monitor,2,1388.78,2024-08-16,Shipped
4945,1716,Keyboard,1,993.92,2024-11-04,Pending
4946,1306,Headphones,3,728.97,2024-02-04,Completed
4947,1136,Headphones,1,351.83,2024-10-04,Cancelled
4948,1392,Laptop,2,536.23,2024-09-26,Shipped
4949,1232,Mouse,4,715.62,2024-01-24,Pending
4950,1571,Tablet,4,95.43,2024-07-29,Cancelled
4951,1733,Laptop,4,1904.48,2024-04-15,Cancelled
4952,1324,Tablet,2,866.63,2024-05-17,Pending
4953,1372,Laptop,4,338.97,2024-07-25,Shipped
4954,1645,Laptop,4,1803.11,2024-12-09,Cancelled
4955,1998,Laptop,2,622.38,2024-12-02,Completed
4956,1036,Laptop,1,1832.52,2024-03-14,Completed
4957,1839,Tablet,4,1049.46,2024-08-20,Shipped
4958,1040,Monitor,3,1201.03,2024-07-15,Cancelled
4959,1222,Headphones,1,434.62,2024-11-07,Pending
4960,1583,Mouse,2,1325.88,2024-11-13,Cancelled
4961,1441,Monitor,1,964.28,2024-02-28,Shipped
4962,1624,Keyboard,4,480.51,2024-01-31,Completed
4963,1824,Mouse,4,858.01,2024-09-16,Cancelled
4964,1714,Monitor,4,897.27,2024-06-18,Cancelled
4965,1088,Keyboard,3,1221.11,2024-07-15,Completed
4966,1455,Headphones,4,1853.07,2024-05-01,Completed
4967,1154,Keyboard,1,1823.93,2024-04-28,Completed
4968,1012,Phone,2,897.98,2024-01-12,Completed
4969,1464,Tablet,1,702.37,2024-05-30,Completed
4970,1718,Phone,4,283.9,2024-03-26,Shipped
4971,1431,Tablet,4,1014.4,2024-05-08,Cancelled
4972,1984,Tablet,4,920.59,2024-07-01,Shipped
4973,1635,Mouse,1,1761.63,2024-11-12,Shipped
4974,1894,Keyboard,4,606.62,2024-08-18,Pending
4975,1702,Keyboard,2,1709.13,2024-04-27,Completed
4976,1353,Phone,3,158.49,2024-04-27,Completed
4977,1852,Phone,1,1216.52,2024-06-27,Shipped
4978,1712,Monitor,1,116.3,2024-11-23,Completed
4979,1283,Keyboard,2,1817.12,2024-07-02,Cancelled
4980,1515,Tablet,4,1053.29,2024-12-09,Shipped
4981,1684,Phone,2,1049.34,2024-05-27,Completed
4982,1156,Mouse,4,836.01,2024-12-17,Completed
4983,1490,Mouse,1,776.74,2024-11-03,Completed
4984,1391,Mouse,3,1496.72,2024-08-24,Completed
4985,1052,Monitor,3,1769.56,2024-12-27,Cancelled
4986,1059,Laptop,1,695.6,2024-04-18,Cancelled
4987,1671,Headphones,3,1315.36,2024-03-29,Pending
4988,1483,Phone,2,1874.32,2024-07-24,Pending
4989,1419,Headphones,1,851.68,2024-01-13,Cancelled
4990,1640,Laptop,3,672.03,2024-12-18,Pending
4991,1947,Keyboard,2,1170.91,2024-03-13,Shipped
4992,1715,Mouse,1,446.75,2024-11-24,Completed
4993,1439,Tablet,4,458.6,2024-05-22,Cancelled
4994,1045,Tablet,1,911.63,2024-10-04,Cancelled
4995,1917,Keyboard,1,1343.22,2024-12-02,Pending
4996,1945,Mouse,4,1511.31,2024-07-13,Shipped
4997,1837,Monitor,2,1400.12,2024-08-12,Completed
4998,1694,Mouse,4,1965.25,2024-12-31,Pending
4999,1946,Mouse,2,574.12,2024-10-20,Pending
5000,1300,Phone,4,506.94,2024-07-25,Pending
5001,1808,Phone,2,998.98,2024-10-30,Cancelled
5002,1086,Mouse,2,704.62,2024-12-06,Pending
5003,1264,Keyboard,4,1169.69,2024-11-13,Pending
5004,1493,Monitor,1,1188.15,2024-08-04,Completed
5005,1782,Monitor,1,1521.19,2024-09-07,Completed
5006,1557,Headphones,1,1768.68,2024-05-05,Shipped
5007,1994,Mouse,4,551.63,2024-10-16,Shipped
5008,1240,Mouse,3,230.89,2024-08-03,Pending
5009,1951,Phone,2,841.51,2024-09-13,Completed
5010,1789,Laptop,3,495.94,2024-12-16,Shipped
5011,1332,Phone,4,1758.04,2024-03-08,Cancelled
5012,1243,Headphones,3,650.62,2024-07-23,Pending
5013,1597,Laptop,2,1920.29,2024-12-09,Completed
5014,1669,Laptop,2,825.21,2024-03-21,Pending
5015,1618,Tablet,1,454.02,2024-12-20,Cancelled
5016,1931,Phone,1,653.03,2024-10-01,Cancelled
5017,1123,Headphones,3,111.94,2024-03-03,Pending
5018,1964,Phone,2,1305.66,2024-06-07,Shipped
5019,1781,Monitor,1,762.27,2024-11-12,Cancelled
5020,1157,Phone,3,1682.11,2024-05-17,Pending
5021,1910,Mouse,1,1011.11,2024-09-07,Completed
5022,1941,Laptop,1,327.82,2024-01-07,Pending
5023,1910,Mouse,3,855.82,2024-02-21,Cancelled
5024,1117,Headphones,3,418.43,2024-12-11,Pending
5025,1981,Mouse,1,83.91,2024-12-20,Shipped
5026,1780,Headphones,2,780.19,2024-03-10,Pending
5027,1212,Phone,2,1089.03,2024-12-17,Shipped
5028,1639,Phone,4,708.54,2024-03-22,Completed
5029,1065,Laptop,2,1699.71,2024-10-18,Pending
5030,1813,Monitor,1,1221.98,2024-09-30,Cancelled
5031,1527,Tablet,3,637.79,2024-08-25,Shipped
5032,1664,Phone,3,926.91,2024-08-29,Completed
5033,1728,Mouse,4,1686.73,2024-06-30,Cancelled
5034,1835,Mouse,2,154.35,2024-12-28,Shipped
5035,1713,Laptop,3,893.28,2024-11-07,Completed
5036,1871,Keyboard,3,272.06,2024-01-27,Cancelled
5037,1691,Monitor,1,1865.46,2024-09-16,Completed
5038,1009,Headphones,2,421.19,2024-02-27,Shipped
5039,1586,Monitor,3,1584.61,2024-08-09,Pending
5040,1026,Tablet,4,70.98,2024-06-07,Cancelled
5041,1720,Tablet,2,354.56,2024-04-28,Pending
5042,1269,Phone,4,1827.13,2024-07-16,Cancelled
5043,1149,Keyboard,4,139.0,2024-12-10,Completed
5044,1633,Monitor,4,1011.05,2024-12-30,Completed
5045,1959,Keyboard,1,393.2,2024-12-26,Completed
5046,1452,Headphones,2,1722.55,2024-05-03,Completed
5047,1467,Keyboard,4,538.8,2024-04-03,Cancelled
5048,1481,Phone,3,78.12,2024-05-19,Cancelled
5049,1169,Monitor,4,782.4,2024-03-02,Completed
5050,1243,Headphones,4,144.53,2024-09-24,Completed
5051,1013,Keyboard,1,1992.5,2024-09-21,Completed
5052,1435,Mouse,1,1453.2,2024-09-06,Completed
5053,1977,Laptop,2,1099.19,2024-06-19,Cancelled
5054,1941,Tablet,2,949.88,2024-10-24,Pending
5055,1362,Phone,3,315.94,2024-06-23,Pending
5056,1599,Keyboard,4,1578.49,2024-01-07,Cancelled
5057,1861,Laptop,2,1547.38,2024-10-20,Pending
5058,1100,Laptop,3,995.51,2024-01-15,Cancelled
5059,1048,Phone,2,1932.31,2024-11-10,Pending
5060,1373,Phone,1,821.0,2024-03-13,Shipped
5061,1959,Headphones,4,522.57,2024-11-11,Cancelled
5062,1768,Phone,3,1778.32,2024-04-08,Shipped
5063,1870,Keyboard,1,1308.54,2024-04-13,Pending
5064,1045,Tablet,2,193.25,2024-12-02,Cancelled
5065,1798,Mouse,4,1485.04,2024-12-11,Completed
5066,1257,Laptop,1,1976.93,2024-01-17,Cancelled
5067,1753,Tablet,3,164.09,2024-06-13,Cancelled
5068,1389,Keyboard,1,210.03,2024-12-18,Shipped
5069,1211,Keyboard,2,149.77,2024-03-07,Shipped
5070,1550,Headphones,3,1508.2,2024-08-29,Shipped
5071,1362,Monitor,2,850.19,2024-12-13,Completed
5072,1983,Monitor,4,93.64,2024-06-08,Cancelled
5073,1438,Monitor,1,410.58,2024-10-23,Pending
5074,1719,Keyboard,2,1928.54,2024-06-19,Completed
5075,1141,Keyboard,2,1385.42,2024-07-20,Cancelled
5076,1413,Mouse,2,258.46,2024-10-16,Completed
5077,1890,Keyboard,1,1285.13,2024-08-28,Shipped
5078,1163,Monitor,3,1678.64,2024-05-26,Cancelled
5079,1250,Monitor,1,1033.31,2024-06-17,Pending
5080,1926,Laptop,1,1613.07,2024-01-25,Cancelled
5081,1227,Laptop,2,988.88,2024-08-08,Cancelled
5082,1958,Monitor,1,438.3,2024-11-13,Completed
5083,1017,Keyboard,3,1414.6,2024-10-26,Shipped
5084,1011,Phone,2,1072.57,2024-01-23,Pending
5085,1134,Phone,3,908.83,2024-06-19,Shipped
5086,1303,Headphones,4,1593.84,2024-09-08,Pending
5087,1392,Keyboard,1,1213.74,2024-06-14,Shipped
5088,1570,Laptop,1,464.53,2024-09-07,Cancelled
5089,1728,Phone,1,713.27,2024-12-01,Pending
5090,1233,Monitor,1,1281.07,2024-10-30,Cancelled
5091,1156,Phone,4,445.9,2024-09-10,Cancelled
5092,1407,Keyboard,3,1562.46,2024-04-29,Cancelled
5093,1274,Headphones,2,1018.9,2024-03-23,Pending
5094,1068,Headphones,3,1816.93,2024-11-18,Cancelled
5095,1372,Laptop,4,1593.89,2024-11-08,Shipped
5096,1655,Mouse,1,1478.23,2024-11-22,Cancelled
5097,1931,Tablet,4,460.26,2024-10-13,Cancelled
5098,1645,Tablet,1,1094.78,2024-06-20,Completed
5099,1659,Keyboard,1,1899.16,2024-06-04,Cancelled
5100,1655,Mouse,3,207.78,2024-12-08,Cancelled
5101,1562,Phone,4,975.45,2024-06-07,Cancelled
5102,1767,Monitor,4,315.27,2024-08-17,Cancelled
5103,1058,Headphones,2,1362.7,2024-03-22,Pending
5104,1676,Headphones,4,1671.18,2024-08-10,Cancelled
5105,1434,Headphones,1,929.91,2024-01-06,Shipped
5106,1444,Monitor,3,1665.27,2024-11-02,Completed
5107,1121,Phone,1,256.18,2024-09-01,Pending
5108,1348,Tablet,3,1325.86,2024-07-27,Pending
5109,1656,Laptop,4,136.75,2024-10-18,Completed
5110,1068,Phone,3,612.55,2024-12-21,Completed
5111,1959,Phone,3,242.94,2024-12-25,Pending
5112,1220,Tablet,4,1946.07,2024-05-17,Shipped
5113,1817,Keyboard,4,1761.6,2024-04-30,Shipped
5114,1457,Phone,2,1931.22,2024-07-19,Pending
5115,1537,Monitor,4,577.71,2024-01-18,Pending
5116,1067,Monitor,3,866.61,2024-02-29,Shipped
5117,1523,Phone,2,57.72,2024-12-15,Pending
5118,1218,Phone,1,580.24,2024-06-01,Completed
5119,1031,Tablet,4,602.64,2024-09-23,Cancelled
5120,1570,Keyboard,3,375.01,2024-11-07,Completed
5121,1294,Laptop,3,633.56,2024-07-26,Completed
5122,1890,Headphones,1,719.33,2024-01-28,Pending
5123,1395,Tablet,4,345.89,2024-10-19,Completed
5124,1089,Tablet,2,444.26,2024-03-22,Completed
5125,1054,Laptop,4,353.13,2024-06-30,Shipped
5126,1049,Monitor,2,107.52,2024-06-27,Completed
5127,1497,Headphones,1,402.89,2024-06-18,Shipped
5128,1203,Headphones,4,154.96,2024-04-10,Completed
5129,1126,Mouse,2,913.35,2024-04-19,Completed
5130,1082,Mouse,1,1249.04,2024-06-04,Shipped
5131,1296,Tablet,1,888.94,2024-04-24,Shipped
5132,1217,Keyboard,2,1548.36,2024-02-14,Pending
5133,1402,Tablet,4,1276.95,2024-11-20,Completed
5134,1262,Headphones,2,827.53,2024-12-26,Cancelled
5135,1666,Monitor,1,913.22,2024-11-21,Completed
5136,1875,Tablet,1,573.72,2024-06-20,Completed
5137,1621,Headphones,4,539.66,2024-03-31,Cancelled
5138,1876,Phone,1,192.11,2024-08-02,Shipped
5139,1281,Headphones,1,172.45,2024-01-17,Pending
5140,1435,Laptop,3,1224.56,2024-07-27,Completed
5141,1167,Headphones,2,1992.18,2024-11-15,Pending
5142,1073,Mouse,3,1231.6,2024-10-01,Shipped
5143,1178,Keyboard,4,1193.15,2024-01-06,Cancelled
5144,1143,Phone,2,292.93,2024-08-27,Pending
5145,1849,Phone,3,406.26,2024-12-05,Completed
5146,1304,Keyboard,4,1471.13,2024-01-24,Completed
5147,1591,Phone,4,1083.96,2024-03-30,Shipped
5148,1969,Mouse,3,354.15,2024-05-21,Shipped
5149,1782,Laptop,2,947.91,2024-02-07,Cancelled
5150,1965,Tablet,4,1427.09,2024-12-23,Pending
5151,1220,Mouse,3,525.75,2024-05-30,Completed
5152,1386,Monitor,4,1997.54,2024-11-14,Cancelled
5153,1782,Tablet,1,732.35,2024-03-01,Shipped
5154,1438,Monitor,1,857.37,2024-03-04,Shipped
5155,1036,Tablet,1,1402.05,2024-01-14,Completed
5156,1716,Tablet,4,578.19,2024-12-12,Shipped
5157,1885,Monitor,4,1874.5,2024-12-16,Completed
5158,1819,Laptop,1,1321.01,2024-07-01,Cancelled
5159,1191,Keyboard,1,1859.12,2024-12-17,Completed
5160,1438,Tablet,1,1210.83,2024-03-24,Completed
5161,1002,Mouse,4,1028.74,2024-08-18,Shipped
5162,1937,Laptop,4,424.08,2024-09-10,Cancelled
5163,1664,Mouse,1,784.12,2024-08-01,Pending
5164,1477,Phone,1,1050.18,2024-07-20,Completed
5165,1480,Tablet,2,712.85,2024-11-14,Shipped
5166,1112,Tablet,1,1406.3,2024-04-09,Pending
5167,1410,Laptop,3,1178.69,2024-03-11,Completed
5168,1963,Laptop,4,205.4,2024-11-05,Cancelled
5169,1263,Headphones,2,1541.97,2024-08-23,Completed
5170,1675,Laptop,2,295.48,2024-02-24,Pending
5171,1415,Keyboard,4,588.47,2024-01-26,Cancelled
5172,1609,Mouse,4,136.77,2024-02-19,Pending
5173,1515,Laptop,1,583.57,2024-01-24,Completed
5174,1439,Phone,3,571.02,2024-12-25,Cancelled
5175,1951,Mouse,1,1197.0,2024-03-27,Shipped
5176,1311,Keyboard,2,501.24,2024-05-13,Pending
5177,1072,Tablet,4,1524.83,2024-08-19,Pending
5178,1674,Laptop,4,92.21,2024-04-03,Cancelled
5179,1719,Keyboard,2,699.83,2024-09-13,Pending
5180,1825,Keyboard,4,1484.21,2024-05-19,Cancelled
5181,1056,Phone,2,1205.14,2024-09-21,Completed
5182,1762,Phone,1,1456.31,2024-09-11,Cancelled
5183,1841,Laptop,3,70.45,2024-12-21,Shipped
5184,1294,Monitor,4,1283.45,2024-09-17,Cancelled
5185,1963,Phone,3,51.82,2024-02-05,Cancelled
5186,1045,Tablet,4,1395.14,2024-03-24,Cancelled
5187,1139,Mouse,4,1422.37,2024-04-02,Cancelled
5188,1877,Laptop,3,518.74,2024-03-10,Shipped
5189,1554,Headphones,4,1176.9,2024-06-14,Cancelled
5190,1802,Monitor,2,529.42,2024-01-04,Pending
5191,1132,Laptop,4,669.33,2024-08-23,Completed
5192,1990,Monitor,1,1688.75,2024-09-19,Completed
5193,1956,Laptop,4,1682.82,2024-11-15,Completed
5194,1379,Mouse,4,134.54,2024-01-05,Completed
5195,1167,Mouse,2,99.81,2024-01-02,Cancelled
5196,1764,Phone,1,1129.41,2024-07-30,Completed
5197,1178,Mouse,4,658.53,2024-05-15,Cancelled
5198,1805,Keyboard,3,847.62,2024-09-01,Completed
5199,1185,Keyboard,1,1740.19,2024-05-13,Shipped
5200,1887,Headphones,3,734.03,2024-06-12,Pending
5201,1880,Keyboard,3,869.74,2024-05-13,Pending
5202,1921,Phone,1,1728.09,2024-07-17,Completed
5203,1842,Mouse,4,82.06,2024-05-02,Pending
5204,1654,Keyboard,4,682.04,2024-07-10,Shipped
5205,1134,Keyboard,3,1406.51,2024-01-14,Shipped
5206,1003,Keyboard,1,895.97,2024-02-10,Pending
5207,1442,Phone,1,215.79,2024-06-13,Pending
5208,1771,Laptop,2,498.23,2024-10-11,Shipped
5209,1112,Headphones,1,79.11,2024-09-21,Cancelled
5210,1917,Phone,4,1699.25,2024-10-16,Cancelled
5211,1725,Tablet,2,1943.78,2024-02-18,Cancelled
5212,1571,Keyboard,4,997.06,2024-04-23,Shipped
5213,1465,Headphones,3,748.5,2024-02-05,Cancelled
5214,1195,Monitor,2,1842.12,2024-04-16,Shipped
5215,1243,Mouse,1,1607.79,2024-10-23,Cancelled
5216,1751,Mouse,2,1651.86,2024-08-06,Pending
5217,1377,Tablet,3,1721.1,2024-04-28,Shipped
5218,1534,Phone,1,948.22,2024-06-02,Shipped
5219,1546,Mouse,3,239.2,2024-08-21,Cancelled
5220,1454,Keyboard,1,867.41,2024-11-10,Pending
5221,1351,Phone,3,337.86,2024-10-19,Cancelled
5222,1714,Keyboard,4,1134.94,2024-01-24,Cancelled
5223,1073,Laptop,1,1258.51,2024-11-28,Completed
5224,1857,Mouse,1,1036.58,2024-09-08,Pending
5225,1200,Mouse,4,1610.36,2024-10-22,Cancelled
5226,1834,Keyboard,3,1652.69,2024-12-08,Completed
5227,1752,Laptop,3,415.92,2024-12-19,Completed
5228,1507,Tablet,1,620.56,2024-11-21,Pending
5229,1649,Laptop,3,1526.12,2024-08-06,Completed
5230,1127,Phone,1,1679.28,2024-07-14,Shipped
5231,1187,Phone,4,1413.03,2024-05-28,Pending
5232,1925,Tablet,1,499.21,2024-06-25,Shipped
5233,1008,Mouse,4,1444.93,2024-11-01,Shipped
5234,1199,Headphones,3,144.12,2024-08-31,Completed
5235,1001,Laptop,2,1279.69,2024-03-22,Shipped
5236,1410,Keyboard,3,1613.55,2024-12-19,Cancelled
5237,1241,Keyboard,3,682.3,2024-03-25,Cancelled
5238,1407,Tablet,1,269.79,2024-05-17,Shipped
5239,1160,Laptop,2,898.32,2024-03-18,Pending
5240,1801,Keyboard,2,1777.1,2024-04-10,Pending
5241,1727,Mouse,2,768.26,2024-05-25,Pending
5242,1857,Phone,1,1864.35,2024-03-02,Completed
5243,1649,Keyboard,4,511.66,2024-10-04,Pending
5244,1840,Keyboard,4,1071.76,2024-10-17,Completed
5245,1414,Phone,1,999.27,2024-08-08,Shipped
5246,1597,Phone,3,1105.02,2024-05-23,Shipped
5247,1153,Mouse,2,1532.26,2024-07-06,Shipped
5248,1846,Headphones,2,1050.0,2024-02-11,Shipped
5249,1107,Tablet,2,310.31,2024-11-18,Completed
5250,1588,Keyboard,2,1965.93,2024-07-09,Shipped
5251,1003,Monitor,2,1661.58,2024-03-07,Shipped
5252,1162,Tablet,3,1620.14,2024-10-27,Pending
5253,1578,Phone,3,721.51,2024-06-18,Completed
5254,1540,Mouse,1,353.18,2024-05-29,Pending
5255,1732,Headphones,1,1993.11,2024-10-07,Pending
5256,1588,Laptop,4,965.31,2024-05-01,Cancelled
5257,1929,Keyboard,4,269.79,2024-01-31,Cancelled
5258,1894,Laptop,2,1201.25,2024-08-15,Pending
5259,1346,Laptop,2,118.73,2024-08-06,Pending
5260,1302,Phone,2,1166.13,2024-06-22,Completed
5261,1955,Monitor,1,71.42,2024-08-12,Cancelled
5262,1527,Headphones,1,1609.86,2024-10-18,Shipped
5263,1086,Mouse,1,235.29,2024-05-26,Pending
5264,1166,Headphones,2,1002.58,2024-05-12,Cancelled
5265,1050,Phone,3,263.68,2024-11-07,Shipped
5266,1085,Tablet,3,256.63,2024-03-20,Pending
5267,1670,Phone,1,1093.56,2024-11-24,Completed
5268,1634,Phone,3,787.35,2024-06-11,Shipped
5269,1163,Headphones,4,81.42,2024-01-31,Shipped
5270,1339,Keyboard,1,1228.43,2024-08-31,Cancelled
5271,1337,Mouse,3,1205.34,2024-09-05,Pending
5272,1689,Keyboard,4,1571.54,2024-11-26,Completed
5273,1348,Phone,3,1038.52,2024-09-11,Cancelled
5274,1226,Keyboard,4,74.64,2024-11-18,Shipped
5275,1475,Monitor,2,194.83,2024-08-08,Pending
5276,1760,Keyboard,4,1036.73,2024-08-08,Shipped
5277,1291,Monitor,2,981.22,2024-09-05,Completed
5278,1045,Monitor,1,1117.47,2024-08-23,Shipped
5279,1306,Laptop,3,1060.13,2024-01-14,Shipped
5280,1847,Phone,2,1471.77,2024-03-04,Pending
5281,1290,Phone,3,1606.58,2024-09-12,Shipped
5282,1342,Phone,1,712.96,2024-01-16,Completed
5283,1145,Tablet,3,1546.62,2024-02-10,Shipped
5284,1910,Headphones,2,952.95,2024-10-26,Pending
5285,1021,Headphones,2,358.47,2024-08-10,Pending
5286,1725,Tablet,3,687.74,2024-04-23,Completed
5287,1005,Headphones,4,137.01,2024-10-05,Pending
5288,1576,Monitor,1,656.81,2024-04-27,Pending
5289,1891,Monitor,4,1123.34,2024-11-29,Completed
5290,1308,Phone,2,1034.48,2024-06-01,Cancelled
5291,1625,Tablet,1,908.76,2024-01-30,Pending
5292,1206,Laptop,3,988.25,2024-07-26,Completed
5293,1600,Headphones,3,1187.79,2024-11-04,Shipped
5294,1663,Laptop,4,991.74,2024-07-10,Completed
5295,1726,Headphones,3,310.77,2024-07-30,Cancelled
5296,1998,Tablet,2,962.0,2024-08-06,Shipped
5297,1627,Monitor,1,395.69,2024-11-01,Shipped
5298,1526,Laptop,3,162.13,2024-03-20,Shipped
5299,1940,Tablet,3,1547.38,2024-04-11,Shipped
5300,1177,Monitor,2,1006.01,2024-07-21,Shipped
5301,1233,Phone,3,76.36,2024-10-24,Completed
5302,1075,Mouse,4,1077.81,2024-06-02,Shipped
5303,1662,Keyboard,2,925.26,2024-08-04,Shipped
5304,1477,Tablet,2,72.88,2024-07-19,Cancelled
5305,1857,Mouse,2,1688.95,2024-05-26,Completed
5306,1686,Mouse,1,1192.46,2024-04-20,Completed
5307,1844,Laptop,3,578.07,2024-05-17,Shipped
5308,1436,Keyboard,1,1266.53,2024-09-03,Pending
5309,1814,Keyboard,4,1672.21,2024-01-09,Completed
5310,1096,Keyboard,1,225.08,2024-06-04,Cancelled
5311,1691,Mouse,3,1211.49,2024-12-29,Shipped
5312,1692,Monitor,4,1058.21,2024-10-10,Shipped
5313,1278,Mouse,2,299.29,2024-08-27,Shipped
5314,1974,Monitor,4,481.24,2024-01-01,Completed
5315,1501,Keyboard,3,1158.52,2024-03-23,Pending
5316,1460,Laptop,1,1090.36,2024-03-31,Cancelled
5317,1260,Mouse,1,1150.37,2024-09-01,Completed
5318,1420,Headphones,1,1956.99,2024-09-03,Pending
5319,1017,Headphones,3,452.47,2024-01-10,Cancelled
5320,1287,Monitor,4,1470.75,2024-09-22,Completed
5321,1789,Headphones,1,1575.31,2024-09-13,Completed
5322,1815,Monitor,2,1233.81,2024-07-30,Pending
5323,1701,Laptop,1,1381.22,2024-05-23,Completed
5324,1460,Laptop,3,1841.24,2024-02-23,Pending
5325,1824,Phone,1,1946.6,2024-02-10,Pending
5326,1126,Phone,3,1735.22,2024-03-24,Shipped
5327,1001,Phone,4,1528.36,2024-09-06,Shipped
5328,1152,Phone,2,1208.21,2024-02-29,Shipped
5329,1057,Monitor,2,1100.98,2024-11-03,Shipped
5330,1753,Tablet,1,1173.14,2024-02-20,Cancelled
5331,1305,Headphones,1,141.05,2024-07-15,Pending
5332,1962,Tablet,1,1294.68,2024-06-19,Cancelled
5333,1444,Headphones,4,1103.31,2024-01-10,Cancelled
5334,1980,Laptop,4,1660.86,2024-10-12,Shipped
5335,1587,Keyboard,2,1475.97,2024-06-09,Shipped
5336,1088,Monitor,3,372.72,2024-09-10,Completed
5337,1660,Monitor,4,1021.57,2024-06-23,Completed
5338,1684,Tablet,1,1587.89,2024-09-27,Pending
5339,1941,Laptop,4,911.15,2024-06-08,Cancelled
5340,1845,Laptop,2,1660.09,2024-02-06,Cancelled
5341,1709,Keyboard,3,1186.67,2024-08-25,Shipped
5342,1536,Headphones,3,1626.06,2024-06-27,Pending
5343,1541,Headphones,3,474.45,2024-10-01,Cancelled
5344,1556,Monitor,2,212.66,2024-05-26,Shipped
5345,1024,Phone,4,972.37,2024-01-20,Pending
5346,1575,Laptop,4,529.62,2024-04-29,Cancelled
5347,1152,Phone,3,1758.27,2024-09-30,Pending
5348,1846,Phone,3,751.23,2024-08-01,Pending
5349,1098,Keyboard,4,1245.95,2024-05-27,Completed
5350,1113,Keyboard,4,774.02,2024-06-07,Cancelled
5351,1475,Keyboard,4,544.0,2024-07-19,Completed
5352,1680,Laptop,1,1273.59,2024-02-18,Pending
5353,1179,Monitor,2,453.19,2024-11-10,Cancelled
5354,1946,Laptop,4,1868.86,2024-07-30,Pending
5355,1192,Keyboard,1,1700.6,2024-12-08,Completed
5356,1867,Tablet,1,1553.6,2024-05-22,Shipped
5357,1665,Phone,2,1139.04,2024-04-04,Shipped
5358,1245,Monitor,1,793.24,2024-09-29,Cancelled
5359,1137,Keyboard,1,1004.8,2024-11-07,Cancelled
5360,1458,Laptop,2,1043.38,2024-02-14,Shipped
5361,1111,Mouse,2,765.26,2024-04-21,Cancelled
5362,1709,Mouse,1,676.2,2024-05-11,Cancelled
5363,1059,Laptop,1,1636.73,2024-06-03,Cancelled
5364,1885,Mouse,1,411.26,2024-12-15,Cancelled
5365,1710,Tablet,3,653.24,2024-01-08,Pending
5366,1268,Headphones,3,930.11,2024-03-30,Pending
5367,1971,Laptop,1,425.97,2024-07-07,Pending
5368,1110,Keyboard,1,400.25,2024-06-05,Completed
5369,1571,Monitor,1,1017.23,2024-11-04,Shipped
5370,1362,Monitor,2,1388.99,2024-07-27,Cancelled
5371,1662,Keyboard,4,514.3,2024-11-13,Completed
5372,1063,Laptop,2,1002.34,2024-05-18,Shipped
5373,1176,Keyboard,1,514.83,2024-09-13,Pending
5374,1526,Tablet,1,1134.08,2024-05-10,Shipped
5375,1065,Phone,1,1512.17,2024-11-08,Cancelled
5376,1886,Laptop,1,165.21,2024-05-06,Pending
5377,1853,Keyboard,3,1476.49,2024-01-06,Shipped
5378,1343,Keyboard,4,1584.25,2024-09-10,Shipped
5379,1250,Keyboard,2,1128.26,2024-02-06,Cancelled
5380,1529,Headphones,4,804.83,2024-12-26,Completed
5381,1149,Phone,2,367.63,2024-06-12,Cancelled
5382,1267,Phone,2,1219.44,2024-04-11,Cancelled
5383,1527,Mouse,2,1039.59,2024-01-23,Cancelled
5384,1324,Headphones,4,1787.85,2024-05-20,Pending
5385,1537,Keyboard,3,1354.38,2024-01-13,Completed
5386,1875,Laptop,3,872.93,2024-06-21,Pending
5387,1582,Tablet,2,460.51,2024-02-04,Shipped
5388,1990,Monitor,3,555.06,2024-05-23,Completed
5389,1057,Mouse,2,1180.79,2024-06-01,Completed
5390,1064,Tablet,1,221.87,2024-10-11,Cancelled
5391,1165,Keyboard,2,1336.02,2024-07-12,Cancelled
5392,1016,Phone,3,1836.94,2024-04-24,Shipped
5393,1292,Mouse,1,1780.03,2024-09-26,Pending
5394,1897,Laptop,4,1777.2,2024-07-04,Shipped
5395,1748,Mouse,1,254.53,2024-08-23,Shipped
5396,1896,Tablet,1,1479.84,2024-06-10,Pending
5397,1774,Mouse,4,1248.45,2024-12-21,Cancelled
5398,1843,Keyboard,2,441.8,2024-08-08,Completed
5399,1086,Phone,2,285.63,2024-07-26,Pending
5400,1423,Mouse,4,260.42,2024-03-18,Pending
5401,1034,Tablet,3,861.8,2024-04-26,Shipped
5402,1110,Headphones,3,346.59,2024-06-09,Pending
5403,1992,Mouse,2,550.17,2024-07-20,Shipped
5404,1174,Keyboard,2,885.18,2024-05-23,Completed
5405,1351,Phone,3,457.54,2024-11-20,Shipped
5406,1972,Headphones,1,177.92,2024-08-10,Pending
5407,1616,Phone,1,1833.2,2024-04-04,Pending
5408,1002,Mouse,3,1740.73,2024-01-09,Cancelled
5409,1916,Laptop,3,1177.91,2024-12-11,Cancelled
5410,1217,Keyboard,4,1820.56,2024-01-02,Completed
5411,1319,Tablet,1,1287.31,2024-04-28,Shipped
5412,1498,Keyboard,2,1473.66,2024-10-10,Completed
5413,1325,Keyboard,4,902.44,2024-03-17,Pending
5414,1675,Phone,4,1802.24,2024-05-14,Cancelled
5415,1806,Mouse,4,191.43,2024-09-15,Shipped
5416,1628,Monitor,3,148.53,2024-09-17,Pending
5417,1394,Mouse,3,987.87,2024-11-23,Completed
5418,1660,Monitor,2,1484.73,2024-05-29,Pending
5419,1138,Laptop,4,1010.97,2024-02-26,Cancelled
5420,1822,Monitor,1,342.16,2024-01-29,Cancelled
5421,1676,Mouse,1,1184.49,2024-09-25,Shipped
5422,1652,Keyboard,4,836.23,2024-03-08,Cancelled
5423,1358,Keyboard,3,1496.43,2024-04-13,Pending
5424,1538,Mouse,1,153.35,2024-02-08,Completed
5425,1743,Phone,2,1003.52,2024-06-08,Cancelled
5426,1445,Monitor,4,467.9,2024-07-14,Completed
5427,1129,Headphones,1,1002.83,2024-06-01,Shipped
5428,1586,Keyboard,1,911.39,2024-09-04,Shipped
5429,1680,Tablet,2,411.02,2024-08-26,Pending
5430,1093,Laptop,1,1854.59,2024-05-04,Shipped
5431,1521,Phone,3,1499.5,2024-12-04,Pending
5432,1324,Tablet,3,1654.2,2024-01-11,Pending
5433,1850,Tablet,3,205.95,2024-07-17,Pending
5434,1047,Phone,1,1270.62,2024-02-12,Shipped
5435,1914,Tablet,4,1943.11,2024-03-25,Shipped
5436,1511,Headphones,4,1506.92,2024-10-30,Pending
5437,1593,Phone,3,1089.49,2024-09-05,Pending
5438,1467,Mouse,1,784.85,2024-10-27,Pending
5439,1289,Mouse,2,1469.05,2024-04-30,Shipped
5440,1274,Tablet,1,1167.79,2024-09-19,Shipped
5441,1404,Headphones,4,313.99,2024-02-24,Completed
5442,1696,Headphones,1,1212.03,2024-09-22,Completed
5443,1195,Headphones,4,325.2,2024-06-13,Shipped
5444,1364,Headphones,4,1099.3,2024-05-28,Pending
5445,1571,Phone,2,1452.81,2024-07-01,Pending
5446,1434,Keyboard,4,1365.7,2024-10-04,Completed
5447,1781,Monitor,3,609.12,2024-11-28,Pending
5448,1186,Headphones,1,1962.96,2024-06-22,Completed
5449,1356,Phone,4,1436.83,2024-09-15,Shipped
5450,1421,Mouse,1,520.87,2024-06-19,Completed
5451,1936,Phone,2,430.83,2024-10-18,Pending
5452,1214,Phone,3,740.4,2024-02-11,Cancelled
5453,1264,Phone,4,1785.31,2024-02-22,Pending
5454,1476,Phone,1,973.06,2024-05-20,Pending
5455,1320,Tablet,3,443.7,2024-08-14,Cancelled
5456,1241,Tablet,1,1885.86,2024-09-27,Pending
5457,1824,Mouse,4,475.57,2024-01-28,Cancelled
5458,1086,Laptop,3,1589.17,2024-05-18,Pending
5459,1006,Monitor,2,161.99,2024-01-31,Shipped
5460,1959,Tablet,3,415.14,2024-06-27,Pending
5461,1578,Monitor,1,1108.73,2024-09-06,Shipped
5462,1001,Phone,2,392.98,2024-04-03,Shipped
5463,1829,Laptop,1,264.8,2024-12-17,Cancelled
5464,1646,Phone,3,1843.57,2024-10-14,Completed
5465,1622,Tablet,1,231.77,2024-12-04,Pending
5466,1103,Mouse,3,467.12,2024-02-12,Completed
5467,1125,Keyboard,4,198.71,2024-06-06,Completed
5468,1329,Monitor,4,594.01,2024-12-22,Pending
5469,1889,Keyboard,4,742.66,2024-07-20,Pending
5470,1817,Headphones,2,1135.7,2024-08-11,Pending
5471,1814,Laptop,2,470.73,2024-03-28,Cancelled
5472,1416,Tablet,2,823.68,2024-04-17,Completed
5473,1496,Keyboard,4,932.88,2024-02-28,Shipped
5474,1728,Keyboard,1,715.31,2024-05-05,Cancelled
5475,1921,Phone,4,78.8,2024-08-31,Cancelled
5476,1746,Laptop,1,1639.85,2024-03-12,Cancelled
5477,1964,Monitor,2,454.69,2024-05-21,Shipped
5478,1003,Monitor,4,1683.89,2024-02-24,Completed
5479,1941,Phone,2,1079.65,2024-05-14,Cancelled
5480,1893,Tablet,3,224.13,2024-03-05,Completed
5481,1762,Monitor,4,1669.77,2024-09-06,Shipped
5482,1142,Laptop,2,1467.8,2024-04-10,Cancelled
5483,1651,Headphones,4,555.74,2024-07-18,Cancelled
5484,1069,Phone,1,1491.43,2024-09-11,Completed
5485,1508,Phone,4,1461.1,2024-07-07,Shipped
5486,1157,Mouse,3,661.66,2024-01-15,Pending
5487,1559,Mouse,4,237.93,2024-06-24,Shipped
5488,1714,Keyboard,4,1614.43,2024-11-23,Cancelled
5489,1535,Phone,2,1195.93,2024-10-03,Completed
5490,1242,Headphones,2,340.52,2024-05-26,Pending
5491,1621,Mouse,2,830.59,2024-11-03,Pending
5492,1211,Monitor,1,1815.73,2024-09-01,Cancelled
5493,1233,Phone,1,976.63,2024-10-11,Completed
5494,1849,Monitor,1,1704.89,2024-03-26,Shipped
5495,1389,Phone,2,793.77,2024-12-21,Shipped
5496,1000,Monitor,1,504.78,2024-12-07,Completed
5497,1981,Laptop,3,327.4,2024-10-29,Shipped
5498,1672,Headphones,1,567.19,2024-05-27,Shipped
5499,1514,Keyboard,1,1099.44,2024-03-27,Completed
5500,1378,Laptop,2,414.45,2024-07-05,Shipped
5501,1071,Phone,3,1813.06,2024-10-10,Shipped
5502,1735,Keyboard,3,1665.44,2024-07-13,Shipped
5503,1946,Phone,4,87.73,2024-03-02,Pending
5504,1852,Laptop,2,1539.12,2024-12-26,Cancelled
5505,1086,Mouse,2,359.39,2024-07-19,Pending
5506,1962,Tablet,1,346.53,2024-12-23,Shipped
5507,1670,Laptop,1,517.91,2024-10-16,Completed
5508,1176,Laptop,1,319.02,2024-01-01,Completed
5509,1316,Laptop,1,1811.8,2024-10-04,Cancelled
5510,1095,Laptop,4,893.69,2024-03-04,Cancelled
5511,1490,Mouse,4,946.89,2024-01-08,Cancelled
5512,1290,Phone,4,1788.29,2024-04-24,Cancelled
5513,1594,Keyboard,4,1707.69,2024-06-08,Completed
5514,1895,Mouse,3,1923.04,2024-10-19,Shipped
5515,1374,Keyboard,4,1406.92,2024-09-01,Shipped
5516,1197,Keyboard,3,1035.15,2024-05-20,Cancelled
5517,1405,Laptop,2,785.26,2024-10-07,Shipped
5518,1856,Keyboard,1,1893.36,2024-12-30,Completed
5519,1689,Tablet,1,453.03,2024-03-17,Shipped
5520,1404,Monitor,3,1798.18,2024-01-14,Pending
5521,1599,Phone,1,1962.35,2024-01-08,Cancelled
5522,1793,Keyboard,4,295.93,2024-10-07,Cancelled
5523,1645,Tablet,3,274.91,2024-12-28,Pending
5524,1728,Mouse,3,1584.56,2024-04-25,Completed
5525,1360,Phone,4,1407.71,2024-10-29,Shipped
5526,1411,Mouse,4,217.68,2024-07-23,Pending
5527,1539,Mouse,1,849.36,2024-01-15,Shipped
5528,1857,Laptop,3,704.85,2024-10-28,Cancelled
5529,1721,Keyboard,3,548.86,2024-02-11,Shipped
5530,1628,Monitor,4,1902.77,2024-02-11,Shipped
5531,1272,Phone,1,103.45,2024-01-28,Shipped
5532,1975,Monitor,2,1730.63,2024-07-22,Shipped
5533,1689,Keyboard,3,216.86,2024-07-08,Shipped
5534,1948,Tablet,2,786.56,2024-12-08,Completed
5535,1704,Mouse,4,1330.32,2024-03-02,Shipped
5536,1991,Phone,1,1529.87,2024-10-26,Cancelled
5537,1795,Phone,3,612.19,2024-03-11,Cancelled
5538,1993,Monitor,4,1998.15,2024-05-20,Completed
5539,1834,Mouse,1,802.43,2024-01-30,Shipped
5540,1180,Monitor,3,1512.1,2024-07-18,Cancelled
5541,1706,Monitor,2,1957.35,2024-07-07,Cancelled
5542,1901,Keyboard,2,1377.7,2024-03-30,Completed
5543,1761,Tablet,4,463.25,2024-09-11,Cancelled
5544,1949,Phone,3,587.69,2024-08-05,Shipped
5545,1219,Monitor,2,1846.73,2024-07-23,Pending
5546,1394,Tablet,1,990.02,2024-01-28,Cancelled
5547,1793,Tablet,4,1247.4,2024-01-29,Completed
5548,1395,Monitor,1,1119.77,2024-04-24,Pending
5549,1251,Tablet,4,1592.45,2024-10-05,Pending
5550,1608,Laptop,3,337.18,2024-08-14,Cancelled
5551,1361,Headphones,3,315.3,2024-11-25,Shipped
5552,1645,Monitor,1,1817.69,2024-07-25,Shipped
5553,1179,Headphones,2,479.26,2024-06-15,Shipped
5554,1579,Tablet,3,202.25,2024-10-23,Pending
5555,1553,Tablet,1,780.31,2024-09-13,Cancelled
5556,1740,Keyboard,1,1610.42,2024-02-14,Completed
5557,1121,Headphones,4,510.54,2024-02-24,Cancelled
5558,1632,Headphones,4,904.8,2024-10-26,Cancelled
5559,1036,Headphones,1,1939.81,2024-06-13,Pending
5560,1113,Phone,1,232.1,2024-06-11,Completed
5561,1302,Phone,4,931.92,2024-12-05,Cancelled
5562,1374,Mouse,1,1622.42,2024-07-03,Pending
5563,1112,Mouse,1,1222.28,2024-10-25,Shipped
5564,1260,Keyboard,4,121.85,2024-11-07,Cancelled
5565,1624,Monitor,1,1888.21,2024-01-07,Completed
5566,1182,Tablet,2,1729.4,2024-12-15,Completed
5567,1094,Tablet,1,1938.8,2024-02-27,Shipped
5568,1007,Laptop,3,156.57,2024-11-30,Shipped
5569,1490,Headphones,3,846.22,2024-03-25,Pending
5570,1304,Tablet,1,1942.49,2024-05-17,Cancelled
5571,1402,Laptop,3,1732.25,2024-01-09,Completed
5572,1919,Monitor,4,612.58,2024-05-12,Pending
5573,1796,Tablet,1,1493.09,2024-12-01,Shipped
5574,1312,Phone,1,1439.96,2024-12-03,Pending
5575,1845,Laptop,1,1539.37,2024-10-18,Completed
5576,1229,Laptop,4,392.71,2024-02-23,Pending
5577,1014,Laptop,4,451.03,2024-02-06,Pending
5578,1871,Headphones,4,1329.85,2024-02-26,Pending
5579,1254,Keyboard,4,546.58,2024-08-21,Completed
5580,1700,Laptop,4,833.69,2024-10-18,Completed
5581,1896,Headphones,4,1801.61,2024-05-02,Pending
5582,1595,Monitor,1,735.84,2024-02-10,Shipped
5583,1977,Tablet,3,830.42,2024-12-14,Completed
5584,1399,Laptop,1,957.04,2024-03-07,Cancelled
5585,1354,Phone,3,306.2,2024-06-28,Completed
5586,1093,Phone,4,1516.93,2024-02-16,Pending
5587,1507,Phone,2,1341.39,2024-03-20,Pending
5588,1213,Keyboard,1,117.08,2024-06-26,Completed
5589,1410,Phone,2,395.38,2024-08-14,Pending
5590,1034,Laptop,3,1272.1,2024-02-05,Shipped
5591,1107,Tablet,1,1103.67,2024-04-27,Cancelled
5592,1963,Headphones,1,791.88,2024-05-01,Pending
5593,1498,Headphones,3,363.91,2024-02-02,Pending
5594,1396,Monitor,4,913.77,2024-11-17,Cancelled
5595,1575,Mouse,3,1469.71,2024-05-25,Shipped
5596,1089,Keyboard,1,1789.23,2024-04-21,Shipped
5597,1119,Keyboard,3,1276.19,2024-02-17,Shipped
5598,1900,Mouse,3,1309.21,2024-07-12,Cancelled
5599,1578,Monitor,4,1089.89,2024-06-29,Completed
5600,1655,Mouse,1,1129.24,2024-03-31,Completed
5601,1400,Keyboard,2,808.24,2024-03-13,Completed
5602,1948,Tablet,2,1443.77,2024-07-21,Completed
5603,1408,Laptop,1,879.33,2024-11-02,Pending
5604,1224,Monitor,1,610.92,2024-09-23,Cancelled
5605,1837,Keyboard,4,243.09,2024-08-04,Shipped
5606,1854,Mouse,4,1962.94,2024-10-11,Pending
5607,1476,Laptop,3,1655.67,2024-09-30,Pending
5608,1683,Headphones,1,1114.84,2024-12-01,Completed
5609,1394,Headphones,1,1649.2,2024-12-25,Pending
5610,1498,Keyboard,3,1864.31,2024-02-26,Shipped
5611,1358,Headphones,1,1428.29,2024-11-25,Cancelled
5612,1758,Mouse,3,930.45,2024-06-17,Cancelled
5613,1395,Monitor,4,479.69,2024-07-12,Cancelled
5614,1085,Headphones,4,1095.35,2024-09-14,Pending
5615,1815,Keyboard,1,927.68,2024-02-27,Completed
5616,1648,Keyboard,2,100.65,2024-04-14,Shipped
5617,1925,Headphones,1,1283.22,2024-10-05,Pending
5618,1665,Laptop,3,79.38,2024-11-03,Cancelled
5619,1997,Phone,4,397.94,2024-12-14,Shipped
5620,1439,Laptop,1,1242.59,2024-07-12,Pending
5621,1253,Phone,1,186.75,2024-03-06,Completed
5622,1032,Laptop,1,505.98,2024-07-22,Cancelled
5623,1904,Monitor,2,296.36,2024-10-22,Completed
5624,1067,Laptop,4,1305.49,2024-03-11,Cancelled
5625,1709,Headphones,3,1045.33,2024-06-07,Completed
5626,1954,Mouse,4,1829.76,2024-02-26,Shipped
5627,1848,Phone,2,347.34,2024-11-03,Shipped
5628,1094,Keyboard,3,1853.28,2024-12-29,Completed
5629,1264,Laptop,3,784.09,2024-10-31,Pending
5630,1175,Monitor,2,1481.78,2024-10-01,Shipped
5631,1495,Laptop,1,217.41,2024-12-09,Pending
5632,1747,Keyboard,2,470.72,2024-01-05,Cancelled
5633,1194,Monitor,4,1947.76,2024-05-12,Completed
5634,1874,Laptop,4,1452.91,2024-11-24,Cancelled
5635,1800,Monitor,1,1354.25,2024-04-28,Shipped
5636,1414,Tablet,4,1945.51,2024-07-23,Shipped
5637,1336,Laptop,1,1617.56,2024-01-27,Cancelled
5638,1649,Monitor,3,1095.78,2024-06-10,Pending
5639,1174,Laptop,4,504.36,2024-09-26,Shipped
5640,1304,Mouse,4,1576.53,2024-08-16,Completed
5641,1645,Tablet,4,1961.96,2024-04-22,Cancelled
5642,1965,Phone,3,562.21,2024-06-23,Pending
5643,1353,Monitor,2,1646.63,2024-11-09,Pending
5644,1543,Laptop,2,213.07,2024-12-20,Cancelled
5645,1073,Tablet,2,900.27,2024-06-01,Shipped
5646,1308,Mouse,2,985.63,2024-10-09,Pending
5647,1278,Mouse,2,1566.96,2024-11-07,Pending
5648,1592,Keyboard,1,296.25,2024-02-01,Pending
5649,1495,Tablet,4,761.52,2024-02-07,Shipped
5650,1280,Monitor,4,614.86,2024-03-30,Shipped
5651,1213,Headphones,4,761.89,2024-07-18,Pending
5652,1971,Laptop,3,959.22,2024-03-29,Cancelled
5653,1432,Phone,4,625.16,2024-10-10,Pending
5654,1441,Monitor,3,1371.43,2024-11-09,Completed
5655,1450,Laptop,4,1050.08,2024-11-22,Completed
5656,1747,Monitor,4,1411.26,2024-12-31,Pending
5657,1235,Mouse,4,664.67,2024-02-28,Shipped
5658,1276,Keyboard,4,1214.33,2024-03-21,Shipped
5659,1148,Mouse,1,1344.31,2024-07-07,Completed
5660,1434,Tablet,1,1155.46,2024-03-05,Shipped
5661,1374,Headphones,1,277.17,2024-11-08,Cancelled
5662,1432,Headphones,4,316.24,2024-08-23,Pending
5663,1188,Headphones,1,1332.04,2024-04-16,Shipped
5664,1478,Mouse,3,95.48,2024-02-04,Pending
5665,1879,Tablet,2,1447.1,2024-12-23,Cancelled
5666,1965,Mouse,3,1805.67,2024-06-20,Shipped
5667,1630,Laptop,3,1596.13,2024-10-15,Cancelled
5668,1773,Tablet,1,1158.88,2024-09-15,Cancelled
5669,1637,Keyboard,2,1995.49,2024-11-20,Completed
5670,1406,Tablet,2,1411.92,2024-12-20,Cancelled
5671,1609,Mouse,4,1040.12,2024-12-31,Completed
5672,1616,Keyboard,2,225.47,2024-07-30,Pending
5673,1364,Laptop,1,167.89,2024-11-20,Pending
5674,1977,Headphones,4,1843.83,2024-09-07,Completed
5675,1560,Keyboard,2,1058.48,2024-01-19,Completed
5676,1432,Monitor,1,1091.72,2024-04-25,Shipped
5677,1149,Tablet,4,741.7,2024-09-15,Completed
5678,1034,Tablet,2,1527.09,2024-11-08,Cancelled
5679,1067,Tablet,1,1780.73,2024-04-11,Cancelled
5680,1173,Laptop,2,1869.03,2024-06-16,Pending
5681,1720,Laptop,1,142.91,2024-10-23,Pending
5682,1309,Headphones,3,98.13,2024-04-26,Pending
5683,1811,Keyboard,1,525.16,2024-09-11,Shipped
5684,1328,Laptop,4,534.48,2024-02-26,Shipped
5685,1897,Monitor,3,1890.12,2024-06-13,Cancelled
5686,1981,Mouse,4,1098.38,2024-09-12,Cancelled
5687,1008,Headphones,3,69.0,2024-06-26,Pending
5688,1678,Mouse,2,1139.45,2024-12-25,Pending
5689,1146,Laptop,4,1703.55,2024-07-21,Completed
5690,1997,Tablet,2,1866.36,2024-08-31,Completed
5691,1208,Monitor,1,758.0,2024-07-23,Pending
5692,1200,Keyboard,2,1538.14,2024-08-10,Pending
5693,1303,Mouse,1,1186.65,2024-07-29,Pending
5694,1130,Laptop,1,1184.57,2024-05-20,Shipped
5695,1139,Phone,1,1256.26,2024-09-09,Pending
5696,1559,Tablet,3,1528.17,2024-04-25,Shipped
5697,1714,Mouse,3,828.23,2024-12-09,Cancelled
5698,1310,Phone,1,1589.55,2024-09-12,Cancelled
5699,1203,Headphones,1,473.51,2024-11-17,Shipped
5700,1431,Laptop,2,1910.18,2024-07-02,Pending
5701,1215,Laptop,2,1985.86,2024-03-14,Cancelled
5702,1754,Headphones,1,1765.89,2024-10-18,Completed
5703,1144,Phone,1,282.44,2024-02-27,Shipped
5704,1436,Headphones,4,1532.97,2024-07-18,Completed
5705,1462,Monitor,1,1071.53,2024-06-29,Cancelled
5706,1415,Laptop,3,525.15,2024-08-27,Cancelled
5707,1211,Tablet,4,912.19,2024-11-21,Pending
5708,1124,Tablet,1,1117.81,2024-09-04,Cancelled
5709,1214,Mouse,1,1560.66,2024-12-21,Pending
5710,1359,Monitor,2,1381.0,2024-06-10,Pending
5711,1576,Phone,1,697.2,2024-02-21,Pending
5712,1833,Phone,2,1634.91,2024-04-07,Cancelled
5713,1462,Laptop,3,272.15,2024-06-07,Shipped
5714,1644,Tablet,2,455.99,2024-12-31,Shipped
5715,1759,Monitor,4,337.2,2024-12-26,Completed
5716,1331,Monitor,2,1550.89,2024-02-29,Pending
5717,1073,Headphones,2,1320.79,2024-06-13,Shipped
5718,1093,Headphones,3,1709.75,2024-01-05,Pending
5719,1047,Headphones,2,1568.58,2024-03-09,Pending
5720,1732,Laptop,4,361.95,2024-12-05,Cancelled
5721,1699,Headphones,1,876.59,2024-05-23,Completed
5722,1870,Monitor,1,1853.67,2024-12-06,Shipped
5723,1659,Keyboard,3,1493.18,2024-09-29,Pending
5724,1711,Laptop,4,318.27,2024-10-27,Shipped
5725,1178,Monitor,4,1667.37,2024-10-31,Completed
5726,1199,Phone,4,1914.71,2024-05-08,Completed
5727,1045,Mouse,2,1636.41,2024-08-31,Pending
5728,1697,Monitor,2,126.93,2024-03-19,Cancelled
5729,1110,Phone,4,1127.07,2024-04-07,Shipped
5730,1542,Phone,1,1620.11,2024-05-05,Pending
5731,1835,Laptop,3,599.15,2024-09-27,Pending
5732,1459,Phone,2,1324.07,2024-11-02,Completed
5733,1198,Phone,4,1141.73,2024-05-17,Pending
5734,1008,Monitor,1,1189.72,2024-09-26,Completed
5735,1616,Headphones,3,683.36,2024-07-07,Completed
5736,1748,Monitor,1,64.25,2024-08-17,Cancelled
5737,1695,Headphones,2,1068.13,2024-12-04,Shipped
5738,1681,Monitor,3,1946.8,2024-03-01,Shipped
5739,1137,Keyboard,1,1090.67,2024-12-30,Cancelled
5740,1550,Mouse,4,973.59,2024-08-19,Completed
5741,1022,Monitor,4,1692.53,2024-06-01,Cancelled
5742,1694,Phone,1,1439.26,2024-02-24,Cancelled
5743,1246,Keyboard,3,1555.53,2024-07-29,Completed
5744,1381,Laptop,3,1576.19,2024-02-07,Shipped
5745,1033,Laptop,1,699.52,2024-08-26,Completed
5746,1425,Mouse,1,657.63,2024-06-02,Cancelled
5747,1744,Keyboard,1,243.71,2024-11-07,Cancelled
5748,1529,Mouse,2,588.03,2024-10-12,Cancelled
5749,1773,Keyboard,4,1866.38,2024-04-26,Completed
5750,1016,Monitor,4,1587.31,2024-09-27,Cancelled
5751,1684,Headphones,2,1134.18,2024-03-04,Pending
5752,1714,Mouse,4,1469.29,2024-09-07,Cancelled
5753,1060,Mouse,1,1009.52,2024-12-06,Completed
5754,1431,Monitor,2,1664.84,2024-09-13,Completed
5755,1097,Mouse,1,1885.52,2024-10-10,Shipped
5756,1611,Mouse,2,939.66,2024-03-14,Pending
5757,1183,Keyboard,3,1368.32,2024-12-10,Cancelled
5758,1603,Headphones,1,57.18,2024-12-13,Shipped
5759,1472,Keyboard,1,1272.24,2024-09-30,Cancelled
5760,1082,Tablet,1,601.13,2024-11-25,Cancelled
5761,1649,Laptop,1,1022.2,2024-11-06,Completed
5762,1230,Phone,3,1152.74,2024-11-01,Shipped
5763,1740,Laptop,2,316.85,2024-09-13,Cancelled
5764,1824,Laptop,3,1076.49,2024-05-18,Pending
5765,1865,Tablet,4,253.19,2024-01-22,Cancelled
5766,1955,Phone,4,472.02,2024-01-28,Shipped
5767,1103,Keyboard,2,1851.96,2024-07-09,Shipped
5768,1342,Headphones,3,1200.54,2024-12-14,Completed
5769,1169,Mouse,2,1540.44,2024-10-25,Cancelled
5770,1742,Phone,3,1532.8,2024-08-08,Shipped
5771,1105,Headphones,4,1381.0,2024-11-10,Completed
5772,1899,Headphones,1,1485.43,2024-04-07,Pending
5773,1698,Laptop,1,758.16,2024-12-26,Shipped
5774,1091,Keyboard,4,1611.01,2024-09-13,Shipped
5775,1991,Keyboard,3,1882.8,2024-05-02,Completed
5776,1238,Phone,4,300.64,2024-06-03,Pending
5777,1562,Monitor,2,1912.64,2024-09-29,Completed
5778,1472,Headphones,3,1752.03,2024-05-29,Completed
5779,1491,Phone,1,229.98,2024-08-29,Shipped
5780,1145,Mouse,4,1095.75,2024-08-29,Pending
5781,1513,Phone,4,383.91,2024-10-11,Completed
5782,1704,Phone,3,786.12,2024-04-07,Cancelled
5783,1669,Keyboard,2,109.29,2024-12-20,Shipped
5784,1902,Headphones,4,1448.84,2024-06-19,Shipped
5785,1419,Monitor,4,462.6,2024-06-08,Cancelled
5786,1819,Mouse,3,1668.58,2024-07-19,Pending
5787,1325,Monitor,4,1423.39,2024-06-07,Pending
5788,1779,Phone,2,68.19,2024-07-23,Cancelled
5789,1215,Tablet,1,1803.11,2024-05-24,Completed
5790,1069,Headphones,1,619.86,2024-02-10,Shipped
5791,1247,Headphones,4,1983.12,2024-04-16,Pending
5792,1052,Keyboard,1,651.79,2024-02-18,Completed
5793,1601,Keyboard,4,670.63,2024-07-29,Shipped
5794,1309,Keyboard,1,92.81,2024-10-05,Cancelled
5795,1469,Keyboard,4,114.46,2024-09-27,Pending
5796,1411,Laptop,4,750.02,2024-01-21,Shipped
5797,1593,Tablet,2,1459.98,2024-12-31,Cancelled
5798,1352,Tablet,4,381.08,2024-04-24,Cancelled
5799,1538,Keyboard,4,1745.12,2024-09-06,Pending
5800,1677,Headphones,3,480.1,2024-02-22,Pending
5801,1153,Phone,3,1194.46,2024-07-14,Pending
5802,1676,Headphones,3,128.86,2024-03-27,Shipped
5803,1421,Tablet,1,1955.61,2024-05-27,Pending
5804,1699,Headphones,1,1773.68,2024-11-15,Cancelled
5805,1800,Mouse,2,1629.56,2024-06-13,Shipped
5806,1178,Keyboard,1,1478.66,2024-04-11,Pending
5807,1570,Keyboard,4,271.32,2024-08-27,Completed
5808,1424,Keyboard,4,1881.6,2024-05-14,Shipped
5809,1703,Tablet,3,366.67,2024-02-12,Shipped
5810,1469,Mouse,1,1006.86,2024-09-28,Pending
5811,1071,Laptop,3,1812.86,2024-01-22,Cancelled
5812,1958,Monitor,1,384.95,2024-10-29,Cancelled
5813,1859,Keyboard,1,1159.42,2024-09-10,Cancelled
5814,1927,Mouse,3,1874.47,2024-06-14,Shipped
5815,1015,Keyboard,2,1268.02,2024-03-25,Pending
5816,1610,Mouse,3,569.39,2024-02-01,Shipped
5817,1345,Laptop,4,858.59,2024-11-23,Completed
5818,1285,Tablet,1,1531.72,2024-11-02,Shipped
5819,1052,Tablet,2,1937.4,2024-10-26,Pending
5820,1038,Mouse,3,1116.2,2024-08-06,Shipped
5821,1478,Mouse,1,1497.44,2024-01-27,Shipped
5822,1918,Keyboard,3,1723.31,2024-10-21,Pending
5823,1183,Monitor,3,666.68,2024-06-27,Cancelled
5824,1514,Laptop,4,1637.68,2024-05-22,Completed
5825,1626,Tablet,2,1191.64,2024-06-26,Shipped
5826,1544,Keyboard,1,1683.8,2024-09-25,Completed
5827,1887,Phone,2,1355.74,2024-06-03,Completed
5828,1626,Headphones,3,1939.02,2024-10-09,Shipped
5829,1239,Keyboard,4,1946.48,2024-10-12,Shipped
5830,1216,Laptop,4,1576.55,2024-06-13,Pending
5831,1519,Monitor,2,1413.69,2024-05-02,Shipped
5832,1407,Mouse,1,1404.23,2024-01-08,Completed
5833,1828,Phone,3,767.3,2024-06-18,Shipped
5834,1034,Keyboard,1,558.19,2024-10-22,Completed
5835,1870,Phone,1,253.3,2024-04-13,Cancelled
5836,1568,Headphones,1,1185.65,2024-04-23,Pending
5837,1433,Mouse,1,350.99,2024-10-26,Cancelled
5838,1117,Keyboard,1,988.09,2024-02-10,Completed
5839,1597,Phone,1,174.69,2024-12-19,Pending
5840,1328,Headphones,3,397.91,2024-07-22,Completed
5841,1337,Headphones,4,698.17,2024-01-03,Shipped
5842,1613,Headphones,3,354.6,2024-09-01,Cancelled
5843,1767,Laptop,3,1023.2,2024-05-09,Completed
5844,1849,Laptop,4,1157.13,2024-12-25,Completed
5845,1042,Headphones,2,575.47,2024-10-09,Pending
5846,1653,Headphones,1,1061.01,2024-12-04,Shipped
5847,1379,Phone,2,973.14,2024-01-23,Pending
5848,1242,Monitor,3,140.92,2024-06-19,Cancelled
5849,1344,Headphones,3,1676.53,2024-05-26,Cancelled
5850,1727,Mouse,2,515.52,2024-04-29,Completed
5851,1313,Monitor,1,1380.34,2024-08-22,Completed
5852,1071,Monitor,3,1308.06,2024-10-18,Completed
5853,1477,Tablet,3,665.98,2024-05-28,Shipped
5854,1154,Mouse,1,1780.64,2024-11-07,Shipped
5855,1109,Tablet,2,1798.02,2024-08-16,Completed
5856,1812,Keyboard,1,1863.62,2024-11-21,Completed
5857,1372,Mouse,4,1020.21,2024-10-04,Completed
5858,1368,Monitor,3,1077.44,2024-06-20,Completed
5859,1013,Keyboard,1,1099.55,2024-03-11,Completed
5860,1730,Phone,1,1622.95,2024-10-06,Shipped
5861,1820,Mouse,1,1307.73,2024-09-21,Shipped
5862,1396,Phone,1,779.36,2024-09-14,Cancelled
5863,1888,Laptop,2,361.51,2024-04-11,Pending
5864,1527,Tablet,1,1101.54,2024-02-28,Completed
5865,1045,Tablet,1,1266.39,2024-01-02,Pending
5866,1005,Headphones,4,1929.02,2024-01-20,Completed
5867,1354,Mouse,2,88.81,2024-12-25,Completed
5868,1686,Mouse,4,532.31,2024-07-28,Pending
5869,1904,Tablet,4,612.95,2024-05-16,Pending
5870,1158,Tablet,3,140.76,2024-09-25,Pending
5871,1273,Headphones,2,210.32,2024-07-24,Completed
5872,1843,Mouse,1,1707.24,2024-05-09,Pending
5873,1518,Mouse,1,1086.22,2024-06-23,Cancelled
5874,1521,Mouse,4,1289.78,2024-10-18,Cancelled
5875,1408,Phone,3,1428.42,2024-02-19,Shipped
5876,1725,Tablet,3,325.92,2024-12-15,Shipped
5877,1520,Tablet,3,1243.58,2024-07-03,Cancelled
5878,1615,Laptop,4,353.59,2024-10-24,Completed
5879,1221,Headphones,2,1241.98,2024-01-30,Cancelled
5880,1768,Phone,3,1713.86,2024-05-31,Pending
5881,1612,Keyboard,4,1016.21,2024-01-10,Pending
5882,1518,Monitor,1,1064.3,2024-06-19,Shipped
5883,1142,Keyboard,4,1186.71,2024-02-20,Shipped
5884,1037,Laptop,4,1300.85,2024-05-28,Cancelled
5885,1791,Mouse,1,873.15,2024-12-02,Shipped
5886,1246,Phone,2,854.98,2024-07-18,Completed
5887,1912,Phone,3,1974.68,2024-12-21,Completed
5888,1995,Mouse,4,331.88,2024-06-08,Cancelled
5889,1060,Mouse,4,1587.99,2024-02-25,Shipped
5890,1524,Laptop,3,1672.17,2024-06-25,Pending
5891,1068,Tablet,2,1777.49,2024-06-06,Shipped
5892,1546,Laptop,3,248.96,2024-11-26,Cancelled
5893,1057,Headphones,1,1555.07,2024-09-11,Pending
5894,1893,Mouse,2,1591.32,2024-09-24,Completed
5895,1740,Monitor,4,1687.37,2024-01-15,Pending
5896,1717,Phone,1,673.57,2024-12-14,Shipped
5897,1041,Headphones,1,1068.02,2024-02-25,Pending
5898,1006,Mouse,2,1640.98,2024-02-05,Shipped
5899,1510,Monitor,1,370.48,2024-10-31,Cancelled
5900,1143,Laptop,3,1879.86,2024-05-29,Shipped
5901,1274,Monitor,1,1489.64,2024-02-02,Cancelled
5902,1978,Monitor,4,763.01,2024-01-30,Cancelled
5903,1973,Mouse,3,1173.68,2024-09-12,Pending
5904,1027,Laptop,2,1592.64,2024-09-12,Completed
5905,1183,Mouse,2,1183.52,2024-04-25,Pending
5906,1151,Mouse,1,1843.95,2024-03-12,Shipped
5907,1143,Mouse,4,186.6,2024-05-05,Pending
5908,1971,Phone,4,805.8,2024-11-29,Shipped
5909,1443,Headphones,4,1004.42,2024-04-18,Completed
5910,1724,Monitor,3,1172.53,2024-08-21,Pending
5911,1968,Laptop,3,1287.08,2024-11-07,Shipped
5912,1854,Keyboard,4,1706.09,2024-02-29,Completed
5913,1977,Phone,3,1981.06,2024-10-14,Pending
5914,1667,Keyboard,4,149.83,2024-04-12,Pending
5915,1618,Laptop,2,153.53,2024-03-12,Cancelled
5916,1350,Mouse,3,1749.41,2024-01-14,Shipped
5917,1218,Keyboard,4,1277.0,2024-03-19,Pending
5918,1257,Keyboard,4,71.51,2024-02-01,Pending
5919,1239,Keyboard,4,1182.45,2024-10-08,Cancelled
5920,1740,Phone,2,315.73,2024-12-20,Pending
5921,1396,Monitor,2,1097.58,2024-10-21,Shipped
5922,1628,Mouse,4,233.45,2024-01-23,Shipped
5923,1562,Phone,1,110.92,2024-06-07,Shipped
5924,1850,Mouse,1,441.4,2024-03-19,Completed
5925,1377,Phone,2,468.04,2024-12-29,Shipped
5926,1654,Phone,3,215.04,2024-11-03,Pending
5927,1080,Headphones,3,665.05,2024-01-21,Shipped
5928,1258,Mouse,2,1747.0,2024-11-08,Pending
5929,1242,Mouse,2,805.33,2024-09-28,Completed
5930,1855,Keyboard,2,298.46,2024-06-09,Cancelled
5931,1837,Tablet,4,574.3,2024-12-19,Completed
5932,1892,Mouse,3,709.58,2024-01-11,Cancelled
5933,1276,Headphones,1,1866.81,2024-08-25,Completed
5934,1944,Tablet,1,680.06,2024-05-22,Shipped
5935,1667,Laptop,3,714.28,2024-04-27,Pending
5936,1851,Laptop,1,1723.66,2024-08-31,Cancelled
5937,1300,Monitor,1,745.48,2024-03-22,Pending
5938,1635,Headphones,3,1467.03,2024-01-05,Shipped
5939,1359,Headphones,4,216.23,2024-11-23,Cancelled
5940,1291,Phone,3,1890.26,2024-04-22,Pending
5941,1113,Mouse,2,880.72,2024-04-05,Cancelled
5942,1522,Monitor,2,1383.01,2024-02-29,Completed
5943,1829,Headphones,3,1673.91,2024-10-30,Cancelled
5944,1825,Mouse,4,512.98,2024-02-09,Completed
5945,1153,Tablet,2,1946.03,2024-01-22,Shipped
5946,1515,Laptop,4,1180.22,2024-07-12,Completed
5947,1754,Keyboard,4,1806.37,2024-08-15,Cancelled
5948,1298,Monitor,1,319.5,2024-09-11,Cancelled
5949,1086,Tablet,2,924.58,2024-10-04,Cancelled
5950,1139,Headphones,1,971.27,2024-11-12,Shipped
5951,1503,Mouse,1,1299.1,2024-11-16,Pending
5952,1845,Headphones,4,523.49,2024-02-07,Shipped
5953,1686,Laptop,3,213.29,2024-10-14,Completed
5954,1886,Monitor,3,1236.96,2024-11-24,Shipped
5955,1625,Mouse,3,1362.44,2024-12-26,Cancelled
5956,1536,Headphones,4,76.31,2024-06-09,Pending
5957,1424,Headphones,3,1054.31,2024-11-02,Shipped
5958,1104,Monitor,1,279.6,2024-11-22,Cancelled
5959,1345,Mouse,1,904.8,2024-10-18,Cancelled
5960,1101,Mouse,2,740.42,2024-05-27,Completed
5961,1973,Keyboard,4,711.56,2024-07-11,Shipped
5962,1081,Tablet,2,866.95,2024-04-14,Pending
5963,1839,Headphones,2,157.9,2024-02-17,Completed
5964,1143,Tablet,3,1997.66,2024-05-27,Completed
5965,1765,Monitor,1,164.27,2024-05-23,Shipped
5966,1220,Phone,2,1253.86,2024-05-17,Cancelled
5967,1006,Headphones,2,1245.95,2024-10-23,Completed
5968,1241,Keyboard,4,465.66,2024-09-10,Cancelled
5969,1391,Phone,2,1376.41,2024-11-06,Pending
5970,1524,Mouse,3,1567.69,2024-10-29,Pending
5971,1093,Tablet,1,405.15,2024-01-16,Cancelled
5972,1161,Mouse,4,853.32,2024-08-27,Completed
5973,1076,Mouse,3,1466.82,2024-01-11,Cancelled
5974,1973,Tablet,4,1011.67,2024-09-08,Pending
5975,1307,Tablet,2,1094.82,2024-10-16,Pending
5976,1565,Phone,4,1513.26,2024-04-06,Cancelled
5977,1968,Phone,3,92.74,2024-05-27,Pending
5978,1612,Laptop,1,1673.45,2024-06-25,Pending
5979,1632,Tablet,4,1774.58,2024-07-21,Pending
5980,1305,Monitor,4,1633.07,2024-06-11,Completed
5981,1867,Mouse,1,1306.25,2024-10-20,Completed
5982,1420,Monitor,4,1094.21,2024-04-07,Cancelled
5983,1073,Phone,4,1918.35,2024-04-04,Pending
5984,1491,Monitor,2,1054.83,2024-08-07,Shipped
5985,1475,Laptop,1,204.87,2024-08-11,Cancelled
5986,1277,Keyboard,2,1285.56,2024-02-27,Pending
5987,1222,Tablet,1,92.49,2024-09-13,Completed
5988,1676,Headphones,3,759.82,2024-08-10,Completed
5989,1097,Tablet,4,976.89,2024-11-16,Completed
5990,1021,Mouse,1,464.72,2024-06-24,Completed
5991,1718,Phone,2,998.67,2024-07-28,Cancelled
5992,1222,Phone,4,1372.31,2024-09-24,Shipped
5993,1724,Keyboard,1,1015.9,2024-12-31,Completed
5994,1396,Tablet,2,1424.7,2024-05-03,Pending
5995,1499,Mouse,4,361.82,2024-02-12,Shipped
5996,1975,Mouse,3,1823.33,2024-07-04,Completed
5997,1748,Laptop,3,1489.27,2024-09-05,Pending
5998,1788,Headphones,2,588.65,2024-10-01,Pending
5999,1817,Monitor,3,389.53,2024-05-15,Completed
6000,1145,Keyboard,1,987.14,2024-04-20,Shipped
6001,1658,Tablet,3,376.72,2024-12-15,Completed
6002,1337,Monitor,1,1227.21,2024-04-25,Shipped
6003,1293,Monitor,2,856.85,2024-11-24,Pending
6004,1786,Monitor,2,243.62,2024-01-19,Cancelled
6005,1613,Phone,4,1896.25,2024-09-28,Pending
6006,1506,Headphones,4,396.23,2024-11-03,Pending
6007,1911,Phone,1,182.4,2024-08-07,Shipped
6008,1674,Monitor,3,681.2,2024-06-11,Cancelled
6009,1916,Monitor,4,1833.58,2024-03-01,Pending
6010,1583,Laptop,2,598.44,2024-04-05,Shipped
6011,1769,Mouse,2,254.65,2024-12-16,Completed
6012,1200,Laptop,2,1901.93,2024-09-29,Pending
6013,1740,Tablet,3,1627.87,2024-01-02,Cancelled
6014,1781,Tablet,4,311.57,2024-02-16,Shipped
6015,1005,Laptop,1,787.64,2024-02-10,Pending
6016,1073,Mouse,3,815.19,2024-11-12,Completed
6017,1925,Monitor,4,475.84,2024-07-06,Shipped
6018,1025,Mouse,4,379.71,2024-04-26,Cancelled
6019,1714,Keyboard,4,885.76,2024-04-21,Pending
6020,1814,Phone,2,1226.12,2024-01-25,Shipped
6021,1446,Monitor,3,1148.8,2024-09-22,Completed
6022,1854,Tablet,3,1843.46,2024-06-19,Pending
6023,1367,Phone,2,1694.27,2024-04-25,Cancelled
6024,1378,Tablet,4,186.64,2024-08-02,Shipped
6025,1869,Headphones,2,1967.72,2024-06-07,Shipped
6026,1375,Phone,3,182.83,2024-05-16,Pending
6027,1742,Keyboard,2,851.12,2024-10-28,Pending
6028,1702,Mouse,4,1364.89,2024-05-31,Shipped
6029,1632,Tablet,3,999.98,2024-08-30,Pending
6030,1802,Keyboard,3,910.88,2024-01-16,Cancelled
6031,1456,Keyboard,3,733.5,2024-08-30,Shipped
6032,1854,Laptop,4,1906.92,2024-05-20,Shipped
6033,1331,Tablet,4,227.44,2024-06-14,Shipped
6034,1946,Mouse,4,1842.87,2024-08-26,Cancelled
6035,1938,Keyboard,1,777.99,2024-04-02,Cancelled
6036,1500,Phone,1,464.92,2024-03-24,Cancelled
6037,1268,Headphones,4,508.02,2024-08-30,Cancelled
6038,1391,Headphones,4,363.21,2024-11-02,Completed
6039,1406,Tablet,3,880.16,2024-04-23,Completed
6040,1285,Laptop,2,1465.01,2024-09-05,Cancelled
6041,1349,Headphones,3,448.36,2024-04-30,Cancelled
6042,1185,Keyboard,4,1389.31,2024-12-25,Cancelled
6043,1832,Phone,3,619.57,2024-09-22,Shipped
6044,1112,Monitor,2,102.08,2024-10-25,Completed
6045,1077,Laptop,4,1616.43,2024-07-03,Shipped
6046,1039,Keyboard,3,1095.7,2024-04-20,Pending
6047,1624,Laptop,4,1314.81,2024-03-14,Shipped
6048,1548,Tablet,3,1303.03,2024-12-08,Completed
6049,1896,Mouse,3,919.45,2024-11-17,Pending
6050,1246,Headphones,1,639.21,2024-03-21,Cancelled
6051,1417,Headphones,1,461.9,2024-12-31,Completed
6052,1904,Laptop,1,152.19,2024-02-28,Pending
6053,1808,Monitor,4,1190.92,2024-04-08,Completed
6054,1909,Mouse,4,1698.88,2024-05-10,Pending
6055,1332,Mouse,4,1561.72,2024-03-04,Shipped
6056,1072,Mouse,1,963.11,2024-09-29,Shipped
6057,1190,Tablet,3,1430.83,2024-03-08,Cancelled
6058,1132,Laptop,3,288.14,2024-10-13,Completed
6059,1757,Headphones,1,1623.16,2024-12-06,Cancelled
6060,1581,Keyboard,2,676.04,2024-04-25,Shipped
6061,1165,Keyboard,1,528.57,2024-02-19,Completed
6062,1565,Phone,1,1766.37,2024-01-18,Completed
6063,1598,Monitor,1,341.22,2024-12-07,Pending
6064,1803,Mouse,2,678.31,2024-06-09,Pending
6065,1931,Monitor,3,216.26,2024-01-17,Pending
6066,1909,Phone,1,1035.57,2024-12-28,Completed
6067,1967,Keyboard,4,949.55,2024-09-06,Pending
6068,1135,Laptop,4,865.98,2024-11-05,Completed
6069,1120,Mouse,1,192.17,2024-07-05,Completed
6070,1874,Headphones,1,259.93,2024-03-16,Shipped
6071,1173,Laptop,1,1941.91,2024-06-23,Shipped
6072,1614,Laptop,4,1359.87,2024-09-17,Pending
6073,1763,Phone,2,187.47,2024-03-25,Cancelled
6074,1457,Phone,3,1703.38,2024-08-05,Shipped
6075,1810,Headphones,3,163.68,2024-08-09,Shipped
6076,1996,Headphones,3,321.25,2024-07-15,Completed
6077,1494,Monitor,1,1598.56,2024-05-21,Cancelled
6078,1987,Headphones,1,1382.86,2024-08-07,Pending
6079,1636,Phone,4,1920.9,2024-12-06,Shipped
6080,1695,Monitor,3,1346.52,2024-12-19,Shipped
6081,1044,Phone,1,1173.18,2024-01-04,Cancelled
6082,1927,Mouse,3,548.53,2024-12-29,Cancelled
6083,1573,Phone,4,271.08,2024-09-14,Pending
6084,1520,Monitor,2,1508.51,2024-03-02,Pending
6085,1901,Tablet,1,1418.02,2024-10-23,Shipped
6086,1307,Phone,2,1523.78,2024-07-06,Completed
6087,1962,Mouse,1,918.51,2024-07-20,Cancelled
6088,1178,Phone,3,1668.64,2024-09-28,Pending
6089,1860,Phone,3,1895.32,2024-07-24,Cancelled
6090,1557,Laptop,4,907.66,2024-11-06,Pending
6091,1474,Phone,3,256.97,2024-01-16,Completed
6092,1865,Headphones,1,351.87,2024-07-20,Shipped
6093,1107,Headphones,2,1539.18,2024-09-06,Completed
6094,1214,Mouse,3,794.69,2024-03-03,Pending
6095,1000,Tablet,1,1448.68,2024-11-12,Cancelled
6096,1504,Mouse,3,1363.91,2024-02-20,Cancelled
6097,1726,Mouse,2,476.87,2024-08-20,Completed
6098,1184,Phone,2,244.84,2024-11-04,Shipped
6099,1445,Headphones,2,676.55,2024-11-24,Cancelled
6100,1512,Phone,3,1784.21,2024-09-15,Shipped
6101,1954,Mouse,3,1653.55,2024-04-06,Completed
6102,1052,Laptop,1,97.3,2024-05-24,Completed
6103,1144,Phone,1,284.42,2024-10-07,Shipped
6104,1783,Keyboard,1,1466.52,2024-02-04,Cancelled
6105,1561,Headphones,2,265.79,2024-07-25,Pending
6106,1354,Laptop,1,477.38,2024-12-13,Shipped
6107,1696,Headphones,4,1182.34,2024-07-10,Pending
6108,1120,Tablet,1,1385.07,2024-11-22,Cancelled
6109,1997,Headphones,4,1553.75,2024-12-20,Cancelled
6110,1831,Laptop,3,710.78,2024-10-28,Cancelled
6111,1895,Keyboard,2,999.47,2024-07-24,Shipped
6112,1819,Headphones,4,1770.04,2024-04-03,Pending
6113,1842,Headphones,4,1021.94,2024-05-03,Completed
6114,1784,Monitor,4,1937.53,2024-10-16,Shipped
6115,1392,Headphones,4,681.85,2024-06-01,Cancelled
6116,1709,Tablet,1,1167.12,2024-07-28,Pending
6117,1845,Tablet,4,964.35,2024-04-01,Cancelled
6118,1722,Headphones,4,270.39,2024-09-13,Shipped
6119,1515,Laptop,1,495.97,2024-03-26,Pending
6120,1425,Keyboard,3,1892.63,2024-03-29,Cancelled
6121,1096,Headphones,2,1707.55,2024-04-10,Cancelled
6122,1133,Mouse,2,1598.32,2024-06-29,Pending
6123,1093,Keyboard,4,905.23,2024-03-28,Pending
6124,1456,Laptop,4,1995.32,2024-03-11,Completed
6125,1713,Laptop,2,912.55,2024-07-04,Cancelled
6126,1718,Headphones,2,1086.85,2024-01-04,Shipped
6127,1378,Tablet,4,1126.16,2024-04-25,Shipped
6128,1505,Keyboard,1,969.27,2024-06-20,Cancelled
6129,1777,Keyboard,4,640.55,2024-02-21,Pending
6130,1432,Monitor,2,1366.15,2024-07-28,Shipped
6131,1036,Keyboard,2,1432.54,2024-03-27,Cancelled
6132,1677,Monitor,3,1963.2,2024-02-22,Shipped
6133,1654,Mouse,4,927.36,2024-01-29,Pending
6134,1548,Monitor,4,134.02,2024-08-09,Completed
6135,1582,Laptop,1,1485.48,2024-06-11,Pending
6136,1672,Phone,3,138.85,2024-12-18,Pending
6137,1215,Headphones,2,1625.38,2024-06-21,Shipped
6138,1008,Phone,3,345.01,2024-12-12,Cancelled
6139,1924,Monitor,4,495.03,2024-05-06,Completed
6140,1076,Phone,4,1896.28,2024-11-19,Completed
6141,1740,Keyboard,1,328.88,2024-01-30,Pending
6142,1198,Monitor,1,979.69,2024-12-24,Pending
6143,1258,Phone,4,727.17,2024-01-26,Completed
6144,1710,Mouse,4,1523.18,2024-09-07,Pending
6145,1695,Headphones,1,756.98,2024-03-12,Pending
6146,1692,Laptop,2,1748.3,2024-05-25,Shipped
6147,1194,Mouse,1,1075.94,2024-07-22,Shipped
6148,1457,Mouse,3,1492.48,2024-03-21,Cancelled
6149,1508,Laptop,3,768.77,2024-05-23,Shipped
6150,1819,Headphones,2,1922.01,2024-07-24,Completed
6151,1961,Headphones,1,1404.07,2024-03-29,Shipped
6152,1457,Keyboard,3,1110.43,2024-08-10,Cancelled
6153,1716,Tablet,4,985.27,2024-05-24,Cancelled
6154,1975,Keyboard,1,1805.41,2024-11-28,Completed
6155,1870,Phone,3,1667.31,2024-09-17,Cancelled
6156,1090,Tablet,4,676.68,2024-08-25,Cancelled
6157,1160,Headphones,4,120.98,2024-06-07,Shipped
6158,1410,Monitor,1,1089.61,2024-06-09,Shipped
6159,1209,Laptop,3,960.73,2024-01-24,Completed
6160,1166,Keyboard,4,1932.0,2024-04-26,Pending
6161,1782,Mouse,4,522.22,2024-08-29,Pending
6162,1665,Laptop,4,1962.48,2024-01-05,Cancelled
6163,1695,Laptop,4,361.4,2024-12-25,Cancelled
6164,1639,Monitor,4,891.62,2024-11-02,Completed
6165,1199,Mouse,3,201.47,2024-10-15,Completed
6166,1401,Headphones,3,620.85,2024-07-26,Shipped
6167,1987,Laptop,1,1301.85,2024-06-24,Pending
6168,1721,Laptop,2,1558.49,2024-04-16,Cancelled
6169,1914,Keyboard,1,559.19,2024-04-20,Completed
6170,1667,Phone,3,584.11,2024-11-05,Completed
6171,1606,Monitor,2,1914.22,2024-06-23,Pending
6172,1916,Monitor,2,465.95,2024-04-15,Completed
6173,1070,Headphones,4,174.63,2024-09-12,Cancelled
6174,1644,Monitor,3,1955.98,2024-10-11,Completed
6175,1091,Laptop,2,595.22,2024-04-09,Shipped
6176,1599,Laptop,2,1639.15,2024-03-08,Cancelled
6177,1041,Keyboard,4,508.93,2024-04-30,Shipped
6178,1813,Keyboard,4,1476.38,2024-10-15,Shipped
6179,1098,Laptop,1,1709.63,2024-10-20,Cancelled
6180,1212,Headphones,1,731.16,2024-03-24,Shipped
6181,1049,Tablet,3,139.58,2024-01-13,Pending
6182,1707,Phone,3,1043.28,2024-02-12,Completed
6183,1841,Phone,1,197.19,2024-06-17,Shipped
6184,1987,Phone,4,718.87,2024-03-05,Shipped
6185,1815,Laptop,4,1652.13,2024-05-28,Shipped
6186,1292,Mouse,1,86.74,2024-09-24,Shipped
6187,1924,Tablet,1,1188.52,2024-06-22,Shipped
6188,1280,Mouse,3,1062.55,2024-04-01,Shipped
6189,1046,Keyboard,2,205.1,2024-09-18,Cancelled
6190,1914,Headphones,1,1096.14,2024-05-18,Shipped
6191,1472,Headphones,4,257.41,2024-01-04,Cancelled
6192,1203,Monitor,3,361.19,2024-05-13,Pending
6193,1005,Laptop,3,1700.77,2024-10-22,Cancelled
6194,1612,Laptop,2,1700.48,2024-06-05,Shipped
6195,1679,Laptop,1,1103.25,2024-05-11,Shipped
6196,1836,Tablet,4,579.61,2024-10-09,Pending
6197,1545,Laptop,2,130.58,2024-01-05,Completed
6198,1245,Laptop,4,442.41,2024-03-12,Pending
6199,1286,Monitor,1,999.47,2024-12-21,Pending
6200,1850,Headphones,3,1617.89,2024-10-10,Pending
6201,1032,Keyboard,1,1778.41,2024-09-22,Cancelled
6202,1848,Monitor,2,1279.02,2024-08-29,Shipped
6203,1505,Mouse,4,364.77,2024-10-26,Shipped
6204,1688,Monitor,1,1511.23,2024-01-05,Completed
6205,1060,Phone,3,1249.59,2024-03-21,Shipped
6206,1249,Laptop,4,354.88,2024-05-14,Shipped
6207,1097,Laptop,3,964.19,2024-08-04,Completed
6208,1584,Keyboard,4,1605.92,2024-01-05,Cancelled
6209,1986,Headphones,3,969.4,2024-03-11,Completed
6210,1523,Tablet,2,1788.6,2024-06-07,Shipped
6211,1869,Monitor,1,1640.15,2024-09-03,Shipped
6212,1440,Tablet,4,1111.3,2024-02-23,Completed
6213,1481,Headphones,2,295.73,2024-10-11,Completed
6214,1358,Monitor,4,736.53,2024-07-03,Completed
6215,1184,Headphones,1,1331.16,2024-04-01,Pending
6216,1584,Headphones,1,1291.9,2024-08-23,Pending
6217,1436,Monitor,3,1579.04,2024-07-29,Pending
6218,1118,Phone,4,656.26,2024-12-29,Pending
6219,1002,Keyboard,4,934.53,2024-07-27,Pending
6220,1011,Headphones,1,926.94,2024-04-30,Pending
6221,1455,Mouse,4,195.7,2024-06-14,Shipped
6222,1155,Tablet,2,1557.11,2024-09-15,Completed
6223,1368,Monitor,3,1934.08,2024-10-01,Completed
6224,1657,Laptop,1,1491.81,2024-11-26,Completed
6225,1615,Monitor,3,655.43,2024-04-03,Cancelled
6226,1737,Phone,2,1970.87,2024-01-19,Shipped
6227,1460,Keyboard,4,1109.02,2024-12-19,Completed
6228,1322,Headphones,2,338.99,2024-04-26,Pending
6229,1009,Mouse,1,686.39,2024-01-27,Shipped
6230,1862,Mouse,2,1167.49,2024-10-12,Pending
6231,1150,Keyboard,2,1141.28,2024-03-30,Pending
6232,1526,Mouse,2,206.17,2024-03-28,Pending
6233,1321,Laptop,2,1680.93,2024-10-27,Cancelled
6234,1374,Mouse,1,1973.39,2024-11-05,Completed
6235,1335,Keyboard,3,1964.59,2024-06-11,Completed
6236,1261,Headphones,1,986.69,2024-06-22,Completed
6237,1522,Mouse,1,1533.98,2024-03-12,Cancelled
6238,1086,Mouse,3,1178.05,2024-09-17,Pending
6239,1323,Monitor,1,1856.93,2024-06-07,Cancelled
6240,1977,Laptop,3,1665.27,2024-08-24,Completed
6241,1731,Keyboard,1,452.59,2024-11-02,Completed
6242,1552,Mouse,4,883.09,2024-04-26,Completed
6243,1698,Keyboard,2,861.4,2024-05-22,Pending
6244,1305,Phone,1,424.66,2024-03-14,Cancelled
6245,1294,Keyboard,2,1483.66,2024-09-27,Completed
6246,1298,Laptop,2,297.24,2024-07-01,Completed
6247,1930,Headphones,1,433.21,2024-08-30,Cancelled
6248,1470,Tablet,3,870.39,2024-02-01,Cancelled
6249,1790,Headphones,2,1330.86,2024-10-23,Completed
6250,1921,Phone,1,683.65,2024-06-30,Pending
6251,1207,Monitor,1,105.33,2024-01-01,Pending
6252,1543,Monitor,4,1167.26,2024-10-19,Shipped
6253,1104,Monitor,2,942.17,2024-05-31,Shipped
6254,1811,Keyboard,3,1432.19,2024-03-31,Shipped
6255,1188,Phone,1,1662.67,2024-02-08,Completed
6256,1797,Tablet,4,925.86,2024-09-08,Cancelled
6257,1598,Tablet,1,1175.07,2024-06-25,Pending
6258,1244,Laptop,2,1269.34,2024-05-19,Shipped
6259,1103,Laptop,3,1614.83,2024-02-27,Cancelled
6260,1150,Phone,3,1480.88,2024-02-16,Cancelled
6261,1261,Phone,3,1965.49,2024-08-02,Cancelled
6262,1075,Headphones,1,694.16,2024-01-27,Shipped
6263,1824,Phone,4,269.17,2024-09-17,Completed
6264,1606,Tablet,4,553.91,2024-04-17,Pending
6265,1279,Mouse,3,1565.16,2024-08-23,Cancelled
6266,1667,Headphones,4,947.21,2024-07-31,Shipped
6267,1520,Phone,4,802.73,2024-10-14,Pending
6268,1758,Tablet,3,1119.33,2024-04-13,Cancelled
6269,1072,Phone,2,1042.0,2024-03-15,Completed
6270,1038,Phone,4,1938.67,2024-01-05,Shipped
6271,1566,Keyboard,1,75.05,2024-01-23,Shipped
6272,1722,Monitor,2,1704.88,2024-06-15,Cancelled
6273,1601,Laptop,4,1569.29,2024-11-12,Shipped
6274,1680,Headphones,4,320.82,2024-09-11,Pending
6275,1558,Laptop,1,722.32,2024-07-10,Completed
6276,1056,Headphones,1,984.74,2024-06-01,Shipped
6277,1892,Keyboard,3,380.65,2024-01-07,Pending
6278,1763,Headphones,2,877.79,2024-08-08,Cancelled
6279,1879,Mouse,4,1887.15,2024-12-17,Pending
6280,1248,Headphones,1,1919.22,2024-10-26,Shipped
6281,1126,Keyboard,4,79.61,2024-08-01,Completed
6282,1554,Monitor,1,142.87,2024-07-22,Pending
6283,1880,Headphones,4,243.8,2024-07-17,Pending
6284,1718,Monitor,4,415.69,2024-09-20,Cancelled
6285,1241,Phone,2,1766.82,2024-06-11,Completed
6286,1294,Keyboard,1,790.03,2024-01-28,Cancelled
6287,1376,Tablet,3,1369.83,2024-07-02,Pending
6288,1355,Keyboard,4,597.42,2024-02-04,Shipped
6289,1300,Monitor,1,1296.8,2024-10-15,Pending
6290,1684,Monitor,3,1509.82,2024-12-17,Pending
6291,1406,Headphones,3,1457.57,2024-03-08,Pending
6292,1900,Mouse,4,1131.45,2024-12-28,Pending
6293,1054,Tablet,1,805.93,2024-10-12,Completed
6294,1708,Tablet,3,1422.55,2024-06-14,Pending
6295,1987,Tablet,3,1936.21,2024-10-14,Completed
6296,1394,Tablet,2,1386.4,2024-12-02,Cancelled
6297,1461,Mouse,3,562.62,2024-12-10,Completed
6298,1846,Headphones,2,473.96,2024-12-23,Pending
6299,1842,Laptop,4,1062.29,2024-12-10,Completed
6300,1845,Headphones,2,1769.9,2024-02-14,Completed
6301,1770,Keyboard,2,483.5,2024-09-04,Completed
6302,1162,Tablet,2,439.75,2024-04-05,Completed
6303,1331,Headphones,3,324.62,2024-09-28,Completed
6304,1879,Headphones,4,1774.92,2024-10-01,Pending
6305,1781,Laptop,1,1413.81,2024-09-18,Shipped
6306,1913,Monitor,1,778.9,2024-06-28,Pending
6307,1668,Headphones,2,1451.31,2024-05-25,Pending
6308,1879,Mouse,2,1058.79,2024-06-12,Completed
6309,1902,Mouse,4,54.64,2024-08-03,Pending
6310,1425,Mouse,4,1541.9,2024-02-18,Shipped
6311,1968,Headphones,3,1468.23,2024-02-18,Cancelled
6312,1455,Keyboard,4,630.09,2024-11-01,Completed
6313,1677,Laptop,2,391.64,2024-02-29,Cancelled
6314,1194,Mouse,1,605.98,2024-04-14,Pending
6315,1534,Phone,4,1969.69,2024-09-13,Cancelled
6316,1759,Tablet,1,842.98,2024-04-09,Pending
6317,1184,Headphones,1,720.69,2024-06-16,Completed
6318,1252,Mouse,1,1532.16,2024-09-07,Pending
6319,1112,Mouse,3,779.87,2024-05-05,Cancelled
6320,1017,Mouse,3,1763.74,2024-11-22,Shipped
6321,1062,Laptop,2,206.28,2024-08-09,Completed
6322,1349,Headphones,3,873.48,2024-08-20,Cancelled
6323,1215,Phone,2,952.61,2024-01-02,Shipped
6324,1740,Tablet,3,636.38,2024-06-28,Completed
6325,1620,Monitor,1,1454.46,2024-06-13,Pending
6326,1258,Phone,2,928.22,2024-10-31,Shipped
6327,1459,Mouse,2,791.14,2024-06-03,Shipped
6328,1081,Keyboard,4,471.18,2024-05-10,Completed
6329,1574,Phone,3,1221.77,2024-02-07,Pending
6330,1939,Mouse,3,1905.18,2024-08-06,Cancelled
6331,1286,Laptop,2,1784.25,2024-07-06,Shipped
6332,1374,Headphones,4,477.08,2024-10-22,Shipped
6333,1952,Mouse,1,1281.65,2024-02-13,Pending
6334,1923,Headphones,2,1427.13,2024-09-24,Completed
6335,1286,Monitor,2,604.61,2024-04-28,Shipped
6336,1580,Headphones,1,1551.95,2024-03-30,Cancelled
6337,1434,Headphones,3,1952.27,2024-05-11,Completed
6338,1369,Phone,4,1646.06,2024-01-28,Pending
6339,1282,Headphones,2,278.43,2024-08-04,Cancelled
6340,1087,Laptop,3,1740.27,2024-04-23,Pending
6341,1581,Keyboard,1,1003.79,2024-09-25,Shipped
6342,1069,Phone,2,264.6,2024-05-13,Shipped
6343,1105,Laptop,4,1665.52,2024-08-13,Shipped
6344,1133,Mouse,1,333.09,2024-02-23,Pending
6345,1815,Tablet,3,1991.1,2024-05-28,Cancelled
6346,1818,Monitor,3,1437.75,2024-02-18,Completed
6347,1286,Tablet,1,398.49,2024-12-20,Pending
6348,1867,Keyboard,2,475.93,2024-10-24,Completed
6349,1156,Laptop,3,1939.73,2024-03-27,Completed
6350,1219,Keyboard,1,579.78,2024-12-29,Cancelled
6351,1222,Headphones,1,1338.57,2024-03-03,Shipped
6352,1632,Laptop,1,1560.09,2024-04-12,Shipped
6353,1025,Headphones,4,394.66,2024-11-15,Completed
6354,1822,Keyboard,3,762.33,2024-06-22,Completed
6355,1244,Headphones,2,640.22,2024-07-24,Completed
6356,1119,Laptop,4,757.55,2024-12-29,Completed
6357,1994,Phone,3,651.93,2024-11-15,Cancelled
6358,1251,Phone,1,1318.67,2024-01-03,Cancelled
6359,1358,Monitor,4,1311.44,2024-12-12,Completed
6360,1672,Monitor,2,740.26,2024-08-27,Pending
6361,1561,Headphones,3,1319.26,2024-01-26,Shipped
6362,1764,Keyboard,1,266.85,2024-09-17,Shipped
6363,1189,Keyboard,4,836.92,2024-03-27,Cancelled
6364,1617,Phone,1,1041.32,2024-01-22,Pending
6365,1621,Laptop,4,640.32,2024-03-23,Pending
6366,1033,Laptop,3,326.01,2024-05-22,Shipped
6367,1921,Phone,3,657.34,2024-01-12,Pending
6368,1954,Keyboard,4,530.16,2024-04-20,Pending
6369,1157,Mouse,3,1825.93,2024-08-28,Completed
6370,1674,Monitor,4,802.13,2024-09-19,Pending
6371,1925,Tablet,1,687.34,2024-07-19,Completed
6372,1952,Phone,1,194.57,2024-05-22,Pending
6373,1728,Laptop,3,805.17,2024-03-14,Completed
6374,1305,Keyboard,4,1745.38,2024-03-30,Cancelled
6375,1971,Keyboard,3,1743.33,2024-12-16,Cancelled
6376,1513,Tablet,1,825.55,2024-10-21,Completed
6377,1254,Phone,4,1095.31,2024-01-11,Shipped
6378,1400,Tablet,4,1653.03,2024-02-07,Shipped
6379,1224,Tablet,3,568.62,2024-11-19,Shipped
6380,1955,Phone,2,1022.1,2024-07-31,Completed
6381,1837,Headphones,1,816.17,2024-06-15,Completed
6382,1389,Phone,3,778.13,2024-03-26,Cancelled
6383,1105,Monitor,3,1848.14,2024-07-27,Cancelled
6384,1485,Monitor,4,1579.37,2024-02-25,Shipped
6385,1386,Mouse,4,1720.9,2024-06-25,Completed
6386,1685,Tablet,2,121.99,2024-05-21,Pending
6387,1576,Phone,2,1458.58,2024-04-28,Shipped
6388,1590,Monitor,2,1394.59,2024-08-28,Cancelled
6389,1719,Monitor,3,1170.52,2024-04-07,Cancelled
6390,1660,Laptop,2,1786.89,2024-02-20,Cancelled
6391,1567,Headphones,2,1874.04,2024-11-17,Completed
6392,1923,Headphones,1,1907.95,2024-08-17,Pending
6393,1965,Keyboard,4,1128.43,2024-12-01,Completed
6394,1598,Monitor,1,1891.83,2024-05-21,Pending
6395,1274,Phone,3,137.95,2024-01-17,Shipped
6396,1892,Keyboard,3,451.74,2024-06-26,Pending
6397,1900,Headphones,3,1290.52,2024-07-11,Pending
6398,1368,Monitor,3,1818.85,2024-12-20,Completed
6399,1648,Tablet,3,514.35,2024-02-09,Cancelled
6400,1481,Tablet,4,119.24,2024-05-15,Shipped
6401,1603,Monitor,4,461.36,2024-08-13,Pending
6402,1410,Keyboard,3,397.73,2024-06-15,Shipped
6403,1197,Headphones,1,612.59,2024-03-05,Shipped
6404,1575,Mouse,2,1128.94,2024-08-17,Shipped
6405,1370,Laptop,2,1788.94,2024-04-17,Completed
6406,1191,Keyboard,3,1507.12,2024-09-08,Completed
6407,1105,Phone,2,195.89,2024-08-28,Cancelled
6408,1312,Tablet,2,667.15,2024-05-15,Pending
6409,1711,Tablet,2,587.2,2024-06-20,Pending
6410,1436,Phone,2,191.17,2024-01-01,Shipped
6411,1019,Mouse,1,593.76,2024-09-20,Completed
6412,1414,Monitor,1,1912.78,2024-09-17,Pending
6413,1472,Headphones,3,756.62,2024-03-15,Shipped
6414,1395,Laptop,4,646.62,2024-04-08,Completed
6415,1322,Headphones,2,664.51,2024-02-27,Completed
6416,1141,Tablet,2,545.71,2024-05-15,Cancelled
6417,1159,Headphones,4,828.17,2024-05-24,Completed
6418,1326,Laptop,3,418.65,2024-01-05,Completed
6419,1443,Tablet,4,1012.28,2024-05-07,Cancelled
6420,1612,Monitor,4,1951.73,2024-01-26,Pending
6421,1318,Laptop,3,1460.65,2024-12-27,Pending
6422,1667,Headphones,3,203.18,2024-11-24,Cancelled
6423,1625,Tablet,3,236.81,2024-01-04,Cancelled
6424,1153,Tablet,1,1388.36,2024-01-25,Cancelled
6425,1006,Phone,3,1265.46,2024-02-20,Shipped
6426,1792,Laptop,4,772.33,2024-07-19,Cancelled
6427,1028,Headphones,2,474.53,2024-11-06,Completed
6428,1666,Tablet,4,1726.3,2024-05-20,Pending
6429,1355,Phone,4,487.79,2024-10-20,Cancelled
6430,1571,Phone,3,146.95,2024-03-16,Completed
6431,1051,Keyboard,1,715.36,2024-06-06,Cancelled
6432,1705,Mouse,4,1962.27,2024-08-23,Shipped
6433,1072,Monitor,2,1176.75,2024-03-26,Completed
6434,1570,Headphones,1,619.88,2024-11-01,Completed
6435,1262,Keyboard,1,355.25,2024-12-17,Completed
6436,1854,Monitor,3,238.31,2024-12-15,Pending
6437,1472,Monitor,1,1916.51,2024-09-20,Completed
6438,1373,Laptop,1,995.06,2024-06-14,Completed
6439,1888,Laptop,4,235.2,2024-03-19,Completed
6440,1478,Tablet,1,1113.71,2024-01-15,Shipped
6441,1321,Monitor,3,766.04,2024-12-06,Completed
6442,1402,Mouse,1,753.08,2024-06-14,Pending
6443,1652,Headphones,1,1977.95,2024-10-30,Cancelled
6444,1198,Headphones,4,111.4,2024-12-06,Completed
6445,1935,Phone,3,711.95,2024-05-25,Pending
6446,1304,Headphones,3,419.31,2024-01-27,Completed
6447,1486,Mouse,1,727.86,2024-01-06,Completed
6448,1585,Laptop,4,1954.13,2024-01-03,Completed
6449,1744,Phone,3,1452.91,2024-01-16,Completed
6450,1330,Keyboard,4,692.09,2024-03-07,Cancelled
6451,1573,Phone,3,1660.12,2024-01-02,Completed
6452,1672,Phone,1,181.33,2024-03-25,Cancelled
6453,1125,Mouse,2,812.45,2024-12-24,Shipped
6454,1517,Phone,2,1048.16,2024-07-12,Completed
6455,1117,Tablet,3,449.97,2024-03-26,Cancelled
6456,1562,Headphones,3,1598.02,2024-04-13,Shipped
6457,1375,Monitor,2,1828.69,2024-05-31,Pending
6458,1788,Monitor,4,1060.19,2024-12-28,Pending
6459,1135,Mouse,1,1320.32,2024-08-26,Cancelled
6460,1792,Keyboard,4,952.74,2024-09-26,Completed
6461,1099,Phone,3,958.79,2024-01-07,Shipped
6462,1307,Phone,2,705.33,2024-01-15,Shipped
6463,1445,Laptop,3,1588.02,2024-02-11,Pending
6464,1471,Keyboard,1,712.41,2024-04-28,Pending
6465,1123,Laptop,1,465.33,2024-02-12,Pending
6466,1095,Phone,3,277.78,2024-04-24,Completed
6467,1075,Laptop,4,60.88,2024-12-23,Completed
6468,1878,Keyboard,1,1540.76,2024-03-07,Completed
6469,1841,Tablet,2,1936.66,2024-10-11,Shipped
6470,1609,Mouse,4,1158.5,2024-03-13,Pending
6471,1762,Headphones,4,1887.75,2024-04-05,Cancelled
6472,1459,Headphones,4,76.86,2024-02-15,Completed
6473,1583,Monitor,3,56.92,2024-07-29,Shipped
6474,1527,Laptop,4,82.36,2024-09-20,Completed
6475,1487,Headphones,1,1829.88,2024-04-02,Completed
6476,1893,Monitor,4,1314.19,2024-05-14,Pending
6477,1667,Headphones,2,997.61,2024-03-16,Completed
6478,1687,Mouse,3,798.98,2024-09-23,Shipped
6479,1802,Tablet,4,584.81,2024-09-24,Pending
6480,1091,Headphones,3,721.59,2024-10-27,Completed
6481,1539,Phone,2,1152.21,2024-07-19,Cancelled
6482,1497,Phone,4,1297.22,2024-04-10,Pending
6483,1104,Keyboard,2,1945.02,2024-11-30,Pending
6484,1969,Headphones,2,1604.43,2024-09-14,Pending
6485,1788,Mouse,1,949.41,2024-07-27,Shipped
6486,1564,Mouse,1,1566.11,2024-11-28,Shipped
6487,1294,Laptop,1,542.64,2024-07-24,Cancelled
6488,1617,Headphones,2,1698.86,2024-06-04,Shipped
6489,1257,Keyboard,3,962.54,2024-09-16,Pending
6490,1367,Laptop,1,758.49,2024-04-26,Completed
6491,1114,Phone,2,809.71,2024-04-21,Shipped
6492,1003,Keyboard,1,1759.49,2024-09-12,Pending
6493,1859,Headphones,1,360.13,2024-02-09,Pending
6494,1289,Keyboard,4,1944.3,2024-07-06,Shipped
6495,1031,Headphones,2,1500.13,2024-09-18,Pending
6496,1507,Keyboard,3,1909.28,2024-07-29,Shipped
6497,1963,Mouse,3,1238.09,2024-01-13,Pending
6498,1310,Mouse,1,839.29,2024-11-13,Completed
6499,1057,Headphones,4,1003.86,2024-07-27,Cancelled
6500,1834,Laptop,4,1074.12,2024-02-25,Pending
6501,1711,Mouse,4,577.41,2024-11-22,Cancelled
6502,1861,Headphones,1,116.88,2024-05-04,Pending
6503,1001,Headphones,3,1377.92,2024-11-23,Pending
6504,1702,Keyboard,4,408.68,2024-08-21,Completed
6505,1732,Phone,1,440.34,2024-01-02,Shipped
6506,1615,Headphones,1,1641.99,2024-02-02,Pending
6507,1245,Phone,1,515.81,2024-03-05,Shipped
6508,1904,Phone,1,1589.8,2024-07-08,Cancelled
6509,1774,Laptop,3,1808.32,2024-12-07,Shipped
6510,1679,Headphones,4,1946.19,2024-08-19,Pending
6511,1066,Tablet,4,450.67,2024-05-08,Cancelled
6512,1575,Tablet,3,104.43,2024-02-05,Cancelled
6513,1127,Laptop,3,1524.99,2024-02-12,Shipped
6514,1215,Mouse,2,1198.55,2024-05-25,Shipped
6515,1060,Laptop,2,1466.09,2024-02-01,Shipped
6516,1854,Tablet,3,1880.17,2024-01-03,Shipped
6517,1963,Phone,2,1345.08,2024-02-02,Completed
6518,1265,Keyboard,3,1201.06,2024-06-17,Cancelled
6519,1840,Mouse,1,1091.27,2024-08-28,Completed
6520,1498,Phone,2,992.09,2024-11-02,Shipped
6521,1472,Phone,4,1129.79,2024-09-10,Completed
6522,1492,Phone,4,311.5,2024-03-09,Completed
6523,1426,Laptop,3,1124.26,2024-11-18,Completed
6524,1199,Headphones,4,781.91,2024-01-29,Cancelled
6525,1518,Mouse,1,1937.26,2024-08-24,Cancelled
6526,1024,Monitor,3,414.26,2024-09-05,Pending
6527,1560,Monitor,2,1763.1,2024-11-02,Pending
6528,1161,Keyboard,2,1334.5,2024-02-16,Pending
6529,1219,Monitor,2,1290.33,2024-09-02,Cancelled
6530,1362,Phone,3,675.81,2024-07-21,Shipped
6531,1422,Phone,2,638.96,2024-11-14,Pending
6532,1470,Laptop,1,1798.96,2024-08-03,Completed
6533,1815,Headphones,3,911.19,2024-08-28,Completed
6534,1402,Phone,3,1984.63,2024-07-20,Shipped
6535,1579,Monitor,3,520.22,2024-09-10,Pending
6536,1177,Headphones,2,1624.82,2024-10-13,Shipped
6537,1710,Keyboard,3,558.94,2024-05-22,Completed
6538,1165,Keyboard,3,1527.82,2024-05-22,Shipped
6539,1512,Headphones,1,688.71,2024-04-26,Cancelled
6540,1375,Keyboard,4,1287.38,2024-11-21,Completed
6541,1530,Monitor,2,1745.3,2024-11-27,Cancelled
6542,1287,Keyboard,3,416.18,2024-02-20,Pending
6543,1164,Keyboard,1,341.07,2024-05-25,Completed
6544,1261,Headphones,1,1495.78,2024-06-13,Completed
6545,1063,Headphones,1,499.7,2024-08-16,Pending
6546,1507,Monitor,3,1747.67,2024-12-21,Shipped
6547,1465,Monitor,2,258.33,2024-06-16,Cancelled
6548,1686,Keyboard,3,349.85,2024-05-19,Shipped
6549,1349,Laptop,2,712.93,2024-10-25,Cancelled
6550,1915,Phone,4,129.14,2024-10-31,Cancelled
6551,1021,Monitor,2,1852.22,2024-12-24,Pending
6552,1747,Headphones,3,751.41,2024-03-17,Cancelled
6553,1266,Laptop,4,286.33,2024-10-01,Pending
6554,1097,Keyboard,4,1748.41,2024-11-01,Completed
6555,1214,Tablet,4,604.84,2024-06-20,Pending
6556,1469,Keyboard,2,1543.71,2024-07-17,Pending
6557,1330,Keyboard,3,928.94,2024-10-18,Pending
6558,1543,Headphones,2,64.62,2024-10-08,Cancelled
6559,1640,Mouse,2,331.25,2024-01-05,Completed
6560,1243,Headphones,3,1030.41,2024-07-22,Shipped
6561,1563,Mouse,2,512.96,2024-03-21,Shipped
6562,1195,Laptop,4,986.05,2024-05-16,Cancelled
6563,1782,Tablet,2,573.67,2024-10-24,Completed
6564,1019,Mouse,3,635.76,2024-05-08,Pending
6565,1868,Laptop,2,201.17,2024-05-20,Cancelled
6566,1979,Tablet,2,1515.76,2024-11-10,Completed
6567,1537,Laptop,1,709.14,2024-03-31,Completed
6568,1610,Mouse,1,915.23,2024-01-20,Shipped
6569,1159,Keyboard,3,1758.02,2024-11-07,Pending
6570,1284,Headphones,2,941.57,2024-08-07,Pending
6571,1161,Mouse,2,893.07,2024-12-07,Shipped
6572,1483,Laptop,3,186.0,2024-05-24,Completed
6573,1668,Tablet,2,1141.44,2024-12-26,Shipped
6574,1278,Keyboard,3,985.8,2024-11-02,Cancelled
6575,1287,Monitor,1,491.91,2024-12-15,Pending
6576,1744,Phone,1,1052.71,2024-01-28,Cancelled
6577,1585,Keyboard,2,1719.87,2024-01-30,Pending
6578,1948,Laptop,2,896.18,2024-05-22,Cancelled
6579,1983,Monitor,1,714.25,2024-02-11,Shipped
6580,1639,Phone,1,869.67,2024-01-29,Shipped
6581,1895,Phone,2,1617.48,2024-06-11,Cancelled
6582,1668,Mouse,2,1540.85,2024-05-20,Completed
6583,1758,Monitor,2,1124.04,2024-03-12,Completed
6584,1873,Mouse,4,220.39,2024-02-07,Pending
6585,1591,Monitor,4,915.48,2024-12-07,Cancelled
6586,1490,Headphones,4,796.41,2024-01-06,Completed
6587,1264,Laptop,3,1581.09,2024-10-03,Cancelled
6588,1829,Phone,1,1837.08,2024-04-25,Pending
6589,1065,Mouse,1,156.61,2024-02-15,Shipped
6590,1981,Mouse,4,1797.32,2024-08-03,Cancelled
6591,1333,Laptop,1,674.16,2024-06-11,Completed
6592,1775,Phone,4,1562.79,2024-10-27,Shipped
6593,1274,Keyboard,4,1785.71,2024-12-28,Completed
6594,1630,Laptop,4,1510.97,2024-04-19,Cancelled
6595,1552,Keyboard,4,1136.18,2024-10-03,Cancelled
6596,1712,Headphones,1,1159.44,2024-06-26,Pending
6597,1611,Monitor,2,1970.32,2024-07-18,Cancelled
6598,1062,Laptop,3,1579.83,2024-10-05,Cancelled
6599,1549,Tablet,3,1360.35,2024-12-28,Shipped
6600,1213,Monitor,4,1519.27,2024-04-17,Completed
6601,1045,Mouse,2,928.3,2024-12-30,Completed
6602,1927,Phone,3,1027.06,2024-11-27,Cancelled
6603,1828,Mouse,3,1271.23,2024-10-25,Completed
6604,1860,Laptop,3,1451.74,2024-02-23,Completed
6605,1673,Phone,2,482.6,2024-06-17,Cancelled
6606,1493,Phone,2,1541.51,2024-08-21,Shipped
6607,1872,Mouse,4,1618.92,2024-12-04,Shipped
6608,1517,Keyboard,1,1829.82,2024-04-24,Completed
6609,1970,Mouse,1,157.86,2024-12-09,Completed
6610,1714,Tablet,3,1050.13,2024-10-03,Completed
6611,1813,Mouse,3,1895.94,2024-10-29,Pending
6612,1472,Monitor,4,1416.11,2024-02-09,Completed
6613,1951,Headphones,1,287.1,2024-10-08,Completed
6614,1430,Phone,2,107.2,2024-12-19,Shipped
6615,1156,Tablet,4,185.72,2024-09-06,Cancelled
6616,1307,Tablet,1,482.79,2024-09-08,Pending
6617,1636,Phone,1,1989.85,2024-04-30,Pending
6618,1015,Monitor,4,163.67,2024-05-23,Pending
6619,1160,Headphones,4,1846.79,2024-05-12,Cancelled
6620,1527,Keyboard,4,1944.04,2024-08-23,Cancelled
6621,1821,Mouse,4,389.79,2024-12-01,Completed
6622,1277,Laptop,1,99.91,2024-02-03,Cancelled
6623,1249,Phone,4,941.32,2024-06-29,Completed
6624,1998,Phone,4,1537.26,2024-12-24,Completed
6625,1274,Keyboard,1,784.13,2024-07-19,Pending
6626,1944,Headphones,1,548.64,2024-11-07,Cancelled
6627,1124,Phone,1,871.39,2024-10-21,Completed
6628,1845,Phone,4,68.8,2024-04-07,Shipped
6629,1230,Phone,3,322.41,2024-05-10,Shipped
6630,1294,Monitor,3,1302.21,2024-11-10,Cancelled
6631,1295,Headphones,1,750.8,2024-10-29,Shipped
6632,1875,Tablet,3,703.99,2024-06-13,Pending
6633,1186,Monitor,1,1056.95,2024-08-23,Pending
6634,1501,Keyboard,3,1129.55,2024-11-29,Pending
6635,1358,Phone,3,1050.71,2024-10-05,Shipped
6636,1902,Tablet,3,1060.52,2024-09-27,Pending
6637,1728,Keyboard,3,1589.14,2024-08-25,Pending
6638,1312,Monitor,2,1770.11,2024-12-04,Pending
6639,1529,Mouse,4,205.97,2024-05-12,Cancelled
6640,1143,Phone,3,196.12,2024-09-09,Cancelled
6641,1615,Monitor,2,1059.03,2024-09-12,Completed
6642,1994,Phone,2,294.41,2024-12-22,Cancelled
6643,1627,Keyboard,4,1432.17,2024-11-13,Cancelled
6644,1402,Phone,1,1174.55,2024-02-04,Completed
6645,1643,Headphones,1,421.94,2024-07-04,Pending
6646,1901,Phone,1,1986.49,2024-06-10,Pending
6647,1373,Laptop,3,570.71,2024-11-10,Pending
6648,1195,Headphones,1,493.89,2024-10-07,Completed
6649,1112,Laptop,3,458.07,2024-08-02,Pending
6650,1060,Headphones,2,1771.89,2024-03-17,Pending
6651,1584,Mouse,4,1526.78,2024-10-09,Shipped
6652,1161,Tablet,2,1157.33,2024-07-30,Shipped
6653,1150,Tablet,4,1413.05,2024-04-30,Pending
6654,1423,Keyboard,4,1944.78,2024-05-02,Cancelled
6655,1761,Keyboard,4,353.32,2024-10-16,Completed
6656,1200,Phone,4,1380.74,2024-06-25,Cancelled
6657,1901,Monitor,1,190.52,2024-10-12,Completed
6658,1196,Phone,2,536.92,2024-05-06,Cancelled
6659,1919,Keyboard,1,478.96,2024-05-28,Completed
6660,1485,Tablet,2,1175.18,2024-05-21,Completed
6661,1264,Laptop,3,886.07,2024-01-11,Shipped
6662,1575,Mouse,2,109.85,2024-05-22,Cancelled
6663,1341,Phone,1,1238.67,2024-05-13,Shipped
6664,1828,Mouse,1,1879.02,2024-06-27,Completed
6665,1878,Laptop,2,838.36,2024-10-20,Cancelled
6666,1115,Headphones,2,304.51,2024-02-22,Cancelled
6667,1189,Monitor,2,465.96,2024-06-09,Cancelled
6668,1881,Phone,3,1361.39,2024-10-15,Cancelled
6669,1210,Mouse,2,1603.0,2024-09-26,Cancelled
6670,1754,Phone,2,287.53,2024-08-23,Shipped
6671,1071,Headphones,3,1558.53,2024-06-04,Pending
6672,1180,Monitor,2,1848.89,2024-09-05,Cancelled
6673,1175,Laptop,2,533.81,2024-08-17,Shipped
6674,1922,Headphones,4,928.69,2024-12-20,Pending
6675,1218,Tablet,3,1901.11,2024-11-20,Shipped
6676,1738,Tablet,2,106.85,2024-04-02,Completed
6677,1951,Laptop,2,286.97,2024-02-01,Pending
6678,1993,Headphones,1,1109.33,2024-07-15,Completed
6679,1303,Phone,4,975.36,2024-01-31,Shipped
6680,1376,Headphones,2,1266.61,2024-12-30,Completed
6681,1244,Headphones,3,668.99,2024-11-28,Pending
6682,1697,Headphones,3,1059.74,2024-10-12,Pending
6683,1732,Mouse,3,1004.85,2024-08-25,Completed
6684,1566,Keyboard,3,356.4,2024-02-26,Cancelled
6685,1212,Headphones,1,1956.14,2024-02-03,Cancelled
6686,1358,Headphones,4,107.85,2024-10-25,Pending
6687,1193,Keyboard,3,505.01,2024-01-05,Pending
6688,1064,Phone,4,895.29,2024-09-18,Pending
6689,1088,Laptop,1,304.38,2024-04-03,Cancelled
6690,1291,Phone,3,774.26,2024-09-25,Pending
6691,1166,Monitor,2,231.06,2024-09-24,Shipped
6692,1337,Laptop,2,527.87,2024-04-12,Pending
6693,1822,Laptop,3,266.18,2024-04-24,Shipped
6694,1287,Mouse,3,894.8,2024-10-11,Cancelled
6695,1969,Phone,2,269.8,2024-05-18,Pending
6696,1915,Phone,3,1868.37,2024-06-24,Shipped
6697,1405,Keyboard,3,368.78,2024-07-09,Pending
6698,1715,Headphones,1,1150.06,2024-03-08,Cancelled
6699,1531,Tablet,3,1369.04,2024-11-09,Cancelled
6700,1397,Phone,1,1514.52,2024-02-16,Shipped
6701,1276,Headphones,4,377.19,2024-08-02,Cancelled
6702,1498,Tablet,3,1163.33,2024-10-14,Pending
6703,1984,Headphones,1,212.2,2024-11-01,Completed
6704,1763,Tablet,2,1682.62,2024-09-06,Shipped
6705,1869,Mouse,1,286.44,2024-12-26,Cancelled
6706,1388,Keyboard,4,1132.99,2024-05-23,Shipped
6707,1759,Laptop,4,1295.67,2024-08-08,Cancelled
6708,1787,Tablet,1,1808.86,2024-11-18,Cancelled
6709,1146,Laptop,4,1715.69,2024-03-09,Pending
6710,1091,Mouse,3,1753.16,2024-03-10,Cancelled
6711,1804,Keyboard,4,1827.49,2024-02-05,Cancelled
6712,1744,Tablet,2,1908.97,2024-02-19,Cancelled
6713,1376,Monitor,2,1497.63,2024-12-06,Shipped
6714,1076,Tablet,3,639.27,2024-02-06,Shipped
6715,1684,Headphones,3,717.0,2024-03-22,Shipped
6716,1630,Headphones,4,1417.34,2024-06-12,Shipped
6717,1184,Laptop,4,1780.12,2024-08-06,Pending
6718,1183,Laptop,2,358.15,2024-12-02,Shipped
6719,1200,Monitor,3,200.39,2024-11-24,Cancelled
6720,1199,Headphones,3,1503.22,2024-05-29,Completed
6721,1368,Laptop,2,570.73,2024-10-10,Completed
6722,1077,Keyboard,1,1467.12,2024-04-24,Cancelled
6723,1835,Headphones,4,1280.58,2024-11-08,Completed
6724,1656,Tablet,1,212.08,2024-09-09,Shipped
6725,1003,Phone,4,202.25,2024-06-30,Completed
6726,1378,Phone,3,522.84,2024-12-18,Shipped
6727,1629,Keyboard,1,1132.41,2024-10-04,Shipped
6728,1424,Tablet,1,1901.65,2024-02-09,Pending
6729,1091,Monitor,4,443.44,2024-02-09,Shipped
6730,1770,Monitor,4,713.96,2024-10-05,Shipped
6731,1022,Phone,2,832.58,2024-06-08,Pending
6732,1204,Phone,4,916.43,2024-10-09,Completed
6733,1727,Keyboard,1,1106.54,2024-07-25,Shipped
6734,1574,Phone,3,1898.21,2024-04-14,Completed
6735,1603,Phone,4,777.16,2024-05-31,Completed
6736,1510,Laptop,2,207.25,2024-10-23,Pending
6737,1963,Laptop,3,489.5,2024-05-21,Shipped
6738,1975,Keyboard,4,1728.06,2024-07-17,Cancelled
6739,1459,Laptop,4,772.65,2024-01-06,Cancelled
6740,1593,Monitor,4,191.83,2024-06-23,Shipped
6741,1382,Headphones,3,387.64,2024-12-16,Pending
6742,1658,Mouse,2,124.79,2024-02-08,Shipped
6743,1768,Tablet,3,769.87,2024-07-13,Completed
6744,1538,Mouse,2,1013.72,2024-11-23,Shipped
6745,1916,Laptop,1,651.79,2024-12-29,Cancelled
6746,1942,Mouse,1,1900.0,2024-09-29,Completed
6747,1708,Tablet,3,559.71,2024-02-06,Cancelled
6748,1115,Headphones,4,1404.33,2024-01-18,Cancelled
6749,1039,Tablet,1,358.69,2024-03-12,Shipped
6750,1185,Headphones,3,1067.42,2024-01-14,Shipped
6751,1734,Phone,1,1946.63,2024-09-16,Cancelled
6752,1761,Phone,4,1116.25,2024-10-19,Completed
6753,1783,Headphones,3,1343.14,2024-02-18,Shipped
6754,1694,Keyboard,2,196.35,2024-10-18,Cancelled
6755,1564,Headphones,2,968.58,2024-03-11,Shipped
6756,1120,Phone,1,1274.92,2024-11-19,Pending
6757,1254,Headphones,4,589.89,2024-04-26,Shipped
6758,1439,Phone,2,968.97,2024-10-06,Completed
6759,1642,Headphones,4,1501.13,2024-10-25,Cancelled
6760,1211,Mouse,1,350.14,2024-03-26,Cancelled
6761,1445,Laptop,4,107.69,2024-09-08,Pending
6762,1193,Laptop,3,1592.81,2024-11-30,Cancelled
6763,1806,Tablet,2,1778.07,2024-05-17,Pending
6764,1681,Monitor,1,663.51,2024-08-25,Shipped
6765,1135,Tablet,4,1251.69,2024-03-14,Shipped
6766,1188,Keyboard,3,229.93,2024-05-02,Shipped
6767,1847,Laptop,4,506.2,2024-10-01,Shipped
6768,1058,Laptop,2,890.53,2024-07-12,Shipped
6769,1027,Keyboard,4,1502.09,2024-07-14,Completed
6770,1806,Phone,3,874.01,2024-03-18,Completed
6771,1602,Phone,1,1688.11,2024-09-30,Cancelled
6772,1765,Mouse,2,1598.53,2024-04-17,Cancelled
6773,1354,Tablet,2,1695.49,2024-02-06,Cancelled
6774,1238,Mouse,2,917.91,2024-02-01,Shipped
6775,1217,Keyboard,1,1235.57,2024-08-30,Shipped
6776,1057,Headphones,3,1655.22,2024-01-22,Completed
6777,1887,Phone,3,196.15,2024-11-05,Shipped
6778,1973,Keyboard,2,1786.86,2024-09-21,Shipped
6779,1676,Monitor,1,802.21,2024-11-29,Pending
6780,1101,Laptop,4,1801.49,2024-01-26,Cancelled
6781,1694,Tablet,2,411.68,2024-12-05,Completed
6782,1188,Tablet,3,457.5,2024-06-19,Cancelled
6783,1881,Headphones,1,311.85,2024-09-21,Pending
6784,1017,Headphones,2,1821.02,2024-02-29,Pending
6785,1162,Laptop,4,812.32,2024-12-12,Completed
6786,1992,Laptop,2,1971.67,2024-06-03,Cancelled
6787,1378,Keyboard,2,210.43,2024-04-29,Completed
6788,1150,Phone,4,1432.16,2024-11-26,Completed
6789,1469,Laptop,1,574.38,2024-09-15,Pending
6790,1853,Tablet,2,243.81,2024-08-18,Cancelled
6791,1729,Phone,1,1450.33,2024-08-26,Cancelled
6792,1296,Phone,4,1747.09,2024-02-29,Completed
6793,1588,Keyboard,1,1514.51,2024-11-13,Shipped
6794,1306,Headphones,1,910.71,2024-05-26,Cancelled
6795,1877,Monitor,1,1914.39,2024-07-18,Completed
6796,1302,Monitor,4,1281.09,2024-03-10,Completed
6797,1281,Laptop,1,1372.84,2024-07-16,Completed
6798,1484,Headphones,3,1939.2,2024-02-23,Cancelled
6799,1035,Monitor,2,1698.58,2024-01-21,Completed
6800,1279,Mouse,2,331.32,2024-09-25,Completed
6801,1884,Headphones,2,1656.17,2024-06-02,Cancelled
6802,1759,Mouse,3,580.2,2024-04-07,Completed
6803,1437,Mouse,2,204.71,2024-10-06,Shipped
6804,1931,Monitor,2,347.25,2024-11-30,Completed
6805,1771,Phone,2,1048.85,2024-10-05,Completed
6806,1740,Headphones,2,1068.44,2024-10-10,Pending
6807,1843,Keyboard,1,511.42,2024-06-19,Cancelled
6808,1092,Mouse,2,1665.65,2024-04-11,Pending
6809,1469,Headphones,3,831.34,2024-03-02,Completed
6810,1265,Keyboard,2,1801.8,2024-02-15,Cancelled
6811,1892,Laptop,3,1197.13,2024-02-15,Cancelled
6812,1937,Laptop,2,1337.75,2024-04-16,Pending
6813,1768,Mouse,4,1810.17,2024-09-16,Pending
6814,1576,Phone,1,1865.86,2024-12-31,Pending
6815,1011,Tablet,3,1555.83,2024-07-27,Shipped
6816,1296,Tablet,1,1231.21,2024-04-24,Completed
6817,1460,Headphones,3,1992.97,2024-02-23,Completed
6818,1170,Keyboard,4,530.0,2024-10-17,Shipped
6819,1861,Monitor,4,1367.84,2024-02-27,Completed
6820,1911,Mouse,1,1744.84,2024-02-27,Cancelled
6821,1945,Headphones,2,666.11,2024-01-20,Shipped
6822,1698,Laptop,3,688.82,2024-04-30,Cancelled
6823,1227,Phone,4,95.86,2024-04-25,Cancelled
6824,1996,Phone,2,777.8,2024-11-30,Completed
6825,1426,Phone,1,963.92,2024-02-01,Completed
6826,1223,Laptop,1,1409.01,2024-02-20,Shipped
6827,1035,Monitor,2,1235.64,2024-01-11,Completed
6828,1805,Monitor,4,1657.27,2024-09-27,Pending
6829,1599,Laptop,2,965.47,2024-06-19,Completed
6830,1366,Phone,2,1382.63,2024-12-29,Pending
6831,1380,Monitor,2,605.46,2024-11-20,Completed
6832,1877,Monitor,4,1606.63,2024-10-13,Pending
6833,1879,Phone,1,1131.05,2024-06-03,Cancelled
6834,1045,Tablet,3,767.84,2024-11-05,Shipped
6835,1105,Headphones,4,1558.09,2024-12-29,Completed
6836,1609,Keyboard,4,596.9,2024-06-06,Pending
6837,1844,Tablet,3,1326.89,2024-02-18,Completed
6838,1611,Laptop,1,1052.08,2024-11-11,Completed
6839,1395,Tablet,2,60.93,2024-11-15,Completed
6840,1513,Mouse,1,1213.83,2024-02-28,Completed
6841,1578,Keyboard,3,314.16,2024-03-05,Shipped
6842,1081,Keyboard,1,1365.55,2024-12-10,Pending
6843,1067,Keyboard,1,1961.03,2024-05-29,Shipped
6844,1085,Phone,2,127.25,2024-12-14,Pending
6845,1058,Phone,4,299.99,2024-09-18,Cancelled
6846,1881,Phone,4,106.53,2024-01-01,Cancelled
6847,1207,Headphones,2,715.59,2024-04-22,Cancelled
6848,1959,Headphones,1,666.31,2024-07-06,Cancelled
6849,1368,Mouse,1,1662.51,2024-07-25,Completed
6850,1222,Keyboard,4,200.71,2024-12-30,Shipped
6851,1266,Laptop,3,1602.25,2024-11-16,Shipped
6852,1276,Phone,2,1617.96,2024-09-28,Shipped
6853,1152,Phone,2,729.13,2024-05-17,Completed
6854,1623,Laptop,4,1112.39,2024-11-10,Cancelled
6855,1333,Keyboard,3,169.44,2024-09-06,Shipped
6856,1255,Laptop,4,266.83,2024-08-06,Cancelled
6857,1248,Tablet,1,623.56,2024-11-29,Pending
6858,1830,Headphones,2,228.15,2024-08-26,Cancelled
6859,1188,Headphones,3,171.52,2024-01-22,Pending
6860,1643,Tablet,3,510.11,2024-06-29,Pending
6861,1129,Headphones,3,1692.69,2024-04-20,Cancelled
6862,1679,Phone,1,528.91,2024-07-19,Pending
6863,1297,Phone,3,87.17,2024-10-13,Completed
6864,1704,Laptop,4,390.47,2024-05-30,Cancelled
6865,1171,Laptop,1,837.59,2024-07-31,Pending
6866,1224,Headphones,1,954.77,2024-08-09,Pending
6867,1907,Keyboard,1,92.42,2024-03-24,Pending
6868,1843,Keyboard,4,492.56,2024-10-14,Completed
6869,1285,Phone,2,1626.69,2024-01-22,Completed
6870,1976,Phone,1,949.16,2024-06-18,Cancelled
6871,1484,Keyboard,2,110.79,2024-07-30,Shipped
6872,1875,Phone,1,168.59,2024-02-25,Cancelled
6873,1914,Mouse,1,59.62,2024-03-22,Cancelled
6874,1589,Tablet,3,1249.11,2024-06-19,Shipped
6875,1095,Monitor,3,415.09,2024-09-01,Shipped
6876,1825,Keyboard,1,510.82,2024-12-06,Shipped
6877,1712,Mouse,1,182.2,2024-09-26,Cancelled
6878,1122,Keyboard,1,291.98,2024-06-02,Cancelled
6879,1545,Phone,3,165.12,2024-12-31,Shipped
6880,1921,Monitor,2,614.06,2024-09-08,Shipped
6881,1171,Headphones,3,1018.3,2024-10-06,Shipped
6882,1117,Laptop,1,934.19,2024-09-15,Completed
6883,1207,Headphones,3,147.51,2024-12-31,Shipped
6884,1416,Keyboard,4,432.93,2024-01-03,Pending
6885,1340,Keyboard,4,371.3,2024-03-01,Completed
6886,1656,Headphones,1,1908.93,2024-02-11,Cancelled
6887,1329,Tablet,1,921.95,2024-04-30,Pending
6888,1133,Laptop,3,1926.36,2024-09-11,Completed
6889,1103,Keyboard,2,1379.99,2024-07-30,Shipped
6890,1621,Mouse,2,1336.32,2024-02-02,Cancelled
6891,1975,Keyboard,4,826.69,2024-10-26,Pending
6892,1728,Phone,1,69.94,2024-10-04,Shipped
6893,1905,Headphones,2,622.68,2024-10-28,Cancelled
6894,1574,Keyboard,2,162.62,2024-01-29,Shipped
6895,1754,Phone,2,72.77,2024-12-18,Completed
6896,1878,Mouse,3,578.09,2024-04-12,Shipped
6897,1692,Laptop,1,1886.77,2024-06-19,Completed
6898,1428,Tablet,4,1629.45,2024-01-02,Completed
6899,1689,Monitor,4,1241.62,2024-10-19,Pending
6900,1631,Mouse,2,704.22,2024-02-16,Shipped
6901,1579,Monitor,2,145.05,2024-08-11,Completed
6902,1547,Laptop,1,1136.85,2024-12-23,Completed
6903,1224,Phone,3,1151.76,2024-05-17,Completed
6904,1548,Monitor,2,1041.51,2024-10-02,Cancelled
6905,1391,Monitor,3,1781.47,2024-11-24,Pending
6906,1206,Phone,3,1553.81,2024-06-18,Pending
6907,1998,Mouse,1,1900.66,2024-06-21,Completed
6908,1824,Mouse,3,698.27,2024-08-21,Completed
6909,1849,Monitor,2,255.72,2024-08-18,Cancelled
6910,1455,Laptop,1,1505.91,2024-07-30,Pending
6911,1921,Keyboard,2,1356.16,2024-04-30,Pending
6912,1692,Mouse,4,600.69,2024-03-26,Completed
6913,1357,Monitor,3,1291.7,2024-08-17,Completed
6914,1459,Tablet,1,1318.89,2024-11-11,Shipped
6915,1884,Headphones,4,459.83,2024-05-12,Completed
6916,1736,Tablet,1,312.51,2024-06-10,Cancelled
6917,1391,Mouse,3,953.17,2024-11-05,Pending
6918,1783,Phone,4,685.93,2024-08-15,Pending
6919,1953,Monitor,1,1037.97,2024-05-29,Shipped
6920,1045,Mouse,4,1920.91,2024-11-25,Shipped
6921,1387,Monitor,2,1945.31,2024-03-27,Cancelled
6922,1552,Laptop,4,1957.83,2024-04-01,Completed
6923,1029,Tablet,4,211.4,2024-09-19,Shipped
6924,1512,Tablet,2,667.75,2024-11-15,Shipped
6925,1062,Mouse,4,1658.81,2024-11-02,Shipped
6926,1303,Keyboard,1,973.3,2024-03-14,Shipped
6927,1473,Keyboard,1,1915.77,2024-06-19,Completed
6928,1921,Monitor,3,828.62,2024-12-29,Pending
6929,1022,Headphones,1,1944.63,2024-01-23,Shipped
6930,1755,Mouse,1,1703.13,2024-08-04,Shipped
6931,1179,Phone,3,1201.88,2024-08-11,Completed
6932,1483,Phone,2,597.96,2024-02-08,Pending
6933,1689,Tablet,3,143.73,2024-06-26,Shipped
6934,1412,Headphones,2,1806.64,2024-02-28,Completed
6935,1220,Phone,1,1686.05,2024-06-02,Pending
6936,1785,Laptop,1,931.12,2024-01-02,Shipped
6937,1969,Phone,4,1289.1,2024-03-06,Cancelled
6938,1326,Phone,2,904.98,2024-06-06,Cancelled
6939,1669,Mouse,3,891.89,2024-03-06,Shipped
6940,1937,Headphones,1,1412.47,2024-09-14,Completed
6941,1915,Headphones,2,546.38,2024-02-04,Cancelled
6942,1776,Headphones,4,200.14,2024-01-31,Cancelled
6943,1861,Tablet,4,1565.36,2024-09-11,Shipped
6944,1404,Tablet,2,1970.26,2024-05-08,Cancelled
6945,1741,Keyboard,4,976.61,2024-03-07,Cancelled
6946,1412,Keyboard,3,1921.94,2024-02-20,Completed
6947,1724,Headphones,1,59.06,2024-02-18,Cancelled
6948,1303,Keyboard,2,665.45,2024-07-19,Completed
6949,1378,Monitor,2,524.97,2024-01-04,Completed
6950,1189,Keyboard,4,1435.24,2024-11-27,Cancelled
6951,1474,Monitor,3,1561.03,2024-01-22,Cancelled
6952,1842,Headphones,4,1678.76,2024-01-23,Cancelled
6953,1261,Keyboard,4,567.8,2024-12-30,Pending
6954,1895,Mouse,4,664.93,2024-01-09,Pending
6955,1472,Keyboard,4,267.76,2024-09-05,Cancelled
6956,1012,Phone,3,1632.92,2024-01-16,Shipped
6957,1266,Phone,1,568.68,2024-09-28,Pending
6958,1254,Headphones,1,899.51,2024-04-04,Shipped
6959,1416,Mouse,3,106.71,2024-05-13,Shipped
6960,1377,Monitor,1,1933.87,2024-05-25,Pending
6961,1685,Phone,4,701.3,2024-01-01,Shipped
6962,1438,Mouse,4,1896.38,2024-09-22,Completed
6963,1269,Laptop,2,635.48,2024-03-12,Cancelled
6964,1964,Phone,3,1394.92,2024-10-29,Pending
6965,1382,Tablet,3,1997.48,2024-05-05,Pending
6966,1879,Mouse,3,1883.07,2024-07-09,Pending
6967,1073,Keyboard,2,1963.47,2024-06-15,Completed
6968,1393,Mouse,4,1627.05,2024-01-22,Pending
6969,1718,Tablet,2,1580.15,2024-04-30,Cancelled
6970,1746,Headphones,3,1286.11,2024-09-11,Pending
6971,1805,Tablet,4,728.69,2024-10-03,Shipped
6972,1563,Headphones,2,1518.41,2024-10-01,Shipped
6973,1009,Headphones,2,276.12,2024-09-11,Shipped
6974,1165,Monitor,3,1166.59,2024-02-17,Shipped
6975,1833,Mouse,1,284.75,2024-07-20,Pending
6976,1954,Headphones,4,1686.16,2024-03-27,Cancelled
6977,1195,Headphones,2,84.9,2024-11-07,Shipped
6978,1021,Headphones,2,1344.53,2024-10-28,Completed
6979,1195,Tablet,2,866.85,2024-05-24,Cancelled
6980,1282,Keyboard,4,558.94,2024-09-16,Cancelled
6981,1048,Keyboard,4,1321.51,2024-01-10,Completed
6982,1377,Headphones,4,294.57,2024-12-10,Completed
6983,1064,Keyboard,2,67.17,2024-06-08,Pending
6984,1997,Laptop,1,90.87,2024-10-21,Cancelled
6985,1114,Phone,1,1064.55,2024-12-18,Shipped
6986,1998,Tablet,2,1321.19,2024-01-30,Pending
6987,1256,Tablet,4,508.91,2024-09-07,Pending
6988,1732,Phone,1,1150.36,2024-07-29,Completed
6989,1736,Monitor,2,1434.51,2024-01-03,Cancelled
6990,1967,Monitor,2,1467.19,2024-09-16,Pending
6991,1252,Phone,4,1314.42,2024-08-26,Cancelled
6992,1414,Mouse,2,401.18,2024-10-09,Completed
6993,1075,Tablet,2,1980.56,2024-10-24,Completed
6994,1058,Keyboard,3,200.37,2024-03-12,Shipped
6995,1130,Mouse,4,1442.2,2024-10-29,Shipped
6996,1890,Keyboard,2,799.55,2024-03-30,Cancelled
6997,1140,Mouse,2,524.23,2024-06-21,Shipped
6998,1728,Tablet,4,1927.83,2024-11-29,Cancelled
6999,1658,Mouse,1,441.52,2024-11-27,Cancelled
7000,1108,Tablet,2,1226.19,2024-09-09,Cancelled
7001,1503,Keyboard,4,893.98,2024-02-12,Cancelled
7002,1849,Keyboard,1,500.62,2024-06-28,Completed
7003,1618,Keyboard,2,161.25,2024-08-02,Pending
7004,1169,Monitor,1,658.44,2024-11-14,Completed
7005,1141,Tablet,2,988.43,2024-07-30,Shipped
7006,1157,Phone,4,1062.63,2024-10-15,Shipped
7007,1566,Mouse,3,1179.02,2024-10-03,Completed
7008,1350,Keyboard,2,502.85,2024-06-14,Cancelled
7009,1590,Keyboard,1,1927.4,2024-06-03,Pending
7010,1199,Headphones,1,1192.55,2024-04-16,Pending
7011,1978,Phone,1,345.49,2024-04-10,Completed
7012,1683,Keyboard,2,574.51,2024-06-30,Cancelled
7013,1187,Laptop,4,272.46,2024-04-10,Completed
7014,1314,Phone,4,1034.41,2024-01-03,Completed
7015,1615,Phone,3,1721.58,2024-02-29,Pending
7016,1887,Tablet,3,1028.51,2024-05-17,Completed
7017,1795,Headphones,4,678.27,2024-10-25,Pending
7018,1738,Phone,1,529.16,2024-09-23,Pending
7019,1875,Mouse,2,939.43,2024-06-10,Pending
7020,1523,Laptop,3,654.75,2024-05-18,Completed
7021,1647,Phone,2,236.62,2024-08-24,Pending
7022,1584,Keyboard,2,1608.71,2024-06-26,Shipped
7023,1362,Phone,2,1409.41,2024-07-30,Cancelled
7024,1575,Monitor,4,749.5,2024-02-04,Cancelled
7025,1627,Keyboard,4,1034.85,2024-06-14,Completed
7026,1615,Tablet,3,543.84,2024-06-02,Pending
7027,1589,Keyboard,3,1065.04,2024-04-01,Shipped
7028,1917,Phone,4,458.55,2024-09-13,Pending
7029,1642,Laptop,4,1510.59,2024-01-22,Completed
7030,1594,Monitor,3,1389.42,2024-07-03,Completed
7031,1494,Monitor,2,225.6,2024-05-04,Completed
7032,1383,Headphones,3,1755.01,2024-04-27,Shipped
7033,1655,Headphones,2,261.52,2024-11-10,Pending
7034,1571,Laptop,1,191.38,2024-07-28,Pending
7035,1567,Mouse,2,824.4,2024-12-01,Pending
7036,1460,Monitor,2,1078.81,2024-11-10,Shipped
7037,1567,Tablet,2,1717.22,2024-09-01,Cancelled
7038,1472,Keyboard,3,941.18,2024-07-25,Cancelled
7039,1894,Laptop,2,582.11,2024-07-28,Completed
7040,1428,Phone,4,1849.29,2024-01-01,Cancelled
7041,1365,Mouse,2,1173.78,2024-04-23,Shipped
7042,1864,Tablet,3,366.89,2024-04-08,Pending
7043,1210,Headphones,2,1062.11,2024-12-07,Cancelled
7044,1437,Headphones,2,83.1,2024-04-01,Shipped
7045,1025,Mouse,2,1787.46,2024-04-28,Shipped
7046,1850,Phone,2,879.6,2024-09-27,Cancelled
7047,1371,Phone,2,1017.28,2024-04-03,Shipped
7048,1245,Keyboard,2,1832.21,2024-11-15,Pending
7049,1909,Phone,3,1276.34,2024-03-16,Pending
7050,1815,Keyboard,4,355.87,2024-06-11,Cancelled
7051,1325,Headphones,1,916.1,2024-02-26,Shipped
7052,1980,Laptop,2,1110.68,2024-08-12,Shipped
7053,1509,Phone,2,1220.9,2024-11-30,Completed
7054,1680,Headphones,2,283.49,2024-12-21,Cancelled
7055,1397,Phone,4,1585.14,2024-01-08,Pending
7056,1125,Monitor,1,1298.95,2024-08-17,Shipped
7057,1253,Phone,4,677.72,2024-06-18,Cancelled
7058,1152,Tablet,3,289.94,2024-07-01,Shipped
7059,1044,Laptop,1,1921.3,2024-07-17,Pending
7060,1243,Laptop,4,954.03,2024-11-14,Pending
7061,1197,Keyboard,2,562.12,2024-12-06,Pending
7062,1515,Keyboard,2,228.02,2024-09-24,Completed
7063,1102,Phone,4,1896.23,2024-09-11,Pending
7064,1446,Laptop,1,1767.92,2024-04-02,Pending
7065,1062,Headphones,3,1523.94,2024-12-29,Completed
7066,1513,Tablet,2,1519.07,2024-07-25,Pending
7067,1369,Headphones,1,1252.61,2024-06-11,Shipped
7068,1684,Laptop,3,655.25,2024-05-25,Pending
7069,1842,Mouse,1,236.79,2024-08-31,Cancelled
7070,1900,Phone,2,1989.55,2024-05-12,Shipped
7071,1402,Mouse,4,1819.98,2024-08-10,Pending
7072,1723,Mouse,1,521.02,2024-07-14,Completed
7073,1035,Tablet,4,1603.63,2024-03-23,Shipped
7074,1563,Headphones,1,257.28,2024-08-17,Completed
7075,1429,Keyboard,2,1936.32,2024-09-20,Pending
7076,1760,Laptop,2,737.23,2024-04-20,Completed
7077,1960,Tablet,2,1334.1,2024-04-19,Pending
7078,1105,Headphones,1,1860.01,2024-02-05,Pending
7079,1310,Monitor,3,506.06,2024-01-04,Completed
7080,1114,Laptop,3,960.46,2024-12-15,Cancelled
7081,1169,Keyboard,3,1853.36,2024-12-10,Completed
7082,1674,Monitor,1,1119.1,2024-01-31,Completed
7083,1095,Headphones,4,188.61,2024-08-30,Pending
7084,1742,Monitor,1,931.04,2024-03-19,Pending
7085,1238,Laptop,2,1097.15,2024-08-13,Completed
7086,1723,Tablet,3,1292.68,2024-04-03,Cancelled
7087,1212,Phone,2,635.99,2024-03-23,Cancelled
7088,1722,Keyboard,1,1245.26,2024-04-14,Cancelled
7089,1942,Laptop,3,1204.47,2024-11-12,Pending
7090,1722,Phone,2,1645.14,2024-07-04,Cancelled
7091,1109,Keyboard,1,1621.75,2024-11-22,Completed
7092,1775,Mouse,3,653.79,2024-05-21,Cancelled
7093,1520,Monitor,4,1407.23,2024-04-01,Cancelled
7094,1825,Keyboard,3,659.38,2024-04-13,Cancelled
7095,1482,Keyboard,3,1379.83,2024-06-05,Cancelled
7096,1885,Laptop,4,400.13,2024-01-23,Completed
7097,1310,Tablet,4,1332.3,2024-10-07,Completed
7098,1792,Laptop,1,1103.06,2024-06-19,Completed
7099,1958,Mouse,2,1850.66,2024-11-10,Cancelled
7100,1919,Laptop,4,1697.54,2024-01-30,Shipped
7101,1173,Tablet,3,1855.11,2024-08-28,Pending
7102,1224,Monitor,3,1084.86,2024-01-04,Completed
7103,1578,Monitor,4,511.41,2024-11-20,Completed
7104,1010,Tablet,4,266.44,2024-10-01,Cancelled
7105,1844,Mouse,4,741.77,2024-04-26,Pending
7106,1060,Tablet,3,1433.38,2024-12-14,Completed
7107,1311,Headphones,1,1099.42,2024-10-25,Completed
7108,1651,Tablet,4,1345.26,2024-06-05,Shipped
7109,1935,Headphones,1,1917.08,2024-04-15,Completed
7110,1010,Monitor,4,1266.05,2024-12-04,Shipped
7111,1796,Monitor,3,1707.42,2024-03-17,Cancelled
7112,1964,Phone,1,217.69,2024-03-11,Shipped
7113,1998,Mouse,2,252.65,2024-06-04,Completed
7114,1887,Headphones,3,1269.06,2024-02-19,Completed
7115,1322,Mouse,2,764.08,2024-07-10,Cancelled
7116,1170,Tablet,4,166.47,2024-06-04,Cancelled
7117,1916,Tablet,1,815.12,2024-11-30,Completed
7118,1370,Laptop,4,1053.64,2024-12-22,Shipped
7119,1705,Monitor,2,1914.62,2024-04-30,Pending
7120,1036,Mouse,1,78.19,2024-07-07,Shipped
7121,1609,Keyboard,3,1937.27,2024-12-26,Completed
7122,1639,Headphones,3,79.99,2024-01-17,Completed
7123,1566,Mouse,3,201.87,2024-07-07,Shipped
7124,1397,Headphones,2,1506.56,2024-03-21,Completed
7125,1562,Tablet,4,157.33,2024-02-01,Completed
7126,1033,Keyboard,2,818.19,2024-08-06,Cancelled
7127,1782,Laptop,3,940.17,2024-02-07,Completed
7128,1920,Laptop,4,1120.5,2024-03-10,Shipped
7129,1921,Tablet,1,1814.13,2024-02-06,Shipped
7130,1795,Mouse,3,1375.42,2024-09-14,Shipped
7131,1932,Headphones,3,1715.84,2024-06-23,Cancelled
7132,1969,Tablet,1,984.5,2024-06-28,Pending
7133,1570,Monitor,1,1337.69,2024-01-13,Cancelled
7134,1387,Phone,2,424.39,2024-07-05,Completed
7135,1613,Tablet,1,956.96,2024-08-13,Completed
7136,1141,Monitor,1,1951.55,2024-12-01,Cancelled
7137,1151,Keyboard,3,1608.85,2024-04-04,Shipped
7138,1302,Headphones,2,1431.33,2024-03-09,Pending
7139,1150,Phone,3,730.76,2024-12-05,Shipped
7140,1411,Phone,1,1612.9,2024-05-08,Completed
7141,1710,Phone,1,120.68,2024-09-25,Shipped
7142,1970,Mouse,3,998.92,2024-09-21,Pending
7143,1838,Mouse,1,1182.43,2024-03-22,Cancelled
7144,1729,Monitor,1,1626.16,2024-11-15,Shipped
7145,1465,Mouse,3,1221.76,2024-06-22,Cancelled
7146,1499,Keyboard,1,1841.17,2024-02-15,Completed
7147,1746,Phone,1,629.44,2024-08-07,Cancelled
7148,1499,Monitor,2,320.3,2024-12-04,Cancelled
7149,1438,Laptop,1,1110.09,2024-09-04,Completed
7150,1706,Headphones,4,821.68,2024-04-18,Cancelled
7151,1498,Laptop,1,1445.24,2024-06-21,Shipped
7152,1612,Mouse,1,696.97,2024-04-24,Completed
7153,1352,Keyboard,1,474.0,2024-01-17,Cancelled
7154,1468,Keyboard,3,275.91,2024-01-09,Shipped
7155,1773,Phone,3,1118.85,2024-03-12,Completed
7156,1346,Keyboard,4,1831.77,2024-01-27,Cancelled
7157,1791,Keyboard,1,354.1,2024-10-04,Pending
7158,1352,Headphones,2,314.93,2024-04-23,Shipped
7159,1636,Phone,4,1775.94,2024-08-05,Pending
7160,1991,Headphones,1,1451.43,2024-08-18,Cancelled
7161,1016,Mouse,1,1022.46,2024-12-27,Cancelled
7162,1155,Tablet,3,104.6,2024-04-27,Completed
7163,1496,Mouse,2,1469.14,2024-06-11,Cancelled
7164,1601,Phone,4,605.79,2024-08-31,Completed
7165,1072,Keyboard,1,364.88,2024-08-25,Shipped
7166,1460,Laptop,1,1528.86,2024-11-06,Pending
7167,1034,Monitor,4,559.56,2024-07-10,Pending
7168,1681,Tablet,3,1436.33,2024-12-27,Shipped
7169,1825,Phone,2,1083.56,2024-02-14,Completed
7170,1377,Headphones,1,1105.42,2024-07-25,Completed
7171,1757,Mouse,2,1366.23,2024-11-02,Shipped
7172,1057,Keyboard,4,484.28,2024-08-12,Pending
7173,1134,Monitor,2,1562.02,2024-11-12,Cancelled
7174,1108,Monitor,3,1143.86,2024-09-01,Shipped
7175,1672,Laptop,4,1658.49,2024-08-30,Pending
7176,1273,Phone,2,812.78,2024-01-04,Completed
7177,1079,Mouse,4,1242.51,2024-04-12,Pending
7178,1531,Mouse,4,485.35,2024-02-09,Completed
7179,1092,Keyboard,1,1082.04,2024-10-16,Pending
7180,1184,Mouse,4,1056.45,2024-11-18,Cancelled
7181,1344,Headphones,4,1661.54,2024-05-06,Completed
7182,1706,Mouse,4,1158.06,2024-04-28,Pending
7183,1397,Phone,3,1796.08,2024-08-09,Cancelled
7184,1273,Keyboard,1,926.09,2024-11-15,Pending
7185,1403,Keyboard,3,1431.83,2024-05-01,Cancelled
7186,1503,Mouse,1,1477.33,2024-03-12,Completed
7187,1089,Mouse,2,1631.83,2024-04-18,Pending
7188,1876,Keyboard,3,932.72,2024-08-25,Shipped
7189,1573,Laptop,4,681.61,2024-02-27,Shipped
7190,1406,Monitor,2,1952.03,2024-05-01,Completed
7191,1110,Monitor,3,474.87,2024-09-21,Shipped
7192,1622,Mouse,4,671.91,2024-02-26,Cancelled
7193,1324,Laptop,3,556.53,2024-07-22,Shipped
7194,1954,Laptop,1,752.86,2024-10-02,Cancelled
7195,1937,Phone,2,1731.78,2024-04-15,Completed
7196,1361,Laptop,2,776.85,2024-11-30,Completed
7197,1848,Headphones,4,1451.23,2024-02-05,Cancelled
7198,1479,Monitor,1,647.03,2024-01-19,Completed
7199,1043,Phone,2,1133.47,2024-11-02,Pending
7200,1676,Keyboard,2,774.84,2024-02-23,Shipped
7201,1626,Keyboard,1,88.31,2024-01-08,Pending
7202,1894,Monitor,4,1121.15,2024-01-14,Shipped
7203,1416,Phone,1,619.56,2024-02-10,Pending
7204,1921,Headphones,3,386.26,2024-09-27,Pending
7205,1379,Phone,3,1301.59,2024-04-23,Pending
7206,1618,Laptop,2,566.22,2024-05-18,Cancelled
7207,1803,Keyboard,3,1766.36,2024-09-17,Pending
7208,1818,Headphones,3,1002.16,2024-02-05,Shipped
7209,1544,Monitor,3,603.96,2024-04-27,Shipped
7210,1814,Keyboard,2,1889.89,2024-04-17,Pending
7211,1308,Tablet,2,1344.7,2024-07-13,Pending
7212,1136,Mouse,2,960.86,2024-12-12,Cancelled
7213,1819,Keyboard,4,993.0,2024-03-28,Pending
7214,1074,Laptop,4,836.75,2024-08-10,Cancelled
7215,1088,Keyboard,1,974.6,2024-11-29,Cancelled
7216,1805,Mouse,3,1797.98,2024-03-02,Completed
7217,1611,Headphones,1,1551.05,2024-08-01,Completed
7218,1540,Keyboard,4,1901.5,2024-03-18,Shipped
7219,1668,Monitor,2,1321.16,2024-09-29,Completed
7220,1613,Monitor,2,1576.46,2024-01-02,Shipped
7221,1210,Laptop,3,698.27,2024-10-06,Completed
7222,1172,Headphones,4,82.91,2024-02-20,Shipped
7223,1808,Mouse,3,1450.64,2024-02-02,Cancelled
7224,1449,Phone,3,1144.61,2024-10-17,Shipped
7225,1779,Laptop,3,560.57,2024-06-08,Cancelled
7226,1919,Headphones,2,1923.77,2024-11-30,Shipped
7227,1757,Keyboard,3,876.16,2024-05-27,Cancelled
7228,1783,Phone,1,1886.89,2024-04-12,Pending
7229,1456,Keyboard,2,616.76,2024-10-29,Shipped
7230,1773,Headphones,1,1592.44,2024-09-25,Pending
7231,1243,Headphones,3,763.9,2024-01-07,Completed
7232,1780,Monitor,1,1011.21,2024-11-26,Shipped
7233,1218,Keyboard,4,996.6,2024-09-16,Shipped
7234,1078,Headphones,4,390.63,2024-02-07,Pending
7235,1085,Headphones,4,432.66,2024-06-16,Pending
7236,1116,Tablet,4,1948.97,2024-11-16,Pending
7237,1448,Headphones,1,326.08,2024-01-03,Completed
7238,1431,Headphones,2,1945.64,2024-07-09,Pending
7239,1126,Phone,2,333.21,2024-01-11,Cancelled
7240,1538,Headphones,4,101.97,2024-09-06,Pending
7241,1617,Tablet,4,1740.43,2024-01-05,Completed
7242,1681,Monitor,2,1588.8,2024-02-01,Pending
7243,1539,Tablet,4,1557.52,2024-03-31,Shipped
7244,1944,Mouse,4,1551.83,2024-04-28,Pending
7245,1319,Headphones,4,1070.62,2024-04-13,Completed
7246,1808,Monitor,2,473.41,2024-12-28,Pending
7247,1661,Tablet,1,1593.46,2024-06-27,Shipped
7248,1979,Keyboard,3,1437.99,2024-04-22,Pending
7249,1125,Mouse,1,1467.18,2024-09-17,Pending
7250,1424,Mouse,4,1604.56,2024-07-27,Completed
7251,1641,Monitor,2,475.94,2024-08-22,Cancelled
7252,1554,Keyboard,3,1154.15,2024-01-16,Shipped
7253,1269,Laptop,2,360.24,2024-10-28,Cancelled
7254,1815,Keyboard,1,998.05,2024-01-27,Shipped
7255,1047,Tablet,1,1601.65,2024-06-23,Completed
7256,1085,Phone,4,730.52,2024-06-30,Cancelled
7257,1072,Monitor,2,1062.56,2024-06-26,Shipped
7258,1713,Phone,2,175.72,2024-02-06,Cancelled
7259,1345,Monitor,4,346.21,2024-10-26,Completed
7260,1201,Tablet,3,819.31,2024-04-07,Pending
7261,1005,Mouse,1,1276.88,2024-09-29,Pending
7262,1409,Laptop,1,1225.57,2024-11-12,Completed
7263,1443,Laptop,3,1264.26,2024-04-04,Completed
7264,1487,Headphones,4,501.78,2024-10-04,Completed
7265,1175,Keyboard,1,1623.62,2024-10-16,Shipped
7266,1597,Headphones,4,507.71,2024-06-08,Completed
7267,1451,Laptop,4,589.1,2024-10-02,Pending
7268,1290,Mouse,2,258.8,2024-12-27,Cancelled
7269,1203,Headphones,2,1020.64,2024-06-14,Pending
7270,1621,Monitor,1,849.26,2024-02-01,Completed
7271,1816,Mouse,3,1833.37,2024-06-18,Pending
7272,1359,Laptop,3,1150.83,2024-01-08,Pending
7273,1664,Keyboard,1,1558.54,2024-12-17,Cancelled
7274,1211,Laptop,3,1613.37,2024-10-17,Shipped
7275,1633,Laptop,4,1363.54,2024-09-26,Cancelled
7276,1180,Laptop,4,267.73,2024-09-26,Pending
7277,1582,Keyboard,1,1712.96,2024-09-02,Cancelled
7278,1261,Monitor,1,531.52,2024-11-01,Shipped
7279,1810,Laptop,3,638.79,2024-09-04,Pending
7280,1216,Headphones,3,57.83,2024-03-15,Pending
7281,1907,Headphones,2,528.51,2024-04-08,Shipped
7282,1819,Mouse,4,207.14,2024-08-06,Completed
7283,1853,Mouse,1,1520.76,2024-08-05,Shipped
7284,1557,Keyboard,3,1839.52,2024-05-02,Pending
7285,1779,Laptop,4,1482.89,2024-11-08,Completed
7286,1316,Mouse,1,1505.45,2024-12-20,Completed
7287,1177,Keyboard,3,1303.61,2024-02-07,Shipped
7288,1275,Headphones,3,1822.83,2024-09-16,Shipped
7289,1396,Keyboard,2,736.43,2024-10-05,Pending
7290,1131,Monitor,1,1573.25,2024-02-04,Pending
7291,1355,Monitor,3,1979.06,2024-07-11,Pending
7292,1095,Keyboard,1,797.48,2024-05-29,Cancelled
7293,1197,Tablet,4,1060.81,2024-07-22,Cancelled
7294,1372,Phone,2,1696.45,2024-06-12,Shipped
7295,1503,Monitor,1,855.85,2024-08-05,Cancelled
7296,1816,Monitor,2,463.43,2024-12-09,Completed
7297,1801,Headphones,4,1074.91,2024-05-25,Pending
7298,1193,Tablet,3,1180.11,2024-11-28,Shipped
7299,1449,Tablet,2,570.02,2024-01-25,Pending
7300,1175,Keyboard,2,960.31,2024-09-19,Cancelled
7301,1529,Phone,4,839.54,2024-10-08,Pending
7302,1228,Mouse,1,77.5,2024-11-01,Shipped
7303,1183,Mouse,1,1667.15,2024-07-09,Pending
7304,1850,Laptop,4,1828.51,2024-01-06,Pending
7305,1008,Phone,3,296.09,2024-07-08,Pending
7306,1894,Headphones,4,1045.81,2024-02-22,Cancelled
7307,1275,Mouse,2,1022.46,2024-07-29,Shipped
7308,1696,Phone,3,1302.56,2024-02-04,Completed
7309,1001,Phone,1,794.7,2024-05-04,Cancelled
7310,1320,Tablet,3,659.48,2024-01-09,Pending
7311,1223,Mouse,1,542.2,2024-12-30,Shipped
7312,1396,Headphones,2,1292.35,2024-12-02,Shipped
7313,1393,Mouse,4,1144.01,2024-11-29,Cancelled
7314,1860,Keyboard,4,148.52,2024-06-23,Pending
7315,1836,Phone,1,932.79,2024-12-09,Pending
7316,1702,Laptop,4,1697.2,2024-06-11,Pending
7317,1452,Headphones,1,766.34,2024-08-18,Pending
7318,1226,Laptop,3,186.38,2024-12-11,Completed
7319,1863,Mouse,1,1736.82,2024-05-01,Cancelled
7320,1462,Phone,1,481.67,2024-06-27,Shipped
7321,1422,Keyboard,1,492.62,2024-09-07,Shipped
7322,1648,Keyboard,2,986.25,2024-04-17,Shipped
7323,1552,Headphones,1,1089.3,2024-05-18,Shipped
7324,1122,Mouse,2,562.98,2024-02-18,Completed
7325,1374,Laptop,1,879.31,2024-01-02,Shipped
7326,1946,Headphones,2,522.42,2024-05-11,Completed
7327,1502,Phone,1,1088.12,2024-08-21,Pending
7328,1685,Keyboard,3,930.03,2024-05-20,Pending
7329,1299,Mouse,4,740.57,2024-05-17,Shipped
7330,1454,Mouse,4,376.94,2024-04-03,Cancelled
7331,1846,Headphones,4,943.42,2024-07-15,Pending
7332,1672,Tablet,2,918.64,2024-03-14,Cancelled
7333,1770,Mouse,3,557.99,2024-12-14,Pending
7334,1513,Laptop,2,53.29,2024-08-28,Completed
7335,1006,Phone,2,1594.1,2024-11-27,Pending
7336,1285,Laptop,2,245.15,2024-05-02,Shipped
7337,1554,Keyboard,2,499.86,2024-06-20,Pending
7338,1652,Monitor,2,533.6,2024-04-06,Pending
7339,1717,Headphones,3,169.26,2024-04-07,Shipped
7340,1009,Tablet,2,1330.73,2024-07-07,Pending
7341,1223,Laptop,4,1707.15,2024-09-09,Shipped
7342,1262,Mouse,1,1400.29,2024-11-02,Completed
7343,1202,Headphones,1,551.88,2024-06-05,Completed
7344,1739,Phone,3,1673.04,2024-06-16,Shipped
7345,1498,Laptop,3,1845.13,2024-12-04,Cancelled
7346,1973,Keyboard,4,197.25,2024-05-09,Pending
7347,1007,Keyboard,4,1731.69,2024-10-10,Shipped
7348,1204,Tablet,1,1390.29,2024-08-19,Shipped
7349,1108,Tablet,1,1473.72,2024-04-22,Shipped
7350,1582,Mouse,4,665.64,2024-02-13,Completed
7351,1514,Mouse,1,1113.82,2024-07-30,Shipped
7352,1889,Phone,4,1653.07,2024-11-19,Completed
7353,1558,Laptop,2,404.37,2024-07-17,Cancelled
7354,1905,Phone,1,1659.25,2024-03-03,Completed
7355,1762,Laptop,3,1819.66,2024-11-18,Cancelled
7356,1374,Tablet,3,1084.68,2024-06-20,Pending
7357,1986,Monitor,4,794.78,2024-06-03,Pending
7358,1181,Keyboard,4,261.92,2024-05-13,Shipped
7359,1364,Headphones,4,1347.93,2024-11-13,Pending
7360,1445,Phone,3,1734.86,2024-09-01,Shipped
7361,1346,Headphones,1,1058.44,2024-08-25,Completed
7362,1019,Laptop,4,1284.83,2024-09-02,Cancelled
7363,1372,Phone,2,582.01,2024-06-11,Pending
7364,1993,Keyboard,2,822.46,2024-07-17,Completed
7365,1188,Mouse,1,867.09,2024-12-28,Shipped
7366,1028,Tablet,3,509.66,2024-02-21,Shipped
7367,1350,Tablet,3,977.09,2024-08-08,Completed
7368,1937,Phone,1,1978.13,2024-08-15,Cancelled
7369,1658,Headphones,2,750.24,2024-10-11,Cancelled
7370,1531,Phone,2,159.1,2024-12-20,Completed
7371,1039,Headphones,4,1207.16,2024-12-20,Shipped
7372,1441,Tablet,2,1445.73,2024-01-02,Completed
7373,1140,Keyboard,3,1711.64,2024-09-29,Shipped
7374,1417,Headphones,2,1764.67,2024-09-14,Cancelled
7375,1756,Keyboard,4,642.55,2024-10-19,Shipped
7376,1411,Tablet,3,659.32,2024-07-06,Cancelled
7377,1883,Tablet,4,1656.68,2024-12-06,Completed
7378,1670,Phone,1,375.14,2024-10-23,Cancelled
7379,1386,Headphones,2,1231.67,2024-04-16,Cancelled
7380,1988,Monitor,2,1925.89,2024-12-06,Completed
7381,1067,Tablet,4,1500.98,2024-06-27,Completed
7382,1411,Phone,3,1208.0,2024-10-17,Shipped
7383,1870,Tablet,1,1893.73,2024-12-05,Pending
7384,1092,Keyboard,2,626.93,2024-08-15,Pending
7385,1146,Keyboard,1,680.51,2024-07-14,Pending
7386,1644,Monitor,1,480.03,2024-08-21,Shipped
7387,1450,Tablet,2,304.74,2024-04-18,Completed
7388,1300,Mouse,2,70.58,2024-07-27,Shipped
7389,1400,Monitor,3,1331.34,2024-11-19,Pending
7390,1539,Headphones,1,1026.0,2024-07-05,Pending
7391,1226,Mouse,1,614.78,2024-03-02,Pending
7392,1552,Monitor,1,596.5,2024-03-03,Cancelled
7393,1449,Laptop,1,1036.19,2024-03-16,Cancelled
7394,1388,Keyboard,1,287.93,2024-01-04,Completed
7395,1073,Laptop,3,560.84,2024-10-16,Completed
7396,1603,Headphones,2,553.32,2024-11-05,Completed
7397,1589,Laptop,4,1749.39,2024-05-13,Pending
7398,1323,Headphones,2,1057.16,2024-03-27,Shipped
7399,1549,Laptop,3,1093.05,2024-11-26,Cancelled
7400,1633,Monitor,1,1303.12,2024-01-30,Completed
7401,1883,Headphones,1,1564.82,2024-08-05,Shipped
7402,1510,Keyboard,1,1676.22,2024-06-06,Shipped
7403,1395,Laptop,3,1204.72,2024-06-22,Pending
7404,1173,Laptop,1,599.89,2024-06-21,Pending
7405,1808,Headphones,3,891.44,2024-02-02,Shipped
7406,1253,Headphones,4,1327.8,2024-05-07,Cancelled
7407,1341,Phone,2,970.13,2024-03-23,Completed
7408,1313,Tablet,3,1807.16,2024-01-18,Completed
7409,1691,Monitor,4,406.8,2024-05-10,Shipped
7410,1601,Mouse,4,1743.07,2024-11-11,Shipped
7411,1954,Tablet,3,701.79,2024-12-08,Cancelled
7412,1011,Keyboard,4,607.59,2024-06-11,Shipped
7413,1612,Headphones,1,1561.92,2024-01-29,Cancelled
7414,1877,Laptop,2,1131.24,2024-11-08,Pending
7415,1837,Laptop,1,1518.29,2024-01-12,Completed
7416,1483,Keyboard,4,1136.22,2024-01-25,Completed
7417,1100,Mouse,3,523.42,2024-09-03,Cancelled
7418,1328,Keyboard,4,368.27,2024-10-23,Completed
7419,1600,Monitor,4,1888.38,2024-01-12,Shipped
7420,1977,Keyboard,4,1294.72,2024-04-20,Pending
7421,1278,Tablet,3,632.6,2024-06-13,Pending
7422,1280,Mouse,1,1573.53,2024-11-24,Pending
7423,1733,Laptop,1,337.64,2024-04-02,Pending
7424,1976,Headphones,4,912.33,2024-06-16,Completed
7425,1255,Monitor,4,394.18,2024-11-28,Shipped
7426,1774,Tablet,3,1788.68,2024-07-16,Completed
7427,1441,Phone,1,1184.38,2024-03-19,Shipped
7428,1748,Laptop,2,1321.24,2024-03-22,Shipped
7429,1264,Tablet,4,717.64,2024-03-25,Shipped
7430,1347,Headphones,2,1245.43,2024-12-27,Completed
7431,1508,Headphones,2,439.19,2024-12-25,Completed
7432,1504,Keyboard,4,1413.32,2024-08-20,Completed
7433,1606,Keyboard,1,358.7,2024-04-07,Pending
7434,1752,Laptop,4,83.9,2024-12-11,Pending
7435,1843,Mouse,4,521.88,2024-04-12,Shipped
7436,1577,Keyboard,3,529.1,2024-04-02,Cancelled
7437,1780,Phone,3,1606.85,2024-06-15,Pending
7438,1520,Monitor,1,1986.59,2024-10-30,Shipped
7439,1656,Monitor,3,102.14,2024-09-02,Pending
7440,1339,Laptop,3,1119.82,2024-09-28,Shipped
7441,1878,Mouse,4,1839.42,2024-08-13,Completed
7442,1382,Monitor,2,1442.11,2024-05-04,Completed
7443,1498,Tablet,4,1580.18,2024-06-21,Completed
7444,1015,Mouse,2,1923.12,2024-11-27,Pending
7445,1187,Monitor,4,352.62,2024-11-24,Completed
7446,1519,Monitor,2,1114.47,2024-04-04,Pending
7447,1802,Tablet,4,1265.31,2024-01-23,Shipped
7448,1156,Headphones,2,730.78,2024-09-21,Pending
7449,1186,Mouse,4,76.96,2024-09-03,Pending
7450,1430,Tablet,3,624.73,2024-12-11,Completed
7451,1066,Headphones,4,853.36,2024-03-25,Completed
7452,1256,Tablet,2,123.38,2024-08-30,Cancelled
7453,1035,Monitor,4,564.16,2024-07-11,Pending
7454,1683,Mouse,2,1743.8,2024-01-08,Pending
7455,1705,Mouse,3,112.71,2024-03-21,Cancelled
7456,1211,Tablet,3,1439.8,2024-06-17,Pending
7457,1255,Phone,1,1481.91,2024-03-18,Shipped
7458,1720,Keyboard,2,488.75,2024-09-30,Cancelled
7459,1400,Tablet,3,1744.57,2024-04-18,Shipped
7460,1645,Mouse,1,841.6,2024-08-08,Cancelled
7461,1458,Headphones,1,1074.74,2024-01-07,Cancelled
7462,1487,Mouse,1,1874.45,2024-02-13,Completed
7463,1742,Tablet,4,213.54,2024-02-07,Shipped
7464,1810,Headphones,2,1311.75,2024-01-22,Cancelled
7465,1317,Headphones,2,657.86,2024-07-08,Completed
7466,1726,Laptop,1,333.61,2024-04-06,Shipped
7467,1825,Keyboard,4,1266.15,2024-10-04,Completed
7468,1880,Laptop,2,812.11,2024-09-29,Completed
7469,1191,Mouse,2,1461.56,2024-09-12,Cancelled
7470,1758,Mouse,4,1314.47,2024-08-18,Pending
7471,1951,Mouse,2,605.89,2024-01-09,Shipped
7472,1049,Laptop,3,529.36,2024-05-07,Shipped
7473,1341,Laptop,3,220.04,2024-02-04,Shipped
7474,1266,Headphones,4,1600.33,2024-01-20,Cancelled
7475,1148,Monitor,4,1453.71,2024-11-20,Completed
7476,1047,Phone,4,1495.42,2024-09-30,Shipped
7477,1417,Monitor,2,1616.02,2024-09-11,Completed
7478,1946,Laptop,1,1524.3,2024-04-18,Cancelled
7479,1302,Laptop,1,406.28,2024-08-08,Cancelled
7480,1190,Mouse,4,234.56,2024-05-20,Pending
7481,1722,Tablet,3,698.75,2024-02-01,Completed
7482,1788,Mouse,3,1596.82,2024-05-11,Shipped
7483,1396,Laptop,1,174.55,2024-02-10,Completed
7484,1778,Tablet,1,604.65,2024-05-05,Pending
7485,1561,Headphones,1,1195.06,2024-11-07,Cancelled
7486,1564,Keyboard,2,527.62,2024-01-25,Completed
7487,1536,Headphones,3,1455.36,2024-05-11,Cancelled
7488,1297,Phone,4,739.99,2024-10-03,Completed
7489,1272,Keyboard,3,1261.56,2024-02-17,Shipped
7490,1513,Mouse,4,571.54,2024-10-18,Cancelled
7491,1117,Laptop,1,452.97,2024-05-13,Cancelled
7492,1745,Laptop,1,118.2,2024-04-02,Completed
7493,1777,Monitor,2,1437.99,2024-07-24,Completed
7494,1069,Tablet,1,652.46,2024-11-09,Shipped
7495,1613,Headphones,1,624.62,2024-10-17,Completed
7496,1733,Headphones,2,1308.67,2024-10-27,Completed
7497,1683,Tablet,4,1358.27,2024-09-25,Cancelled
7498,1456,Monitor,2,1428.61,2024-01-03,Cancelled
7499,1555,Laptop,4,1150.22,2024-06-04,Pending
7500,1022,Phone,2,223.7,2024-08-21,Completed
7501,1738,Monitor,4,785.32,2024-12-02,Cancelled
7502,1424,Laptop,2,753.38,2024-03-15,Pending
7503,1951,Monitor,3,883.91,2024-05-31,Pending
7504,1295,Mouse,3,1381.3,2024-01-17,Completed
7505,1944,Phone,1,197.14,2024-10-25,Cancelled
7506,1235,Laptop,2,1881.62,2024-06-05,Shipped
7507,1068,Monitor,2,1418.14,2024-11-28,Cancelled
7508,1383,Phone,2,1292.37,2024-07-27,Pending
7509,1624,Mouse,2,1763.47,2024-11-16,Cancelled
7510,1323,Headphones,3,549.89,2024-11-25,Cancelled
7511,1807,Monitor,4,1196.52,2024-10-19,Shipped
7512,1928,Mouse,2,261.85,2024-06-29,Shipped
7513,1688,Mouse,3,743.49,2024-05-07,Pending
7514,1447,Tablet,1,638.1,2024-11-17,Shipped
7515,1971,Phone,3,1741.84,2024-12-12,Cancelled
7516,1565,Mouse,2,229.36,2024-11-01,Cancelled
7517,1653,Headphones,3,722.63,2024-04-29,Pending
7518,1079,Phone,2,769.26,2024-01-01,Shipped
7519,1785,Headphones,1,1583.52,2024-05-12,Cancelled
7520,1113,Laptop,1,1833.0,2024-12-08,Shipped
7521,1506,Monitor,2,1337.38,2024-01-15,Pending
7522,1989,Tablet,4,1176.0,2024-08-05,Completed
7523,1937,Phone,4,532.27,2024-06-27,Pending
7524,1861,Monitor,1,881.86,2024-07-09,Completed
7525,1219,Phone,4,1758.86,2024-01-11,Pending
7526,1677,Mouse,2,1067.19,2024-11-28,Cancelled
7527,1541,Keyboard,1,298.82,2024-12-07,Completed
7528,1169,Monitor,4,1981.06,2024-04-17,Completed
7529,1865,Keyboard,2,1573.74,2024-01-07,Pending
7530,1921,Keyboard,3,885.18,2024-12-14,Completed
7531,1289,Monitor,2,848.77,2024-12-16,Shipped
7532,1550,Mouse,4,1551.01,2024-01-22,Shipped
7533,1207,Keyboard,4,1376.94,2024-02-02,Shipped
7534,1263,Mouse,3,1147.16,2024-02-25,Completed
7535,1148,Laptop,2,1738.5,2024-04-17,Cancelled
7536,1774,Laptop,1,604.56,2024-09-15,Shipped
7537,1210,Tablet,2,879.43,2024-05-30,Completed
7538,1902,Phone,4,109.36,2024-02-23,Shipped
7539,1382,Mouse,4,974.26,2024-03-09,Shipped
7540,1968,Mouse,4,78.12,2024-03-17,Pending
7541,1841,Mouse,1,507.37,2024-01-10,Cancelled
7542,1862,Mouse,3,1548.06,2024-08-03,Shipped
7543,1715,Keyboard,2,1109.1,2024-10-11,Pending
7544,1998,Phone,2,533.5,2024-09-26,Completed
7545,1123,Phone,3,282.66,2024-05-11,Shipped
7546,1210,Mouse,1,1907.77,2024-03-02,Completed
7547,1993,Monitor,4,1095.55,2024-04-11,Cancelled
7548,1440,Keyboard,3,1736.09,2024-12-10,Cancelled
7549,1509,Phone,3,1110.62,2024-08-13,Completed
7550,1089,Keyboard,2,76.55,2024-12-15,Completed
7551,1416,Headphones,2,675.63,2024-06-21,Pending
7552,1892,Mouse,2,437.2,2024-02-27,Pending
7553,1946,Tablet,3,616.59,2024-08-04,Pending
7554,1099,Phone,2,536.84,2024-04-17,Shipped
7555,1705,Keyboard,2,884.91,2024-02-05,Shipped
7556,1264,Monitor,2,1978.51,2024-10-07,Shipped
7557,1700,Monitor,3,191.33,2024-08-04,Cancelled
7558,1141,Monitor,4,475.07,2024-06-13,Completed
7559,1374,Laptop,4,1231.64,2024-02-01,Pending
7560,1391,Keyboard,4,1257.25,2024-03-12,Pending
7561,1291,Mouse,2,1375.82,2024-09-18,Cancelled
7562,1407,Phone,1,255.87,2024-11-23,Completed
7563,1382,Tablet,2,1639.98,2024-08-07,Pending
7564,1988,Monitor,2,1615.59,2024-08-06,Completed
7565,1376,Phone,2,219.63,2024-01-22,Completed
7566,1723,Phone,4,1570.34,2024-04-03,Pending
7567,1802,Tablet,3,281.0,2024-10-15,Shipped
7568,1320,Phone,2,319.9,2024-05-03,Cancelled
7569,1763,Monitor,1,1065.86,2024-02-02,Pending
7570,1894,Laptop,2,294.97,2024-12-30,Shipped
7571,1749,Laptop,3,1571.31,2024-04-30,Shipped
7572,1794,Headphones,3,676.72,2024-01-19,Pending
7573,1419,Laptop,4,579.83,2024-10-08,Shipped
7574,1768,Mouse,4,1522.89,2024-03-19,Completed
7575,1492,Headphones,2,929.91,2024-07-18,Completed
7576,1429,Phone,3,801.91,2024-11-03,Completed
7577,1731,Headphones,1,208.81,2024-12-10,Completed
7578,1439,Monitor,1,729.85,2024-01-19,Completed
7579,1896,Tablet,1,1278.95,2024-02-06,Cancelled
7580,1888,Headphones,2,1489.06,2024-02-28,Cancelled
7581,1718,Keyboard,1,152.03,2024-09-22,Cancelled
7582,1026,Monitor,4,1910.95,2024-12-20,Shipped
7583,1912,Monitor,3,1557.44,2024-12-18,Shipped
7584,1538,Monitor,3,516.33,2024-04-07,Cancelled
7585,1229,Keyboard,2,338.04,2024-01-27,Shipped
7586,1710,Laptop,1,104.24,2024-11-02,Completed
7587,1340,Keyboard,4,1299.82,2024-10-23,Pending
7588,1856,Headphones,2,916.22,2024-04-05,Completed
7589,1839,Mouse,4,1299.48,2024-01-13,Pending
7590,1813,Headphones,4,407.62,2024-05-17,Completed
7591,1713,Headphones,3,1702.93,2024-09-12,Pending
7592,1304,Keyboard,2,394.72,2024-08-23,Cancelled
7593,1361,Mouse,4,501.37,2024-10-23,Cancelled
7594,1976,Phone,1,1533.75,2024-03-15,Cancelled
7595,1416,Monitor,3,1588.11,2024-04-08,Cancelled
7596,1889,Keyboard,2,125.4,2024-09-30,Shipped
7597,1580,Laptop,3,643.15,2024-07-07,Completed
7598,1055,Tablet,1,950.26,2024-07-07,Cancelled
7599,1752,Laptop,2,581.14,2024-12-24,Pending
7600,1238,Laptop,3,627.11,2024-06-22,Cancelled
7601,1005,Headphones,4,233.47,2024-05-26,Completed
7602,1241,Keyboard,2,348.25,2024-12-05,Completed
7603,1311,Tablet,4,710.11,2024-07-09,Pending
7604,1961,Tablet,4,726.41,2024-12-13,Pending
7605,1063,Phone,3,279.22,2024-01-24,Shipped
7606,1852,Laptop,2,75.62,2024-09-28,Completed
7607,1487,Tablet,3,53.03,2024-02-18,Cancelled
7608,1968,Keyboard,3,1341.65,2024-01-17,Completed
7609,1207,Phone,1,1925.22,2024-10-08,Completed
7610,1158,Laptop,2,1404.83,2024-08-10,Shipped
7611,1829,Laptop,1,55.75,2024-06-10,Completed
7612,1680,Phone,4,505.14,2024-09-24,Pending
7613,1771,Mouse,2,1005.18,2024-11-08,Completed
7614,1881,Headphones,3,484.78,2024-04-14,Pending
7615,1253,Tablet,2,92.28,2024-12-24,Completed
7616,1109,Monitor,4,181.02,2024-08-02,Cancelled
7617,1847,Monitor,2,880.99,2024-04-23,Cancelled
7618,1397,Laptop,1,1113.41,2024-02-11,Cancelled
7619,1440,Headphones,1,1449.09,2024-08-18,Cancelled
7620,1671,Laptop,4,744.05,2024-04-28,Cancelled
7621,1965,Phone,1,985.27,2024-02-24,Completed
7622,1419,Laptop,4,1583.44,2024-02-15,Cancelled
7623,1375,Monitor,2,418.4,2024-11-07,Completed
7624,1605,Phone,3,253.78,2024-08-25,Pending
7625,1367,Monitor,1,773.62,2024-06-22,Pending
7626,1114,Phone,2,1664.66,2024-06-17,Shipped
7627,1101,Mouse,4,713.13,2024-03-13,Pending
7628,1313,Headphones,2,323.41,2024-07-21,Pending
7629,1335,Headphones,3,1441.79,2024-02-27,Shipped
7630,1022,Mouse,1,1952.41,2024-10-15,Completed
7631,1804,Keyboard,1,358.89,2024-09-27,Pending
7632,1420,Tablet,1,334.41,2024-09-13,Shipped
7633,1892,Mouse,3,549.07,2024-08-02,Completed
7634,1025,Laptop,2,1815.34,2024-08-03,Completed
7635,1599,Keyboard,3,427.11,2024-07-15,Cancelled
7636,1811,Headphones,3,1861.67,2024-01-13,Cancelled
7637,1434,Headphones,1,661.9,2024-12-23,Pending
7638,1521,Phone,4,1387.03,2024-01-23,Pending
7639,1397,Headphones,1,1099.24,2024-04-06,Cancelled
7640,1517,Laptop,4,979.41,2024-01-13,Completed
7641,1959,Tablet,2,813.34,2024-09-16,Shipped
7642,1070,Mouse,1,242.69,2024-01-11,Pending
7643,1226,Keyboard,1,1345.42,2024-10-03,Completed
7644,1181,Headphones,1,998.62,2024-06-07,Shipped
7645,1813,Mouse,4,1939.05,2024-08-24,Cancelled
7646,1459,Monitor,2,757.33,2024-06-24,Shipped
7647,1824,Phone,3,1097.24,2024-08-21,Shipped
7648,1117,Phone,4,1640.14,2024-09-24,Completed
7649,1600,Mouse,1,843.39,2024-05-10,Pending
7650,1466,Monitor,2,1410.86,2024-03-02,Pending
7651,1376,Laptop,4,722.99,2024-02-27,Completed
7652,1749,Laptop,4,1968.12,2024-11-01,Cancelled
7653,1783,Phone,1,829.39,2024-09-22,Completed
7654,1341,Headphones,4,565.55,2024-01-28,Cancelled
7655,1706,Headphones,1,706.39,2024-08-08,Cancelled
7656,1015,Tablet,4,1526.82,2024-05-27,Pending
7657,1394,Keyboard,1,1387.3,2024-09-17,Pending
7658,1009,Tablet,3,1162.33,2024-11-16,Cancelled
7659,1698,Tablet,3,725.28,2024-06-09,Cancelled
7660,1427,Laptop,4,974.73,2024-12-08,Shipped
7661,1626,Headphones,1,793.72,2024-01-30,Pending
7662,1500,Tablet,4,712.98,2024-12-22,Shipped
7663,1880,Phone,2,1410.63,2024-06-04,Shipped
7664,1220,Mouse,3,520.58,2024-04-01,Cancelled
7665,1517,Keyboard,4,1661.57,2024-08-16,Pending
7666,1034,Laptop,1,712.48,2024-07-21,Pending
7667,1807,Tablet,1,162.92,2024-05-11,Shipped
7668,1656,Tablet,4,482.76,2024-12-19,Completed
7669,1633,Headphones,4,1358.36,2024-02-06,Shipped
7670,1457,Phone,3,713.13,2024-09-04,Shipped
7671,1919,Keyboard,4,677.02,2024-12-13,Completed
7672,1536,Phone,2,854.38,2024-04-27,Pending
7673,1606,Headphones,3,150.02,2024-11-15,Cancelled
7674,1356,Phone,2,1207.17,2024-01-13,Pending
7675,1179,Headphones,4,696.93,2024-01-04,Cancelled
7676,1968,Laptop,3,1854.08,2024-08-12,Cancelled
7677,1275,Phone,1,920.45,2024-10-16,Completed
7678,1682,Keyboard,1,389.46,2024-05-23,Completed
7679,1430,Laptop,1,1815.32,2024-04-09,Pending
7680,1047,Laptop,2,1708.27,2024-11-02,Shipped
7681,1003,Keyboard,1,1241.96,2024-01-16,Completed
7682,1654,Phone,2,1122.18,2024-09-20,Completed
7683,1353,Tablet,3,1309.85,2024-03-05,Cancelled
7684,1631,Headphones,1,1768.05,2024-10-16,Shipped
7685,1770,Tablet,2,1314.67,2024-07-14,Pending
7686,1239,Headphones,1,1762.58,2024-10-16,Pending
7687,1855,Monitor,3,591.72,2024-02-24,Completed
7688,1755,Mouse,4,1072.02,2024-08-11,Completed
7689,1194,Mouse,2,1394.14,2024-08-24,Completed
7690,1185,Tablet,3,974.87,2024-06-10,Pending
7691,1410,Laptop,3,541.71,2024-10-22,Completed
7692,1275,Monitor,1,802.85,2024-02-10,Cancelled
7693,1927,Tablet,3,1699.72,2024-03-17,Cancelled
7694,1956,Monitor,4,1656.52,2024-08-09,Shipped
7695,1133,Keyboard,2,1480.45,2024-12-22,Completed
7696,1877,Phone,1,1707.98,2024-06-08,Cancelled
7697,1147,Headphones,2,1480.89,2024-06-06,Pending
7698,1559,Headphones,4,680.89,2024-01-17,Completed
7699,1373,Monitor,1,1897.1,2024-01-20,Completed
7700,1320,Tablet,3,323.43,2024-10-05,Completed
7701,1919,Monitor,1,1053.94,2024-07-14,Completed
7702,1384,Headphones,2,913.06,2024-05-27,Shipped
7703,1929,Tablet,4,659.28,2024-08-18,Completed
7704,1877,Mouse,3,1089.81,2024-03-24,Pending
7705,1312,Tablet,3,495.31,2024-08-03,Shipped
7706,1561,Keyboard,1,1114.71,2024-05-22,Completed
7707,1403,Laptop,1,414.03,2024-06-26,Shipped
7708,1965,Laptop,1,347.47,2024-09-19,Cancelled
7709,1410,Keyboard,1,142.58,2024-11-13,Cancelled
7710,1777,Tablet,3,1033.27,2024-03-14,Shipped
7711,1840,Keyboard,3,1156.8,2024-08-02,Shipped
7712,1386,Monitor,2,676.44,2024-07-17,Completed
7713,1498,Monitor,3,914.67,2024-08-20,Completed
7714,1953,Tablet,2,791.92,2024-11-29,Cancelled
7715,1538,Laptop,4,672.8,2024-01-27,Pending
7716,1054,Phone,4,1126.45,2024-10-23,Cancelled
7717,1285,Laptop,3,605.53,2024-09-12,Completed
7718,1912,Laptop,1,692.59,2024-08-01,Completed
7719,1311,Phone,1,730.11,2024-03-19,Pending
7720,1620,Phone,1,1183.48,2024-02-06,Completed
7721,1629,Phone,1,959.38,2024-11-16,Pending
7722,1844,Phone,1,173.01,2024-12-03,Cancelled
7723,1334,Keyboard,2,630.16,2024-02-29,Shipped
7724,1091,Laptop,2,777.09,2024-01-07,Cancelled
7725,1630,Keyboard,2,720.26,2024-09-07,Shipped
7726,1166,Headphones,3,1118.21,2024-03-23,Shipped
7727,1841,Phone,1,1024.68,2024-03-01,Cancelled
7728,1765,Monitor,1,1852.2,2024-05-13,Completed
7729,1036,Tablet,3,142.46,2024-06-13,Shipped
7730,1694,Laptop,4,1194.74,2024-03-02,Shipped
7731,1006,Tablet,1,184.62,2024-03-04,Cancelled
7732,1235,Mouse,2,832.95,2024-06-28,Completed
7733,1071,Headphones,2,1087.34,2024-04-17,Shipped
7734,1713,Phone,2,117.64,2024-01-03,Shipped
7735,1436,Keyboard,4,1158.88,2024-06-02,Shipped
7736,1887,Monitor,1,1812.41,2024-05-28,Shipped
7737,1632,Laptop,2,1641.81,2024-11-03,Shipped
7738,1446,Keyboard,3,1915.65,2024-07-12,Cancelled
7739,1631,Headphones,1,1462.16,2024-09-21,Shipped
7740,1908,Monitor,4,1232.3,2024-07-24,Pending
7741,1671,Laptop,2,1927.05,2024-09-02,Completed
7742,1695,Headphones,4,231.75,2024-05-03,Cancelled
7743,1785,Phone,4,1831.31,2024-07-16,Pending
7744,1590,Mouse,1,327.39,2024-10-23,Shipped
7745,1661,Monitor,1,1251.89,2024-12-07,Cancelled
7746,1204,Monitor,4,1279.31,2024-08-25,Pending
7747,1742,Phone,4,523.54,2024-09-30,Shipped
7748,1284,Laptop,2,1453.72,2024-04-01,Pending
7749,1027,Keyboard,3,253.34,2024-11-21,Completed
7750,1230,Laptop,3,1523.81,2024-12-22,Pending
7751,1974,Keyboard,2,988.49,2024-01-26,Shipped
7752,1658,Mouse,1,1156.8,2024-01-26,Pending
7753,1546,Tablet,4,657.71,2024-06-08,Pending
7754,1762,Keyboard,2,1595.14,2024-01-27,Pending
7755,1166,Tablet,2,1645.29,2024-07-13,Shipped
7756,1042,Tablet,1,792.96,2024-12-16,Pending
7757,1782,Tablet,3,437.96,2024-10-24,Shipped
7758,1453,Headphones,2,294.55,2024-05-13,Completed
7759,1110,Tablet,4,1129.85,2024-02-01,Pending
7760,1133,Headphones,2,483.78,2024-08-16,Completed
7761,1822,Mouse,3,1243.42,2024-10-14,Cancelled
7762,1981,Keyboard,2,1650.54,2024-01-31,Completed
7763,1190,Phone,2,1859.33,2024-01-31,Pending
7764,1122,Headphones,2,457.38,2024-05-13,Pending
7765,1473,Headphones,1,750.79,2024-07-28,Pending
7766,1459,Keyboard,3,208.26,2024-09-11,Cancelled
7767,1643,Headphones,2,389.33,2024-09-16,Shipped
7768,1157,Tablet,1,626.23,2024-06-29,Completed
7769,1195,Phone,3,165.38,2024-03-24,Cancelled
7770,1375,Monitor,2,1597.45,2024-01-27,Cancelled
7771,1655,Phone,2,1036.37,2024-03-11,Completed
7772,1782,Tablet,2,168.07,2024-10-09,Completed
7773,1967,Phone,3,1566.3,2024-02-22,Completed
7774,1305,Tablet,1,446.34,2024-06-06,Shipped
7775,1650,Tablet,4,1548.83,2024-05-04,Pending
7776,1931,Laptop,2,1123.32,2024-07-06,Shipped
7777,1284,Keyboard,3,1695.58,2024-03-21,Cancelled
7778,1460,Laptop,1,537.88,2024-05-03,Shipped
7779,1702,Tablet,3,271.62,2024-11-27,Cancelled
7780,1256,Laptop,1,1166.92,2024-03-10,Cancelled
7781,1000,Monitor,3,498.42,2024-03-14,Pending
7782,1093,Keyboard,3,850.86,2024-12-02,Cancelled
7783,1497,Laptop,2,87.19,2024-05-08,Shipped
7784,1722,Monitor,1,116.0,2024-04-03,Cancelled
7785,1196,Tablet,4,118.2,2024-04-04,Pending
7786,1407,Keyboard,4,1548.11,2024-10-03,Shipped
7787,1066,Tablet,1,1327.16,2024-02-08,Cancelled
7788,1361,Tablet,3,836.6,2024-03-15,Shipped
7789,1327,Laptop,4,430.73,2024-11-06,Completed
7790,1486,Keyboard,2,1490.88,2024-03-09,Cancelled
7791,1033,Headphones,1,966.87,2024-11-24,Completed
7792,1182,Phone,3,1550.66,2024-06-14,Cancelled
7793,1068,Headphones,2,946.49,2024-07-10,Shipped
7794,1627,Monitor,1,779.41,2024-02-06,Pending
7795,1769,Headphones,2,694.23,2024-11-18,Shipped
7796,1692,Monitor,4,950.41,2024-07-17,Shipped
7797,1941,Monitor,2,1391.58,2024-08-03,Completed
7798,1208,Monitor,1,1222.23,2024-06-15,Cancelled
7799,1291,Tablet,1,959.2,2024-06-19,Shipped
7800,1396,Phone,3,1838.76,2024-03-04,Cancelled
7801,1333,Mouse,1,1356.07,2024-09-10,Cancelled
7802,1626,Headphones,4,886.74,2024-07-15,Pending
7803,1522,Mouse,3,399.65,2024-12-04,Completed
7804,1283,Mouse,4,1222.37,2024-11-28,Completed
7805,1912,Laptop,3,809.71,2024-12-20,Pending
7806,1723,Keyboard,2,599.16,2024-06-19,Pending
7807,1104,Phone,1,483.88,2024-09-30,Completed
7808,1664,Mouse,2,1518.56,2024-05-21,Shipped
7809,1524,Laptop,1,302.91,2024-12-23,Pending
7810,1356,Keyboard,1,659.1,2024-07-02,Pending
7811,1747,Mouse,3,1894.21,2024-01-30,Cancelled
7812,1627,Keyboard,1,1911.0,2024-11-04,Pending
7813,1092,Headphones,1,833.14,2024-01-30,Shipped
7814,1114,Phone,1,1475.85,2024-07-05,Shipped
7815,1191,Laptop,1,799.24,2024-09-18,Completed
7816,1146,Keyboard,1,440.65,2024-06-15,Cancelled
7817,1497,Monitor,3,493.27,2024-08-02,Shipped
7818,1180,Tablet,1,321.7,2024-06-04,Completed
7819,1300,Laptop,2,83.13,2024-03-05,Completed
7820,1585,Keyboard,4,1658.54,2024-03-17,Pending
7821,1836,Headphones,1,1381.81,2024-11-05,Completed
7822,1887,Keyboard,4,496.06,2024-03-09,Shipped
7823,1062,Phone,4,367.18,2024-05-30,Shipped
7824,1810,Keyboard,3,1132.39,2024-07-25,Cancelled
7825,1372,Keyboard,2,308.27,2024-04-08,Cancelled
7826,1046,Mouse,4,1607.09,2024-09-20,Completed
7827,1980,Headphones,4,725.65,2024-02-26,Shipped
7828,1521,Tablet,1,113.26,2024-04-10,Completed
7829,1898,Phone,1,1877.02,2024-01-29,Cancelled
7830,1960,Mouse,1,190.71,2024-12-06,Completed
7831,1019,Monitor,1,1676.37,2024-04-29,Completed
7832,1207,Mouse,4,1782.93,2024-05-08,Shipped
7833,1653,Keyboard,3,406.63,2024-02-05,Shipped
7834,1218,Keyboard,3,1296.04,2024-09-23,Cancelled
7835,1627,Mouse,3,1861.08,2024-07-26,Shipped
7836,1621,Mouse,2,653.01,2024-04-09,Pending
7837,1030,Tablet,1,1845.66,2024-04-05,Shipped
7838,1388,Headphones,3,1518.84,2024-11-23,Pending
7839,1010,Keyboard,4,1506.53,2024-11-04,Pending
7840,1292,Mouse,1,1239.67,2024-08-30,Pending
7841,1830,Keyboard,3,1883.81,2024-01-12,Shipped
7842,1630,Phone,3,689.64,2024-09-16,Pending
7843,1737,Phone,1,1421.69,2024-01-28,Completed
7844,1257,Mouse,2,1024.55,2024-10-31,Shipped
7845,1940,Monitor,2,170.89,2024-05-16,Pending
7846,1460,Tablet,1,1947.96,2024-03-14,Completed
7847,1992,Mouse,3,191.14,2024-05-25,Completed
7848,1910,Monitor,4,668.63,2024-04-22,Pending
7849,1436,Tablet,4,1075.08,2024-09-28,Pending
7850,1016,Mouse,4,1044.16,2024-01-24,Shipped
7851,1847,Headphones,4,721.1,2024-03-18,Shipped
7852,1496,Mouse,2,366.11,2024-01-28,Cancelled
7853,1986,Keyboard,2,657.55,2024-04-19,Shipped
7854,1365,Headphones,4,481.22,2024-05-06,Pending
7855,1402,Keyboard,3,1433.35,2024-12-30,Pending
7856,1677,Mouse,2,1334.11,2024-11-30,Cancelled
7857,1084,Phone,1,1748.22,2024-01-30,Completed
7858,1839,Laptop,3,485.01,2024-07-17,Pending
7859,1358,Monitor,4,888.69,2024-12-05,Cancelled
7860,1031,Headphones,2,122.64,2024-02-13,Cancelled
7861,1988,Laptop,3,541.89,2024-10-07,Shipped
7862,1108,Headphones,4,341.18,2024-11-18,Shipped
7863,1194,Laptop,1,311.22,2024-02-16,Completed
7864,1097,Headphones,1,885.19,2024-06-07,Cancelled
7865,1437,Headphones,2,635.69,2024-05-20,Cancelled
7866,1084,Keyboard,1,982.83,2024-11-13,Pending
7867,1323,Tablet,1,1018.37,2024-11-02,Pending
7868,1375,Laptop,2,450.42,2024-07-27,Completed
7869,1665,Phone,2,1385.51,2024-10-04,Cancelled
7870,1207,Mouse,2,624.8,2024-06-30,Completed
7871,1827,Tablet,3,1363.79,2024-06-20,Cancelled
7872,1391,Phone,1,1656.46,2024-06-02,Pending
7873,1355,Phone,4,1368.51,2024-04-24,Shipped
7874,1452,Headphones,4,1349.15,2024-02-10,Pending
7875,1263,Keyboard,2,268.61,2024-08-19,Shipped
7876,1325,Monitor,2,190.27,2024-04-06,Cancelled
7877,1297,Monitor,1,506.39,2024-12-19,Pending
7878,1683,Headphones,1,616.05,2024-04-24,Shipped
7879,1480,Laptop,4,1434.71,2024-04-23,Shipped
7880,1378,Laptop,4,1857.22,2024-07-22,Cancelled
7881,1625,Tablet,3,916.71,2024-07-15,Pending
7882,1615,Monitor,4,1696.74,2024-11-17,Shipped
7883,1972,Tablet,3,543.1,2024-03-24,Completed
7884,1644,Monitor,4,1755.53,2024-07-23,Shipped
7885,1088,Mouse,3,276.57,2024-12-08,Shipped
7886,1041,Headphones,2,862.19,2024-04-05,Pending
7887,1905,Laptop,4,617.27,2024-11-12,Shipped
7888,1050,Tablet,2,998.22,2024-11-24,Completed
7889,1892,Keyboard,1,819.93,2024-10-09,Pending
7890,1586,Phone,4,981.83,2024-08-10,Cancelled
7891,1201,Keyboard,4,1872.68,2024-09-09,Pending
7892,1321,Phone,3,1186.98,2024-10-07,Completed
7893,1360,Phone,4,1227.81,2024-04-18,Shipped
7894,1136,Keyboard,4,359.61,2024-06-05,Completed
7895,1148,Headphones,2,561.69,2024-04-06,Pending
7896,1249,Tablet,2,790.61,2024-12-16,Completed
7897,1864,Tablet,3,910.81,2024-11-15,Cancelled
7898,1454,Phone,4,932.05,2024-01-27,Shipped
7899,1338,Laptop,4,262.82,2024-07-23,Pending
7900,1536,Phone,2,976.7,2024-08-12,Cancelled
7901,1007,Phone,1,572.42,2024-04-26,Pending
7902,1553,Monitor,3,1038.51,2024-09-13,Cancelled
7903,1095,Keyboard,1,1794.48,2024-01-30,Pending
7904,1339,Monitor,2,1418.8,2024-03-13,Cancelled
7905,1093,Laptop,1,811.8,2024-04-14,Shipped
7906,1390,Laptop,3,1114.19,2024-07-21,Shipped
7907,1216,Phone,4,1028.51,2024-06-27,Cancelled
7908,1057,Tablet,1,1229.72,2024-05-17,Completed
7909,1022,Headphones,3,718.74,2024-08-29,Shipped
7910,1505,Monitor,2,984.25,2024-08-12,Completed
7911,1249,Mouse,1,1871.92,2024-05-19,Completed
7912,1487,Laptop,1,624.71,2024-04-14,Cancelled
7913,1523,Keyboard,1,399.46,2024-04-24,Pending
7914,1377,Phone,4,1232.28,2024-10-15,Cancelled
7915,1436,Laptop,4,1857.6,2024-10-23,Cancelled
7916,1440,Tablet,4,1444.44,2024-03-25,Cancelled
7917,1255,Tablet,4,1962.23,2024-09-09,Cancelled
7918,1696,Monitor,2,1423.93,2024-05-11,Completed
7919,1983,Phone,4,657.99,2024-12-02,Cancelled
7920,1166,Phone,2,613.49,2024-12-21,Completed
7921,1304,Monitor,4,403.18,2024-06-26,Shipped
7922,1989,Headphones,2,522.33,2024-12-23,Cancelled
7923,1362,Mouse,3,1609.18,2024-12-28,Cancelled
7924,1599,Laptop,3,540.14,2024-11-26,Pending
7925,1862,Tablet,3,1455.73,2024-12-18,Cancelled
7926,1430,Laptop,4,1095.8,2024-04-19,Completed
7927,1732,Phone,1,1012.96,2024-11-15,Pending
7928,1435,Tablet,2,1723.22,2024-11-29,Pending
7929,1259,Mouse,4,1838.67,2024-01-24,Pending
7930,1472,Laptop,3,1157.89,2024-09-06,Completed
7931,1457,Mouse,3,1325.16,2024-02-02,Shipped
7932,1220,Laptop,4,1224.14,2024-07-07,Shipped
7933,1179,Keyboard,3,1740.08,2024-08-14,Pending
7934,1069,Phone,2,594.56,2024-10-24,Cancelled
7935,1782,Phone,3,528.0,2024-11-15,Cancelled
7936,1282,Mouse,3,992.63,2024-04-06,Cancelled
7937,1138,Monitor,3,319.97,2024-07-07,Cancelled
7938,1228,Laptop,4,736.61,2024-11-19,Pending
7939,1332,Mouse,4,865.19,2024-03-25,Pending
7940,1194,Laptop,2,294.91,2024-12-28,Shipped
7941,1580,Keyboard,1,1067.04,2024-09-25,Pending
7942,1057,Phone,1,649.61,2024-06-11,Cancelled
7943,1920,Mouse,3,610.05,2024-04-24,Pending
7944,1791,Keyboard,4,1221.05,2024-07-03,Pending
7945,1689,Tablet,1,1149.82,2024-09-18,Completed
7946,1131,Phone,2,247.4,2024-11-07,Shipped
7947,1284,Tablet,4,1018.05,2024-04-08,Pending
7948,1239,Tablet,1,1456.69,2024-04-22,Completed
7949,1975,Keyboard,1,1339.33,2024-06-17,Completed
7950,1980,Laptop,2,884.1,2024-05-31,Cancelled
7951,1818,Phone,3,434.33,2024-11-21,Completed
7952,1490,Mouse,1,266.5,2024-04-11,Cancelled
7953,1515,Monitor,4,337.41,2024-04-20,Cancelled
7954,1818,Laptop,2,1812.36,2024-05-21,Pending
7955,1082,Tablet,2,199.29,2024-12-20,Shipped
7956,1783,Keyboard,1,996.67,2024-05-17,Pending
7957,1981,Keyboard,1,1714.35,2024-12-03,Pending
7958,1568,Monitor,2,904.35,2024-04-07,Pending
7959,1504,Phone,4,744.92,2024-07-06,Completed
7960,1121,Phone,1,160.25,2024-09-29,Pending
7961,1999,Mouse,4,103.52,2024-07-01,Completed
7962,1578,Keyboard,1,408.06,2024-04-04,Completed
7963,1861,Laptop,4,1326.18,2024-01-09,Pending
7964,1103,Mouse,1,753.89,2024-08-21,Pending
7965,1309,Monitor,2,883.26,2024-07-31,Completed
7966,1744,Mouse,4,1266.04,2024-07-21,Completed
7967,1762,Keyboard,2,1835.02,2024-04-17,Cancelled
7968,1080,Monitor,1,1558.08,2024-11-29,Shipped
7969,1798,Mouse,4,1788.25,2024-08-30,Completed
7970,1300,Mouse,4,304.68,2024-04-12,Shipped
7971,1340,Laptop,3,608.01,2024-03-23,Pending
7972,1615,Mouse,2,606.81,2024-11-05,Pending
7973,1585,Headphones,4,522.19,2024-11-13,Completed
7974,1299,Tablet,2,1736.63,2024-12-17,Cancelled
7975,1756,Headphones,3,863.41,2024-07-10,Completed
7976,1865,Laptop,2,348.96,2024-09-21,Shipped
7977,1164,Tablet,2,778.42,2024-10-21,Shipped
7978,1851,Phone,4,1288.69,2024-05-04,Cancelled
7979,1025,Tablet,2,1603.77,2024-06-04,Shipped
7980,1561,Laptop,4,1556.6,2024-01-18,Shipped
7981,1559,Mouse,1,1485.44,2024-06-23,Shipped
7982,1857,Tablet,1,241.85,2024-01-27,Completed
7983,1352,Headphones,1,1226.52,2024-08-08,Cancelled
7984,1452,Headphones,3,1736.8,2024-03-05,Completed
7985,1764,Tablet,3,1107.55,2024-10-04,Completed
7986,1606,Headphones,2,1928.58,2024-05-21,Shipped
7987,1320,Mouse,3,1780.95,2024-06-24,Completed
7988,1633,Tablet,4,356.43,2024-09-05,Completed
7989,1301,Headphones,1,1420.47,2024-09-04,Shipped
7990,1600,Headphones,1,414.3,2024-06-20,Completed
7991,1844,Tablet,4,735.52,2024-08-01,Cancelled
7992,1518,Laptop,1,1805.71,2024-02-16,Shipped
7993,1020,Mouse,2,1376.9,2024-03-29,Shipped
7994,1063,Monitor,2,447.82,2024-01-28,Cancelled
7995,1588,Keyboard,4,1843.51,2024-12-23,Cancelled
7996,1536,Monitor,3,818.15,2024-03-22,Completed
7997,1977,Monitor,1,114.6,2024-10-31,Shipped
7998,1867,Tablet,1,947.41,2024-06-08,Shipped
7999,1479,Mouse,3,793.37,2024-12-18,Shipped
8000,1445,Monitor,1,1232.82,2024-11-18,Shipped
8001,1299,Headphones,3,1084.98,2024-01-18,Shipped
8002,1833,Mouse,1,1150.93,2024-05-06,Shipped
8003,1278,Phone,1,1394.46,2024-03-02,Completed
8004,1613,Laptop,2,1770.0,2024-02-14,Shipped
8005,1381,Headphones,1,1427.92,2024-04-30,Cancelled
8006,1318,Monitor,4,814.54,2024-12-27,Pending
8007,1583,Phone,1,704.43,2024-06-18,Pending
8008,1278,Tablet,2,721.01,2024-08-03,Shipped
8009,1551,Mouse,4,1279.58,2024-03-05,Cancelled
8010,1840,Phone,2,1854.41,2024-05-19,Shipped
8011,1856,Keyboard,2,270.16,2024-11-25,Pending
8012,1375,Mouse,4,1699.57,2024-09-03,Completed
8013,1384,Monitor,1,327.11,2024-10-07,Completed
8014,1705,Laptop,2,1445.2,2024-12-27,Pending
8015,1841,Monitor,3,227.28,2024-01-10,Cancelled
8016,1180,Phone,1,309.69,2024-07-21,Pending
8017,1249,Tablet,4,817.19,2024-08-04,Pending
8018,1507,Headphones,2,1837.08,2024-06-20,Shipped
8019,1847,Phone,3,631.51,2024-06-06,Shipped
8020,1253,Phone,3,1348.0,2024-02-20,Pending
8021,1331,Keyboard,1,50.79,2024-01-09,Completed
8022,1834,Mouse,4,1278.81,2024-12-07,Cancelled
8023,1021,Mouse,2,1922.08,2024-09-11,Completed
8024,1630,Phone,1,525.11,2024-03-18,Completed
8025,1907,Tablet,3,1896.09,2024-10-21,Cancelled
8026,1835,Laptop,2,338.42,2024-09-14,Shipped
8027,1548,Keyboard,1,1729.26,2024-08-26,Completed
8028,1772,Laptop,4,1183.66,2024-09-01,Pending
8029,1701,Tablet,4,821.88,2024-01-13,Cancelled
8030,1720,Phone,2,1922.0,2024-06-28,Cancelled
8031,1899,Laptop,3,1843.39,2024-11-17,Shipped
8032,1614,Headphones,3,785.23,2024-10-23,Completed
8033,1019,Keyboard,4,443.39,2024-06-05,Cancelled
8034,1987,Tablet,4,473.79,2024-04-15,Shipped
8035,1383,Phone,4,939.58,2024-09-15,Completed
8036,1048,Laptop,4,577.41,2024-09-13,Pending
8037,1334,Headphones,3,852.66,2024-05-27,Shipped
8038,1736,Monitor,2,736.85,2024-01-08,Pending
8039,1690,Headphones,4,1070.54,2024-03-31,Pending
8040,1824,Laptop,4,278.98,2024-11-01,Shipped
8041,1459,Phone,2,507.42,2024-03-14,Cancelled
8042,1758,Monitor,2,1442.12,2024-09-05,Cancelled
8043,1266,Mouse,3,633.72,2024-12-11,Cancelled
8044,1243,Headphones,1,1790.77,2024-11-20,Completed
8045,1060,Tablet,3,1390.88,2024-12-28,Cancelled
8046,1763,Tablet,4,1141.95,2024-09-03,Completed
8047,1819,Tablet,1,1583.97,2024-04-08,Completed
8048,1615,Monitor,2,704.87,2024-05-14,Completed
8049,1062,Keyboard,4,897.12,2024-09-05,Cancelled
8050,1908,Laptop,3,1771.43,2024-05-29,Shipped
8051,1085,Keyboard,4,1083.6,2024-10-04,Pending
8052,1641,Laptop,4,164.92,2024-07-29,Pending
8053,1963,Tablet,1,366.24,2024-03-23,Shipped
8054,1973,Keyboard,4,652.1,2024-10-14,Completed
8055,1173,Tablet,4,1918.16,2024-05-22,Shipped
8056,1940,Phone,1,1028.38,2024-04-19,Shipped
8057,1992,Monitor,4,1751.67,2024-08-03,Completed
8058,1842,Monitor,4,1250.97,2024-08-16,Completed
8059,1495,Keyboard,2,906.68,2024-09-23,Pending
8060,1027,Monitor,4,555.99,2024-01-13,Shipped
8061,1061,Laptop,1,954.93,2024-12-06,Completed
8062,1449,Headphones,4,1981.05,2024-12-06,Cancelled
8063,1825,Keyboard,1,1592.72,2024-12-28,Completed
8064,1629,Phone,1,671.29,2024-06-22,Pending
8065,1661,Laptop,3,1044.4,2024-05-16,Cancelled
8066,1410,Headphones,3,1211.17,2024-03-20,Completed
8067,1893,Tablet,1,1913.48,2024-09-19,Completed
8068,1021,Laptop,1,1358.0,2024-05-16,Completed
8069,1223,Laptop,2,1921.73,2024-09-22,Cancelled
8070,1046,Laptop,2,106.86,2024-06-28,Shipped
8071,1867,Monitor,2,1180.56,2024-02-25,Pending
8072,1156,Headphones,1,475.74,2024-09-29,Pending
8073,1305,Keyboard,2,472.29,2024-01-21,Completed
8074,1975,Laptop,2,1936.02,2024-12-26,Pending
8075,1449,Tablet,4,212.6,2024-02-11,Cancelled
8076,1254,Tablet,1,139.66,2024-10-17,Completed
8077,1959,Tablet,3,468.32,2024-04-27,Cancelled
8078,1914,Phone,1,321.5,2024-02-08,Pending
8079,1402,Keyboard,3,525.18,2024-03-18,Shipped
8080,1160,Monitor,4,419.71,2024-08-12,Completed
8081,1723,Monitor,4,302.92,2024-01-12,Shipped
8082,1497,Headphones,2,1441.03,2024-09-13,Cancelled
8083,1522,Tablet,3,1490.76,2024-01-09,Shipped
8084,1269,Laptop,3,1213.41,2024-02-05,Cancelled
8085,1519,Phone,2,1440.1,2024-12-30,Completed
8086,1188,Keyboard,3,1414.67,2024-12-18,Shipped
8087,1168,Keyboard,1,1455.04,2024-09-28,Pending
8088,1273,Tablet,4,1156.96,2024-05-03,Shipped
8089,1523,Keyboard,1,1231.3,2024-07-28,Pending
8090,1843,Phone,1,915.88,2024-09-24,Pending
8091,1124,Laptop,2,619.37,2024-10-25,Shipped
8092,1847,Headphones,2,1875.92,2024-10-11,Completed
8093,1237,Laptop,1,1214.54,2024-03-31,Completed
8094,1027,Monitor,4,397.82,2024-12-13,Shipped
8095,1450,Headphones,3,1848.57,2024-04-04,Completed
8096,1352,Phone,1,1995.74,2024-06-10,Cancelled
8097,1237,Tablet,4,243.8,2024-12-18,Pending
8098,1730,Tablet,1,994.6,2024-01-03,Shipped
8099,1486,Tablet,2,677.15,2024-04-24,Pending
8100,1409,Laptop,2,1310.16,2024-06-09,Shipped
8101,1205,Keyboard,3,1659.64,2024-03-24,Pending
8102,1839,Laptop,1,1525.48,2024-09-20,Completed
8103,1092,Mouse,4,1208.47,2024-06-15,Pending
8104,1805,Tablet,2,1075.11,2024-05-12,Pending
8105,1498,Keyboard,4,841.56,2024-04-11,Shipped
8106,1471,Laptop,1,1450.99,2024-12-09,Pending
8107,1233,Keyboard,4,1823.88,2024-04-15,Cancelled
8108,1390,Headphones,1,433.0,2024-12-03,Pending
8109,1504,Keyboard,2,436.89,2024-04-16,Cancelled
8110,1466,Keyboard,1,1896.34,2024-10-27,Completed
8111,1966,Tablet,2,1607.83,2024-09-30,Shipped
8112,1284,Mouse,2,839.75,2024-02-10,Completed
8113,1493,Keyboard,3,1595.7,2024-07-26,Shipped
8114,1489,Monitor,1,1151.41,2024-11-02,Shipped
8115,1709,Keyboard,3,1124.01,2024-05-14,Cancelled
8116,1103,Phone,3,1423.01,2024-09-20,Completed
8117,1220,Monitor,2,1718.82,2024-06-14,Shipped
8118,1112,Monitor,2,1268.21,2024-11-09,Cancelled
8119,1637,Laptop,3,1992.44,2024-03-20,Shipped
8120,1623,Phone,2,1982.94,2024-04-07,Pending
8121,1623,Keyboard,1,1486.53,2024-03-08,Cancelled
8122,1495,Phone,1,287.76,2024-05-06,Completed
8123,1807,Tablet,2,1005.18,2024-05-25,Cancelled
8124,1126,Laptop,3,1833.63,2024-09-14,Shipped
8125,1916,Laptop,3,1895.53,2024-07-14,Pending
8126,1449,Laptop,1,1535.97,2024-09-28,Completed
8127,1745,Phone,3,964.63,2024-01-15,Cancelled
8128,1961,Laptop,3,290.93,2024-02-02,Pending
8129,1142,Phone,3,222.03,2024-07-01,Pending
8130,1043,Phone,2,1418.9,2024-11-03,Completed
8131,1087,Phone,4,1110.36,2024-03-21,Pending
8132,1745,Tablet,1,541.21,2024-05-12,Completed
8133,1308,Keyboard,3,745.57,2024-07-10,Pending
8134,1629,Tablet,1,78.11,2024-03-01,Completed
8135,1891,Phone,2,1843.32,2024-11-05,Pending
8136,1256,Tablet,2,295.91,2024-02-13,Cancelled
8137,1864,Laptop,3,1561.92,2024-04-26,Cancelled
8138,1861,Tablet,4,677.01,2024-09-29,Pending
8139,1993,Phone,3,737.17,2024-04-11,Pending
8140,1623,Monitor,1,1153.43,2024-09-26,Shipped
8141,1091,Tablet,1,832.76,2024-09-16,Shipped
8142,1287,Laptop,1,804.05,2024-08-20,Pending
8143,1023,Headphones,3,1782.18,2024-01-31,Pending
8144,1502,Headphones,4,1155.78,2024-03-24,Shipped
8145,1838,Monitor,4,327.82,2024-02-20,Pending
8146,1725,Tablet,2,291.23,2024-02-22,Pending
8147,1896,Tablet,4,1624.15,2024-09-10,Pending
8148,1649,Phone,1,285.28,2024-08-03,Pending
8149,1035,Phone,3,1612.87,2024-05-29,Completed
8150,1082,Phone,2,513.07,2024-11-04,Cancelled
8151,1876,Phone,2,670.99,2024-04-07,Shipped
8152,1228,Keyboard,3,635.73,2024-10-19,Pending
8153,1883,Mouse,1,419.84,2024-08-08,Cancelled
8154,1660,Tablet,3,934.01,2024-07-10,Completed
8155,1576,Phone,4,1107.07,2024-04-15,Shipped
8156,1497,Laptop,1,1280.03,2024-03-07,Cancelled
8157,1535,Mouse,3,801.08,2024-12-26,Completed
8158,1742,Tablet,2,1255.13,2024-08-15,Pending
8159,1590,Laptop,3,778.58,2024-12-22,Cancelled
8160,1582,Monitor,2,184.26,2024-10-05,Shipped
8161,1577,Tablet,1,143.54,2024-03-16,Shipped
8162,1920,Phone,4,1079.44,2024-06-07,Shipped
8163,1828,Tablet,4,523.63,2024-04-01,Completed
8164,1938,Monitor,2,1612.2,2024-09-12,Shipped
8165,1999,Phone,3,794.11,2024-05-14,Shipped
8166,1135,Tablet,3,1007.86,2024-01-04,Pending
8167,1786,Headphones,4,1130.15,2024-12-02,Completed
8168,1920,Phone,3,1485.42,2024-02-14,Pending
8169,1087,Tablet,1,260.79,2024-03-18,Cancelled
8170,1080,Laptop,1,1928.43,2024-10-07,Completed
8171,1641,Mouse,3,1137.14,2024-01-06,Pending
8172,1631,Tablet,2,522.96,2024-12-05,Shipped
8173,1205,Monitor,1,818.36,2024-02-26,Pending
8174,1825,Phone,4,1720.75,2024-07-30,Completed
8175,1962,Phone,3,1683.92,2024-05-01,Shipped
8176,1295,Keyboard,1,388.07,2024-10-15,Cancelled
8177,1540,Tablet,1,780.27,2024-05-23,Completed
8178,1060,Mouse,3,176.88,2024-08-14,Cancelled
8179,1710,Phone,3,723.06,2024-10-09,Completed
8180,1776,Phone,3,71.87,2024-11-05,Shipped
8181,1423,Phone,2,1485.54,2024-07-09,Pending
8182,1139,Monitor,1,541.29,2024-09-28,Pending
8183,1666,Headphones,3,684.8,2024-03-25,Cancelled
8184,1612,Mouse,4,718.28,2024-06-10,Completed
8185,1564,Phone,4,881.0,2024-11-06,Shipped
8186,1754,Mouse,4,1872.19,2024-05-20,Shipped
8187,1131,Keyboard,1,899.0,2024-01-08,Shipped
8188,1838,Keyboard,2,468.45,2024-02-05,Completed
8189,1141,Tablet,3,1257.5,2024-02-19,Pending
8190,1456,Monitor,3,586.38,2024-09-13,Completed
8191,1599,Headphones,3,1912.57,2024-07-29,Shipped
8192,1683,Mouse,1,1765.76,2024-04-20,Pending
8193,1193,Monitor,1,1827.33,2024-08-31,Shipped
8194,1728,Keyboard,4,1230.23,2024-09-16,Completed
8195,1001,Headphones,2,1970.55,2024-12-19,Pending
8196,1051,Laptop,4,666.55,2024-09-19,Shipped
8197,1782,Keyboard,4,334.05,2024-07-01,Pending
8198,1371,Monitor,2,364.02,2024-02-13,Completed
8199,1174,Keyboard,2,842.03,2024-04-12,Completed
8200,1235,Headphones,1,1409.83,2024-03-04,Shipped
8201,1997,Tablet,4,1090.17,2024-05-07,Shipped
8202,1640,Mouse,3,352.27,2024-07-23,Shipped
8203,1664,Phone,1,1102.94,2024-09-16,Pending
8204,1426,Phone,2,1625.97,2024-06-15,Shipped
8205,1514,Mouse,4,100.8,2024-01-21,Cancelled
8206,1735,Phone,4,596.89,2024-08-10,Pending
8207,1369,Headphones,1,68.91,2024-11-25,Cancelled
8208,1310,Tablet,4,610.89,2024-02-06,Shipped
8209,1435,Headphones,4,1772.41,2024-10-14,Shipped
8210,1380,Keyboard,4,1990.7,2024-10-10,Shipped
8211,1715,Laptop,1,1319.79,2024-08-04,Pending
8212,1078,Laptop,1,1847.96,2024-03-24,Cancelled
8213,1597,Mouse,1,53.17,2024-10-28,Pending
8214,1821,Laptop,4,366.19,2024-03-12,Pending
8215,1462,Laptop,4,436.14,2024-12-28,Pending
8216,1145,Monitor,2,927.83,2024-04-05,Shipped
8217,1204,Headphones,1,968.64,2024-01-21,Shipped
8218,1785,Laptop,4,121.29,2024-04-11,Cancelled
8219,1022,Phone,1,1317.29,2024-04-03,Completed
8220,1797,Headphones,4,723.65,2024-05-17,Cancelled
8221,1238,Headphones,2,128.78,2024-09-11,Pending
8222,1711,Tablet,4,1010.31,2024-11-28,Completed
8223,1048,Laptop,2,1839.22,2024-08-07,Pending
8224,1737,Keyboard,4,799.67,2024-02-24,Shipped
8225,1554,Monitor,3,1616.11,2024-01-07,Shipped
8226,1793,Keyboard,4,1677.16,2024-07-25,Completed
8227,1284,Headphones,3,1745.95,2024-07-25,Cancelled
8228,1654,Mouse,4,704.94,2024-10-04,Completed
8229,1425,Keyboard,1,850.41,2024-09-18,Completed
8230,1517,Laptop,2,1266.59,2024-03-19,Shipped
8231,1607,Keyboard,3,153.99,2024-04-08,Shipped
8232,1681,Mouse,3,657.89,2024-10-13,Completed
8233,1617,Mouse,4,1006.54,2024-08-02,Pending
8234,1216,Mouse,4,1894.77,2024-10-10,Completed
8235,1762,Phone,1,1927.37,2024-04-16,Shipped
8236,1649,Mouse,1,1753.75,2024-09-21,Cancelled
8237,1271,Mouse,3,1134.27,2024-10-18,Completed
8238,1229,Tablet,4,1672.1,2024-01-04,Shipped
8239,1162,Headphones,4,1428.4,2024-04-23,Cancelled
8240,1460,Headphones,2,804.08,2024-07-27,Pending
8241,1470,Headphones,4,1484.43,2024-08-03,Pending
8242,1137,Mouse,1,1675.98,2024-09-23,Cancelled
8243,1933,Laptop,2,506.29,2024-04-08,Pending
8244,1813,Headphones,4,269.82,2024-06-25,Shipped
8245,1845,Laptop,2,1941.61,2024-08-03,Pending
8246,1650,Keyboard,4,343.15,2024-06-18,Completed
8247,1540,Headphones,2,1851.69,2024-12-14,Pending
8248,1292,Tablet,4,1898.72,2024-07-25,Completed
8249,1911,Phone,4,219.44,2024-05-08,Completed
8250,1393,Mouse,3,1458.82,2024-05-02,Shipped
8251,1247,Tablet,3,234.16,2024-04-29,Pending
8252,1281,Mouse,3,1486.44,2024-11-05,Shipped
8253,1125,Mouse,1,1797.3,2024-08-09,Cancelled
8254,1399,Phone,2,1422.93,2024-03-18,Completed
8255,1899,Phone,3,999.02,2024-02-20,Completed
8256,1195,Mouse,1,1087.9,2024-09-26,Shipped
8257,1281,Keyboard,1,1540.9,2024-04-02,Completed
8258,1427,Headphones,4,845.15,2024-12-01,Shipped
8259,1409,Laptop,2,1142.18,2024-10-10,Cancelled
8260,1943,Keyboard,4,585.38,2024-01-05,Cancelled
8261,1597,Monitor,4,411.96,2024-09-11,Completed
8262,1562,Keyboard,1,560.76,2024-06-29,Pending
8263,1805,Keyboard,1,580.45,2024-03-01,Pending
8264,1980,Headphones,2,1100.32,2024-08-17,Shipped
8265,1223,Phone,3,1371.97,2024-04-04,Pending
8266,1028,Laptop,4,1608.62,2024-01-09,Pending
8267,1118,Headphones,1,448.18,2024-12-15,Pending
8268,1610,Headphones,4,1215.41,2024-10-13,Pending
8269,1307,Keyboard,2,530.81,2024-02-17,Shipped
8270,1727,Headphones,2,617.92,2024-12-26,Completed
8271,1014,Headphones,4,200.51,2024-06-28,Shipped
8272,1944,Tablet,2,1543.65,2024-10-08,Pending
8273,1531,Monitor,1,1995.48,2024-03-15,Completed
8274,1485,Phone,1,183.19,2024-06-20,Shipped
8275,1541,Laptop,3,208.35,2024-02-12,Cancelled
8276,1886,Monitor,4,102.35,2024-12-14,Pending
8277,1814,Tablet,4,1359.49,2024-05-19,Shipped
8278,1261,Keyboard,3,591.46,2024-03-13,Pending
8279,1313,Keyboard,1,1763.94,2024-06-21,Completed
8280,1519,Monitor,4,974.43,2024-04-09,Shipped
8281,1581,Mouse,4,439.99,2024-12-10,Completed
8282,1386,Phone,1,237.28,2024-02-15,Cancelled
8283,1758,Phone,4,904.5,2024-01-13,Completed
8284,1221,Keyboard,3,927.93,2024-04-07,Pending
8285,1635,Headphones,4,591.53,2024-11-03,Cancelled
8286,1550,Keyboard,2,1459.91,2024-12-15,Pending
8287,1365,Headphones,3,172.42,2024-10-17,Pending
8288,1026,Phone,2,230.29,2024-09-09,Pending
8289,1443,Tablet,2,798.97,2024-05-20,Pending
8290,1027,Tablet,3,87.04,2024-01-25,Cancelled
8291,1443,Tablet,3,744.98,2024-06-18,Pending
8292,1360,Keyboard,4,918.07,2024-02-10,Pending
8293,1066,Keyboard,1,1499.76,2024-12-12,Pending
8294,1566,Tablet,3,1400.54,2024-08-26,Completed
8295,1267,Phone,3,254.8,2024-04-09,Shipped
8296,1615,Tablet,2,1218.44,2024-05-26,Completed
8297,1060,Headphones,4,452.63,2024-09-09,Shipped
8298,1854,Phone,4,1559.62,2024-01-10,Shipped
8299,1346,Monitor,2,1428.5,2024-09-07,Pending
8300,1501,Keyboard,4,1610.15,2024-07-11,Shipped
8301,1601,Headphones,1,1315.45,2024-02-15,Pending
8302,1329,Laptop,3,1014.44,2024-04-10,Cancelled
8303,1922,Mouse,4,943.02,2024-05-04,Pending
8304,1517,Phone,1,1079.51,2024-08-08,Completed
8305,1670,Laptop,3,915.88,2024-06-06,Completed
8306,1970,Phone,4,1616.11,2024-12-07,Cancelled
8307,1986,Monitor,4,1997.3,2024-10-30,Shipped
8308,1748,Tablet,4,1564.31,2024-09-19,Completed
8309,1154,Laptop,2,1899.26,2024-02-10,Cancelled
8310,1681,Tablet,2,1013.66,2024-01-10,Pending
8311,1242,Tablet,2,1686.25,2024-10-13,Cancelled
8312,1765,Keyboard,3,1563.92,2024-09-15,Cancelled
8313,1366,Phone,1,1194.01,2024-10-06,Cancelled
8314,1855,Tablet,1,1915.54,2024-06-15,Cancelled
8315,1835,Headphones,4,128.79,2024-06-24,Completed
8316,1789,Headphones,2,285.92,2024-02-19,Shipped
8317,1147,Headphones,1,1987.23,2024-10-09,Pending
8318,1463,Monitor,1,1058.02,2024-04-19,Pending
8319,1172,Mouse,4,1945.69,2024-09-21,Cancelled
8320,1638,Mouse,4,1668.9,2024-06-16,Completed
8321,1072,Phone,2,1892.17,2024-12-10,Pending
8322,1161,Mouse,1,1447.43,2024-01-19,Pending
8323,1541,Monitor,4,1766.68,2024-04-17,Completed
8324,1425,Laptop,4,900.92,2024-12-23,Cancelled
8325,1081,Monitor,2,193.92,2024-06-22,Cancelled
8326,1031,Monitor,4,1726.91,2024-10-03,Completed
8327,1045,Phone,1,1221.72,2024-05-20,Shipped
8328,1810,Monitor,1,791.89,2024-01-04,Cancelled
8329,1060,Phone,3,143.45,2024-01-13,Pending
8330,1474,Monitor,1,534.13,2024-10-27,Completed
8331,1313,Monitor,3,805.2,2024-04-16,Completed
8332,1053,Mouse,2,1844.47,2024-07-03,Cancelled
8333,1384,Keyboard,4,775.45,2024-04-13,Cancelled
8334,1971,Tablet,3,112.22,2024-08-15,Shipped
8335,1069,Monitor,3,1779.25,2024-11-16,Shipped
8336,1493,Keyboard,1,1232.72,2024-08-19,Shipped
8337,1962,Headphones,4,1500.44,2024-11-22,Pending
8338,1701,Tablet,3,1591.03,2024-04-16,Shipped
8339,1661,Mouse,1,659.33,2024-12-15,Completed
8340,1815,Laptop,4,1104.14,2024-01-20,Shipped
8341,1564,Tablet,2,682.0,2024-02-05,Shipped
8342,1034,Keyboard,3,1952.25,2024-10-17,Pending
8343,1789,Laptop,4,352.01,2024-06-16,Shipped
8344,1052,Phone,3,403.33,2024-07-18,Cancelled
8345,1185,Tablet,1,1105.26,2024-10-06,Pending
8346,1252,Mouse,3,956.96,2024-07-30,Cancelled
8347,1421,Phone,1,523.52,2024-01-07,Shipped
8348,1785,Laptop,1,1785.89,2024-06-19,Completed
8349,1665,Phone,1,1950.06,2024-12-30,Cancelled
8350,1682,Tablet,3,554.95,2024-08-19,Shipped
8351,1632,Keyboard,4,1840.84,2024-11-14,Completed
8352,1734,Mouse,2,1142.73,2024-04-16,Pending
8353,1316,Laptop,1,1635.18,2024-05-11,Shipped
8354,1086,Monitor,2,1139.94,2024-06-28,Pending
8355,1532,Monitor,4,1304.97,2024-06-21,Pending
8356,1941,Headphones,2,476.82,2024-12-25,Completed
8357,1323,Mouse,1,1785.33,2024-10-16,Shipped
8358,1848,Mouse,3,1284.99,2024-01-17,Pending
8359,1419,Phone,1,1785.01,2024-02-01,Pending
8360,1525,Phone,1,89.31,2024-04-25,Pending
8361,1294,Mouse,4,466.5,2024-08-01,Completed
8362,1216,Tablet,1,598.92,2024-08-29,Completed
8363,1641,Phone,4,843.07,2024-08-10,Completed
8364,1083,Phone,4,1995.8,2024-05-16,Shipped
8365,1040,Headphones,1,649.27,2024-10-20,Pending
8366,1748,Keyboard,3,1078.89,2024-09-08,Completed
8367,1273,Mouse,1,301.84,2024-01-10,Shipped
8368,1125,Laptop,4,1971.15,2024-07-30,Shipped
8369,1129,Monitor,2,318.61,2024-11-09,Cancelled
8370,1360,Tablet,3,612.17,2024-06-23,Pending
8371,1270,Tablet,4,964.35,2024-01-10,Pending
8372,1905,Monitor,1,657.64,2024-03-22,Cancelled
8373,1699,Phone,2,768.04,2024-02-01,Completed
8374,1577,Monitor,4,1356.9,2024-07-01,Cancelled
8375,1057,Keyboard,3,1003.33,2024-06-28,Cancelled
8376,1172,Mouse,4,1637.91,2024-11-13,Completed
8377,1160,Headphones,2,1688.34,2024-11-11,Completed
8378,1374,Laptop,3,1877.7,2024-07-10,Completed
8379,1436,Keyboard,1,1327.06,2024-11-10,Completed
8380,1420,Headphones,1,118.7,2024-02-01,Shipped
8381,1338,Phone,3,602.45,2024-04-27,Completed
8382,1886,Keyboard,4,1856.53,2024-02-04,Pending
8383,1821,Monitor,1,976.07,2024-09-06,Cancelled
8384,1971,Laptop,4,840.8,2024-03-27,Shipped
8385,1565,Keyboard,3,1863.51,2024-11-24,Cancelled
8386,1587,Laptop,1,781.18,2024-04-16,Pending
8387,1793,Mouse,4,1400.71,2024-07-14,Cancelled
8388,1245,Mouse,4,258.69,2024-07-20,Completed
8389,1550,Monitor,3,953.85,2024-10-15,Completed
8390,1020,Headphones,2,666.43,2024-09-10,Cancelled
8391,1534,Tablet,3,480.93,2024-05-18,Completed
8392,1864,Mouse,1,1372.57,2024-04-14,Completed
8393,1783,Mouse,2,127.16,2024-01-16,Completed
8394,1872,Laptop,1,962.86,2024-05-25,Completed
8395,1037,Laptop,2,1931.83,2024-10-01,Cancelled
8396,1458,Phone,1,1041.96,2024-07-08,Completed
8397,1555,Phone,2,1214.02,2024-11-12,Shipped
8398,1587,Laptop,4,56.98,2024-10-24,Cancelled
8399,1691,Phone,1,1168.07,2024-09-24,Completed
8400,1865,Laptop,2,1817.58,2024-09-10,Pending
8401,1910,Laptop,4,531.53,2024-01-18,Completed
8402,1223,Phone,3,1487.7,2024-04-19,Completed
8403,1863,Keyboard,1,1594.78,2024-07-25,Shipped
8404,1028,Monitor,2,1192.56,2024-09-14,Cancelled
8405,1837,Mouse,3,1180.16,2024-12-23,Pending
8406,1891,Headphones,2,937.88,2024-03-06,Cancelled
8407,1003,Keyboard,4,108.77,2024-09-22,Shipped
8408,1221,Keyboard,4,1429.87,2024-11-28,Shipped
8409,1597,Monitor,4,67.73,2024-03-29,Shipped
8410,1868,Headphones,4,813.87,2024-04-04,Shipped
8411,1250,Keyboard,4,56.04,2024-05-08,Cancelled
8412,1661,Headphones,3,303.13,2024-08-29,Shipped
8413,1296,Mouse,3,1267.01,2024-02-18,Cancelled
8414,1622,Headphones,4,1238.53,2024-09-06,Completed
8415,1705,Monitor,4,711.14,2024-07-17,Shipped
8416,1461,Tablet,2,1536.38,2024-03-11,Completed
8417,1957,Headphones,2,1007.64,2024-09-10,Completed
8418,1772,Laptop,2,593.04,2024-06-24,Pending
8419,1049,Phone,3,1501.87,2024-07-02,Completed
8420,1358,Laptop,4,1609.91,2024-08-09,Completed
8421,1379,Phone,1,1133.17,2024-02-28,Cancelled
8422,1069,Mouse,2,466.33,2024-03-22,Shipped
8423,1994,Mouse,1,980.76,2024-08-26,Shipped
8424,1598,Tablet,3,679.99,2024-04-21,Pending
8425,1847,Keyboard,4,1446.45,2024-01-13,Completed
8426,1820,Tablet,4,847.63,2024-11-27,Shipped
8427,1402,Monitor,2,163.91,2024-01-22,Cancelled
8428,1738,Tablet,2,683.23,2024-12-25,Cancelled
8429,1017,Keyboard,4,1908.92,2024-10-21,Cancelled
8430,1895,Mouse,3,1881.81,2024-05-02,Cancelled
8431,1274,Laptop,3,1952.8,2024-10-28,Shipped
8432,1352,Monitor,3,863.19,2024-01-11,Cancelled
8433,1847,Keyboard,4,1267.45,2024-10-18,Pending
8434,1140,Monitor,1,891.51,2024-03-25,Cancelled
8435,1080,Monitor,3,996.36,2024-09-23,Pending
8436,1063,Tablet,3,1391.0,2024-02-22,Pending
8437,1906,Tablet,4,1440.15,2024-05-31,Cancelled
8438,1978,Monitor,3,1764.18,2024-03-15,Cancelled
8439,1859,Laptop,2,1684.17,2024-03-21,Shipped
8440,1315,Keyboard,3,1544.47,2024-11-10,Pending
8441,1970,Keyboard,4,1091.3,2024-01-15,Completed
8442,1701,Keyboard,3,57.43,2024-05-14,Completed
8443,1487,Tablet,2,1655.92,2024-03-15,Cancelled
8444,1568,Monitor,3,298.08,2024-02-10,Pending
8445,1252,Phone,4,1230.17,2024-04-18,Completed
8446,1254,Keyboard,2,576.04,2024-08-08,Shipped
8447,1356,Keyboard,4,1229.29,2024-01-31,Completed
8448,1506,Keyboard,1,1089.93,2024-01-23,Pending
8449,1337,Monitor,1,514.56,2024-02-14,Completed
8450,1402,Monitor,3,1377.38,2024-09-06,Pending
8451,1010,Mouse,2,1175.69,2024-01-25,Pending
8452,1673,Monitor,4,875.93,2024-01-01,Pending
8453,1030,Laptop,1,1688.36,2024-01-20,Shipped
8454,1965,Laptop,2,1452.92,2024-11-22,Shipped
8455,1093,Tablet,1,1929.97,2024-10-15,Shipped
8456,1596,Tablet,2,313.31,2024-11-24,Shipped
8457,1746,Headphones,3,1994.48,2024-12-16,Shipped
8458,1293,Mouse,3,938.79,2024-09-23,Shipped
8459,1770,Keyboard,1,1975.63,2024-04-20,Shipped
8460,1213,Mouse,4,1967.82,2024-12-23,Pending
8461,1634,Keyboard,4,1407.28,2024-02-02,Shipped
8462,1361,Mouse,3,990.47,2024-11-19,Completed
8463,1824,Tablet,2,1008.16,2024-10-04,Cancelled
8464,1211,Tablet,1,1821.17,2024-01-03,Shipped
8465,1934,Headphones,1,936.44,2024-10-09,Shipped
8466,1496,Headphones,4,84.34,2024-05-13,Completed
8467,1735,Laptop,2,1586.64,2024-07-08,Completed
8468,1221,Laptop,1,1032.12,2024-10-14,Cancelled
8469,1193,Phone,1,1800.5,2024-11-04,Shipped
8470,1482,Mouse,1,1810.26,2024-08-11,Cancelled
8471,1245,Monitor,3,1619.13,2024-08-19,Cancelled
8472,1453,Monitor,1,1803.33,2024-09-02,Shipped
8473,1054,Headphones,2,1966.19,2024-09-15,Shipped
8474,1685,Tablet,4,497.97,2024-03-29,Completed
8475,1207,Mouse,3,542.57,2024-12-24,Cancelled
8476,1156,Tablet,4,740.47,2024-04-11,Cancelled
8477,1091,Monitor,4,156.85,2024-06-24,Pending
8478,1817,Tablet,2,394.45,2024-08-15,Pending
8479,1654,Monitor,2,344.08,2024-05-02,Pending
8480,1880,Tablet,3,518.04,2024-01-10,Completed
8481,1708,Keyboard,1,1590.29,2024-11-21,Completed
8482,1611,Mouse,2,347.04,2024-02-08,Shipped
8483,1023,Tablet,2,1430.57,2024-11-28,Pending
8484,1141,Mouse,4,1584.05,2024-05-13,Cancelled
8485,1307,Phone,3,172.07,2024-05-25,Pending
8486,1979,Laptop,1,643.86,2024-07-16,Completed
8487,1760,Tablet,2,468.92,2024-04-15,Cancelled
8488,1461,Laptop,2,595.53,2024-12-14,Cancelled
8489,1634,Tablet,3,1200.99,2024-03-23,Cancelled
8490,1218,Laptop,1,1590.93,2024-06-17,Shipped
8491,1177,Tablet,2,446.16,2024-03-15,Pending
8492,1531,Mouse,4,118.45,2024-03-03,Cancelled
8493,1288,Tablet,1,1032.82,2024-09-25,Cancelled
8494,1264,Phone,3,658.8,2024-05-20,Completed
8495,1712,Mouse,2,951.83,2024-04-15,Shipped
8496,1376,Keyboard,1,1550.46,2024-12-09,Shipped
8497,1948,Phone,1,1418.51,2024-06-16,Shipped
8498,1879,Phone,4,303.48,2024-11-06,Cancelled
8499,1081,Tablet,2,1542.02,2024-06-28,Completed
8500,1069,Laptop,1,664.26,2024-06-16,Cancelled
8501,1707,Headphones,3,368.26,2024-05-30,Cancelled
8502,1957,Phone,1,1131.7,2024-04-19,Pending
8503,1225,Laptop,1,1234.42,2024-10-11,Shipped
8504,1104,Mouse,3,1116.07,2024-03-03,Shipped
8505,1005,Laptop,2,1626.27,2024-03-03,Cancelled
8506,1830,Tablet,1,1855.22,2024-10-13,Cancelled
8507,1094,Keyboard,3,635.28,2024-03-01,Cancelled
8508,1554,Tablet,1,309.56,2024-02-20,Cancelled
8509,1885,Headphones,3,647.47,2024-08-06,Pending
8510,1298,Phone,1,98.98,2024-02-28,Cancelled
8511,1388,Mouse,2,769.95,2024-12-14,Pending
8512,1517,Headphones,1,1327.27,2024-02-11,Completed
8513,1016,Keyboard,3,1701.29,2024-08-19,Cancelled
8514,1094,Phone,3,146.8,2024-09-27,Pending
8515,1214,Monitor,1,858.37,2024-09-22,Cancelled
8516,1160,Headphones,4,1308.55,2024-02-02,Cancelled
8517,1810,Laptop,2,774.32,2024-12-22,Completed
8518,1161,Mouse,3,346.52,2024-07-08,Shipped
8519,1076,Mouse,3,1838.83,2024-01-05,Shipped
8520,1654,Monitor,3,1321.04,2024-10-27,Cancelled
8521,1966,Tablet,1,1802.82,2024-02-27,Pending
8522,1520,Tablet,1,1793.07,2024-12-29,Cancelled
8523,1082,Monitor,1,1218.23,2024-09-09,Shipped
8524,1146,Laptop,4,236.97,2024-05-22,Completed
8525,1445,Mouse,2,913.78,2024-06-01,Completed
8526,1458,Phone,2,1643.02,2024-12-10,Pending
8527,1460,Headphones,1,1403.9,2024-07-18,Pending
8528,1237,Monitor,4,551.56,2024-08-15,Pending
8529,1947,Headphones,4,1546.27,2024-07-18,Completed
8530,1271,Mouse,2,794.43,2024-10-17,Pending
8531,1413,Tablet,2,1757.45,2024-09-15,Pending
8532,1173,Laptop,3,1066.02,2024-01-06,Pending
8533,1202,Laptop,1,301.16,2024-08-08,Cancelled
8534,1617,Monitor,1,667.04,2024-02-22,Completed
8535,1530,Keyboard,4,1403.09,2024-10-30,Cancelled
8536,1654,Monitor,2,375.86,2024-10-27,Cancelled
8537,1022,Mouse,3,1889.3,2024-02-13,Shipped
8538,1485,Tablet,1,942.02,2024-02-04,Shipped
8539,1978,Monitor,1,718.93,2024-10-20,Shipped
8540,1748,Phone,2,738.04,2024-09-12,Completed
8541,1711,Tablet,2,367.07,2024-05-05,Shipped
8542,1028,Headphones,4,1140.83,2024-07-24,Pending
8543,1033,Headphones,4,1951.03,2024-03-11,Pending
8544,1550,Tablet,1,106.05,2024-09-03,Cancelled
8545,1387,Laptop,4,1547.13,2024-08-05,Shipped
8546,1092,Phone,3,911.13,2024-05-17,Completed
8547,1111,Mouse,3,810.82,2024-03-01,Completed
8548,1921,Tablet,1,1416.69,2024-06-23,Shipped
8549,1947,Monitor,4,335.52,2024-11-24,Completed
8550,1088,Tablet,1,1121.04,2024-07-20,Completed
8551,1375,Mouse,2,1816.41,2024-02-10,Shipped
8552,1060,Monitor,4,1442.68,2024-02-26,Pending
8553,1027,Headphones,4,1431.46,2024-07-17,Shipped
8554,1518,Monitor,1,1276.06,2024-05-23,Pending
8555,1653,Phone,2,1476.15,2024-06-26,Pending
8556,1327,Tablet,3,1199.73,2024-02-27,Completed
8557,1345,Tablet,2,1662.9,2024-11-18,Cancelled
8558,1552,Keyboard,1,940.26,2024-11-30,Pending
8559,1088,Mouse,4,335.61,2024-02-04,Completed
8560,1799,Keyboard,4,1028.63,2024-07-28,Cancelled
8561,1643,Tablet,1,565.98,2024-08-03,Completed
8562,1467,Keyboard,4,762.45,2024-04-06,Pending
8563,1642,Monitor,1,1251.45,2024-05-31,Completed
8564,1042,Phone,2,1159.92,2024-04-03,Completed
8565,1751,Laptop,2,1461.32,2024-09-22,Completed
8566,1475,Phone,4,1254.28,2024-11-26,Cancelled
8567,1725,Tablet,1,959.1,2024-08-04,Shipped
8568,1516,Mouse,2,984.47,2024-05-26,Shipped
8569,1432,Headphones,1,848.64,2024-10-22,Shipped
8570,1010,Tablet,1,1898.67,2024-08-23,Shipped
8571,1504,Monitor,1,1744.59,2024-06-19,Completed
8572,1725,Phone,2,550.93,2024-05-22,Cancelled
8573,1128,Laptop,4,1436.63,2024-03-29,Pending
8574,1088,Laptop,4,1888.67,2024-04-18,Completed
8575,1459,Keyboard,1,1005.93,2024-07-03,Pending
8576,1340,Tablet,4,1480.46,2024-01-10,Pending
8577,1783,Keyboard,3,1346.23,2024-10-04,Cancelled
8578,1540,Phone,4,1008.63,2024-03-08,Completed
8579,1171,Monitor,1,1590.8,2024-08-27,Cancelled
8580,1431,Monitor,4,1062.76,2024-06-06,Shipped
8581,1291,Laptop,2,1398.86,2024-08-21,Shipped
8582,1088,Mouse,4,407.0,2024-09-30,Cancelled
8583,1025,Headphones,4,58.26,2024-07-15,Completed
8584,1693,Laptop,4,515.69,2024-07-24,Shipped
8585,1650,Headphones,3,320.3,2024-05-28,Pending
8586,1656,Tablet,1,430.63,2024-01-20,Completed
8587,1672,Monitor,2,668.05,2024-02-20,Pending
8588,1225,Headphones,2,1193.11,2024-02-23,Completed
8589,1431,Headphones,3,551.86,2024-07-24,Completed
8590,1502,Keyboard,1,1783.4,2024-03-06,Pending
8591,1825,Headphones,4,329.03,2024-05-27,Pending
8592,1661,Phone,4,715.77,2024-07-12,Cancelled
8593,1167,Monitor,2,1410.76,2024-04-21,Shipped
8594,1830,Monitor,1,1581.61,2024-10-31,Completed
8595,1318,Monitor,2,221.75,2024-09-23,Completed
8596,1969,Laptop,2,1928.23,2024-11-01,Pending
8597,1485,Headphones,1,1445.82,2024-07-13,Shipped
8598,1833,Phone,3,1858.98,2024-08-04,Shipped
8599,1983,Phone,1,1111.41,2024-03-26,Pending
8600,1789,Headphones,3,1299.93,2024-03-04,Completed
8601,1685,Laptop,4,678.26,2024-03-08,Shipped
8602,1825,Phone,1,1904.31,2024-03-12,Completed
8603,1532,Phone,4,1943.04,2024-10-27,Shipped
8604,1706,Monitor,4,1034.64,2024-10-18,Shipped
8605,1769,Headphones,1,1897.35,2024-06-21,Completed
8606,1873,Tablet,1,314.07,2024-10-09,Pending
8607,1241,Tablet,3,1080.74,2024-08-22,Cancelled
8608,1534,Headphones,1,817.15,2024-07-01,Completed
8609,1359,Monitor,1,1007.56,2024-06-26,Shipped
8610,1162,Phone,1,118.63,2024-04-26,Pending
8611,1282,Monitor,1,1236.25,2024-04-16,Completed
8612,1932,Tablet,2,1961.35,2024-03-02,Completed
8613,1451,Mouse,1,1940.08,2024-08-12,Completed
8614,1810,Headphones,1,948.71,2024-12-23,Completed
8615,1353,Tablet,4,83.67,2024-04-02,Pending
8616,1853,Mouse,4,1676.0,2024-04-05,Cancelled
8617,1175,Mouse,1,1377.55,2024-09-11,Pending
8618,1672,Headphones,2,913.2,2024-01-28,Cancelled
8619,1948,Monitor,1,1196.45,2024-06-09,Completed
8620,1407,Tablet,1,178.46,2024-10-12,Completed
8621,1559,Headphones,4,1995.76,2024-01-11,Completed
8622,1637,Laptop,4,1424.45,2024-09-07,Shipped
8623,1020,Phone,4,1586.23,2024-01-11,Cancelled
8624,1945,Headphones,4,548.35,2024-12-22,Completed
8625,1957,Phone,3,122.24,2024-12-03,Cancelled
8626,1329,Keyboard,3,1288.33,2024-02-29,Shipped
8627,1875,Phone,2,1338.19,2024-05-23,Shipped
8628,1643,Laptop,2,372.89,2024-01-04,Completed
8629,1517,Monitor,3,211.56,2024-02-04,Completed
8630,1500,Mouse,2,969.94,2024-03-19,Completed
8631,1887,Phone,2,320.16,2024-04-01,Completed
8632,1707,Phone,3,1605.77,2024-03-25,Pending
8633,1936,Tablet,2,1509.97,2024-06-20,Cancelled
8634,1005,Monitor,4,390.34,2024-08-30,Cancelled
8635,1981,Laptop,3,1417.5,2024-07-15,Cancelled
8636,1578,Phone,2,851.31,2024-06-15,Completed
8637,1039,Headphones,2,1554.24,2024-10-14,Shipped
8638,1692,Monitor,4,1292.76,2024-03-18,Shipped
8639,1540,Phone,3,489.65,2024-02-03,Completed
8640,1086,Laptop,4,645.67,2024-04-05,Shipped
8641,1982,Laptop,4,708.1,2024-02-18,Pending
8642,1354,Phone,4,505.1,2024-01-15,Completed
8643,1924,Laptop,3,177.16,2024-05-07,Completed
8644,1748,Monitor,2,1162.2,2024-03-07,Shipped
8645,1853,Phone,4,600.36,2024-10-07,Pending
8646,1749,Monitor,4,1899.72,2024-08-13,Completed
8647,1733,Keyboard,4,569.05,2024-10-13,Cancelled
8648,1705,Tablet,1,449.75,2024-08-02,Cancelled
8649,1489,Monitor,2,1714.61,2024-10-30,Completed
8650,1130,Phone,2,601.22,2024-11-16,Pending
8651,1983,Monitor,1,147.31,2024-12-06,Cancelled
8652,1983,Headphones,1,128.68,2024-04-30,Pending
8653,1483,Monitor,2,96.62,2024-03-28,Completed
8654,1074,Tablet,3,1225.15,2024-09-20,Pending
8655,1709,Tablet,4,170.0,2024-11-19,Shipped
8656,1678,Tablet,1,1279.02,2024-11-11,Pending
8657,1052,Monitor,1,622.1,2024-12-07,Cancelled
8658,1299,Headphones,2,502.23,2024-04-15,Shipped
8659,1822,Mouse,2,91.84,2024-07-24,Pending
8660,1677,Tablet,2,1279.8,2024-10-26,Completed
8661,1742,Headphones,4,1968.53,2024-04-04,Completed
8662,1798,Keyboard,2,1285.02,2024-11-26,Completed
8663,1866,Laptop,4,793.04,2024-11-26,Cancelled
8664,1772,Monitor,4,1779.59,2024-09-04,Shipped
8665,1608,Monitor,1,1359.22,2024-05-01,Pending
8666,1943,Laptop,3,1854.22,2024-04-15,Cancelled
8667,1513,Keyboard,3,1213.29,2024-01-15,Cancelled
8668,1846,Tablet,2,139.72,2024-03-12,Pending
8669,1166,Keyboard,3,1245.1,2024-11-27,Completed
8670,1075,Tablet,4,821.19,2024-06-13,Pending
8671,1313,Laptop,3,1279.74,2024-04-13,Cancelled
8672,1511,Monitor,4,979.06,2024-08-18,Cancelled
8673,1541,Laptop,3,314.24,2024-03-14,Completed
8674,1341,Tablet,2,76.18,2024-10-04,Pending
8675,1372,Phone,1,1800.88,2024-03-11,Completed
8676,1361,Phone,1,760.33,2024-05-28,Pending
8677,1991,Keyboard,4,1535.86,2024-06-23,Pending
8678,1235,Tablet,4,1197.17,2024-10-28,Shipped
8679,1808,Monitor,4,251.32,2024-06-25,Shipped
8680,1396,Monitor,2,1433.4,2024-10-16,Shipped
8681,1780,Laptop,4,1040.06,2024-01-15,Pending
8682,1742,Keyboard,2,1302.98,2024-07-30,Shipped
8683,1896,Keyboard,3,444.15,2024-03-22,Shipped
8684,1267,Phone,1,582.62,2024-07-26,Completed
8685,1371,Phone,4,905.57,2024-03-03,Pending
8686,1056,Mouse,4,229.84,2024-10-18,Completed
8687,1186,Laptop,3,1254.59,2024-06-04,Pending
8688,1818,Keyboard,3,1995.13,2024-07-26,Shipped
8689,1225,Monitor,4,563.54,2024-06-08,Completed
8690,1634,Keyboard,3,802.49,2024-12-07,Completed
8691,1167,Monitor,2,1776.57,2024-06-27,Completed
8692,1488,Keyboard,1,159.08,2024-07-17,Pending
8693,1349,Headphones,1,1432.98,2024-09-14,Cancelled
8694,1311,Monitor,3,1036.9,2024-02-25,Completed
8695,1077,Phone,2,1800.55,2024-05-10,Shipped
8696,1149,Tablet,1,476.17,2024-01-20,Completed
8697,1168,Laptop,3,1423.45,2024-07-01,Completed
8698,1550,Laptop,4,1725.38,2024-06-26,Cancelled
8699,1855,Mouse,1,323.61,2024-09-16,Completed
8700,1866,Keyboard,2,742.93,2024-09-27,Pending
8701,1347,Phone,1,510.6,2024-04-18,Completed
8702,1712,Laptop,1,695.52,2024-05-25,Completed
8703,1712,Keyboard,2,1138.04,2024-11-18,Pending
8704,1863,Laptop,3,680.59,2024-12-18,Shipped
8705,1636,Mouse,3,230.74,2024-11-27,Shipped
8706,1783,Tablet,2,586.19,2024-10-03,Pending
8707,1527,Tablet,4,1342.57,2024-03-08,Completed
8708,1170,Mouse,2,1236.4,2024-09-12,Pending
8709,1950,Keyboard,4,1452.47,2024-08-10,Completed
8710,1356,Keyboard,3,303.58,2024-03-01,Completed
8711,1713,Tablet,3,1537.97,2024-12-26,Completed
8712,1369,Headphones,2,64.36,2024-02-28,Shipped
8713,1188,Headphones,1,598.85,2024-08-14,Pending
8714,1944,Monitor,3,1328.48,2024-04-06,Cancelled
8715,1734,Mouse,4,1822.46,2024-02-24,Shipped
8716,1892,Monitor,1,1583.02,2024-11-25,Pending
8717,1855,Tablet,1,1671.76,2024-03-02,Completed
8718,1614,Phone,3,801.89,2024-12-11,Completed
8719,1522,Keyboard,1,189.7,2024-01-13,Shipped
8720,1959,Headphones,2,1526.81,2024-02-25,Pending
8721,1742,Monitor,3,901.79,2024-09-03,Cancelled
8722,1556,Laptop,4,717.56,2024-10-19,Shipped
8723,1440,Laptop,1,1030.71,2024-06-19,Cancelled
8724,1855,Keyboard,4,1958.01,2024-12-13,Cancelled
8725,1702,Headphones,4,1156.66,2024-06-04,Cancelled
8726,1539,Monitor,2,1280.1,2024-03-17,Shipped
8727,1453,Phone,3,118.47,2024-02-20,Completed
8728,1981,Headphones,4,1177.47,2024-01-22,Cancelled
8729,1085,Mouse,4,1051.07,2024-10-13,Shipped
8730,1712,Monitor,3,1594.55,2024-07-09,Completed
8731,1932,Keyboard,4,1325.52,2024-03-08,Shipped
8732,1662,Mouse,3,484.12,2024-03-18,Shipped
8733,1976,Tablet,3,1911.96,2024-05-19,Cancelled
8734,1405,Laptop,3,1240.84,2024-08-15,Completed
8735,1085,Mouse,2,1172.92,2024-07-09,Shipped
8736,1934,Headphones,2,420.87,2024-10-19,Completed
8737,1826,Mouse,1,1530.91,2024-09-04,Pending
8738,1332,Headphones,3,755.71,2024-07-17,Pending
8739,1241,Phone,4,892.73,2024-02-11,Completed
8740,1718,Tablet,3,932.47,2024-08-20,Completed
8741,1428,Headphones,1,1450.03,2024-03-03,Completed
8742,1885,Tablet,2,103.24,2024-05-21,Shipped
8743,1489,Phone,4,1861.83,2024-09-28,Pending
8744,1530,Phone,4,666.7,2024-10-01,Pending
8745,1654,Monitor,4,1762.22,2024-04-04,Shipped
8746,1990,Monitor,1,1198.99,2024-10-26,Cancelled
8747,1649,Monitor,1,585.27,2024-06-14,Cancelled
8748,1446,Monitor,3,1876.19,2024-05-22,Shipped
8749,1465,Headphones,1,338.37,2024-04-16,Cancelled
8750,1287,Laptop,1,389.14,2024-02-19,Pending
8751,1675,Tablet,2,548.64,2024-09-13,Shipped
8752,1225,Keyboard,4,1708.3,2024-12-03,Completed
8753,1903,Phone,4,1245.35,2024-05-14,Shipped
8754,1837,Laptop,2,590.4,2024-10-31,Cancelled
8755,1988,Keyboard,1,1511.84,2024-06-27,Pending
8756,1056,Laptop,2,1481.64,2024-09-15,Pending
8757,1019,Laptop,2,649.92,2024-11-08,Pending
8758,1350,Monitor,2,1289.33,2024-12-22,Completed
8759,1353,Mouse,1,1422.8,2024-05-23,Completed
8760,1775,Mouse,3,205.01,2024-09-23,Pending
8761,1123,Keyboard,2,168.91,2024-10-06,Cancelled
8762,1561,Monitor,4,1685.15,2024-10-27,Shipped
8763,1860,Phone,3,1764.54,2024-02-05,Pending
8764,1141,Keyboard,4,928.17,2024-11-24,Pending
8765,1121,Tablet,1,1788.66,2024-05-12,Cancelled
8766,1425,Tablet,1,1095.34,2024-04-10,Shipped
8767,1661,Keyboard,3,1180.31,2024-11-26,Shipped
8768,1052,Tablet,2,1372.2,2024-05-29,Cancelled
8769,1980,Laptop,4,509.76,2024-09-12,Shipped
8770,1213,Headphones,3,185.36,2024-08-28,Shipped
8771,1678,Tablet,3,1927.25,2024-09-09,Pending
8772,1485,Phone,1,1761.24,2024-01-27,Completed
8773,1726,Monitor,3,582.02,2024-10-06,Completed
8774,1627,Phone,4,869.43,2024-01-12,Shipped
8775,1976,Keyboard,1,158.18,2024-04-25,Pending
8776,1341,Mouse,4,1041.63,2024-12-06,Completed
8777,1324,Tablet,1,741.41,2024-11-18,Completed
8778,1285,Monitor,4,1570.58,2024-12-26,Shipped
8779,1563,Headphones,2,1758.6,2024-12-28,Shipped
8780,1854,Keyboard,2,804.37,2024-12-16,Pending
8781,1966,Monitor,3,261.56,2024-11-27,Pending
8782,1731,Keyboard,1,333.77,2024-01-28,Pending
8783,1749,Tablet,2,503.49,2024-02-10,Shipped
8784,1524,Headphones,3,795.12,2024-06-20,Cancelled
8785,1592,Laptop,2,191.52,2024-01-31,Pending
8786,1726,Monitor,3,624.02,2024-01-30,Shipped
8787,1203,Laptop,3,496.76,2024-11-25,Pending
8788,1613,Tablet,2,1791.78,2024-07-02,Shipped
8789,1737,Laptop,3,115.37,2024-12-10,Pending
8790,1452,Tablet,1,1890.72,2024-02-07,Completed
8791,1178,Monitor,4,938.54,2024-02-03,Shipped
8792,1719,Monitor,3,1489.08,2024-03-02,Completed
8793,1742,Phone,3,875.79,2024-02-20,Cancelled
8794,1672,Mouse,1,1670.3,2024-12-29,Pending
8795,1741,Mouse,2,822.63,2024-11-04,Completed
8796,1254,Monitor,1,1393.28,2024-08-22,Shipped
8797,1132,Keyboard,1,154.04,2024-05-17,Cancelled
8798,1954,Headphones,1,1227.71,2024-04-05,Completed
8799,1418,Mouse,3,1198.83,2024-12-12,Cancelled
8800,1287,Laptop,4,888.77,2024-01-27,Shipped
8801,1597,Tablet,1,1183.16,2024-10-12,Cancelled
8802,1331,Keyboard,3,1643.15,2024-08-09,Cancelled
8803,1358,Monitor,1,463.8,2024-09-18,Cancelled
8804,1880,Laptop,3,1915.52,2024-02-01,Pending
8805,1068,Headphones,1,1977.79,2024-04-15,Shipped
8806,1130,Monitor,4,1043.0,2024-10-10,Pending
8807,1817,Mouse,2,77.58,2024-05-19,Cancelled
8808,1702,Headphones,3,938.46,2024-05-24,Pending
8809,1561,Keyboard,2,1710.94,2024-10-30,Shipped
8810,1217,Headphones,1,403.73,2024-08-19,Cancelled
8811,1086,Keyboard,3,741.87,2024-03-24,Pending
8812,1145,Tablet,4,1198.21,2024-04-25,Completed
8813,1988,Laptop,3,1313.15,2024-10-19,Pending
8814,1544,Keyboard,1,1267.32,2024-05-18,Completed
8815,1386,Headphones,3,347.48,2024-09-02,Cancelled
8816,1284,Mouse,3,1140.4,2024-04-04,Shipped
8817,1266,Keyboard,3,740.62,2024-11-14,Cancelled
8818,1604,Keyboard,4,1399.71,2024-03-19,Completed
8819,1386,Laptop,4,1378.18,2024-02-13,Pending
8820,1272,Monitor,3,1865.12,2024-04-19,Completed
8821,1093,Monitor,3,689.5,2024-01-02,Cancelled
8822,1603,Laptop,2,50.89,2024-05-18,Shipped
8823,1794,Keyboard,3,1978.86,2024-11-30,Cancelled
8824,1207,Headphones,1,119.0,2024-01-03,Shipped
8825,1756,Monitor,3,221.99,2024-07-04,Pending
8826,1150,Keyboard,3,1522.45,2024-02-16,Shipped
8827,1499,Tablet,3,508.08,2024-11-05,Shipped
8828,1833,Phone,1,921.86,2024-08-24,Completed
8829,1854,Mouse,4,1538.08,2024-09-10,Cancelled
8830,1483,Laptop,4,1058.05,2024-07-18,Completed
8831,1661,Tablet,4,1876.98,2024-09-04,Completed
8832,1784,Headphones,4,1811.25,2024-07-03,Cancelled
8833,1842,Phone,1,1971.73,2024-06-10,Completed
8834,1444,Phone,2,536.21,2024-10-12,Shipped
8835,1129,Mouse,3,1390.36,2024-03-23,Shipped
8836,1645,Keyboard,1,1786.15,2024-02-12,Pending
8837,1621,Phone,1,662.44,2024-08-08,Shipped
8838,1292,Keyboard,3,1415.15,2024-05-11,Completed
8839,1801,Keyboard,3,1096.9,2024-06-27,Completed
8840,1888,Monitor,3,1728.63,2024-03-30,Cancelled
8841,1255,Phone,4,1819.27,2024-07-30,Pending
8842,1954,Keyboard,2,752.96,2024-01-25,Shipped
8843,1262,Monitor,4,1989.94,2024-11-17,Shipped
8844,1483,Laptop,1,750.01,2024-02-21,Pending
8845,1477,Keyboard,2,785.34,2024-02-09,Pending
8846,1940,Tablet,4,1968.79,2024-07-18,Shipped
8847,1720,Phone,1,917.65,2024-04-15,Shipped
8848,1199,Headphones,3,1901.03,2024-01-03,Cancelled
8849,1527,Phone,2,1400.74,2024-05-05,Pending
8850,1284,Laptop,2,1456.45,2024-09-27,Pending
8851,1386,Headphones,3,1939.96,2024-09-13,Pending
8852,1553,Keyboard,3,1210.83,2024-02-25,Completed
8853,1725,Tablet,4,165.39,2024-07-10,Completed
8854,1380,Phone,3,1945.41,2024-07-24,Shipped
8855,1717,Laptop,1,1224.45,2024-12-21,Cancelled
8856,1919,Laptop,1,1325.32,2024-02-06,Shipped
8857,1078,Monitor,4,1693.51,2024-10-19,Pending
8858,1143,Laptop,4,704.15,2024-03-10,Shipped
8859,1969,Monitor,4,164.2,2024-07-12,Pending
8860,1239,Tablet,3,1583.1,2024-05-10,Completed
8861,1341,Monitor,1,1480.6,2024-06-15,Completed
8862,1293,Tablet,4,684.01,2024-03-24,Pending
8863,1489,Mouse,2,289.41,2024-09-02,Pending
8864,1945,Laptop,4,576.66,2024-05-12,Completed
8865,1349,Monitor,2,109.21,2024-05-21,Completed
8866,1607,Phone,4,772.7,2024-12-02,Shipped
8867,1898,Keyboard,1,576.88,2024-09-27,Completed
8868,1975,Phone,2,895.77,2024-08-14,Completed
8869,1197,Phone,4,423.14,2024-02-29,Completed
8870,1321,Headphones,1,382.91,2024-06-04,Completed
8871,1773,Keyboard,1,421.3,2024-09-12,Pending
8872,1667,Mouse,3,1576.45,2024-10-25,Shipped
8873,1727,Laptop,4,1647.13,2024-04-12,Pending
8874,1036,Keyboard,2,1413.69,2024-03-15,Shipped
8875,1572,Laptop,1,1041.46,2024-03-27,Pending
8876,1328,Keyboard,1,1907.87,2024-01-26,Cancelled
8877,1231,Phone,3,1975.5,2024-03-27,Shipped
8878,1163,Tablet,4,997.25,2024-09-24,Shipped
8879,1985,Keyboard,2,1819.87,2024-01-13,Completed
8880,1917,Laptop,3,1209.22,2024-09-23,Shipped
8881,1568,Laptop,1,915.87,2024-03-25,Shipped
8882,1833,Monitor,1,63.89,2024-11-27,Pending
8883,1333,Tablet,3,1448.65,2024-03-14,Shipped
8884,1318,Monitor,2,1050.58,2024-11-28,Pending
8885,1080,Headphones,3,1950.08,2024-03-10,Shipped
8886,1309,Headphones,3,988.01,2024-11-05,Cancelled
8887,1539,Monitor,4,414.79,2024-05-04,Shipped
8888,1503,Keyboard,2,1289.48,2024-05-03,Pending
8889,1223,Keyboard,1,831.05,2024-07-26,Shipped
8890,1630,Monitor,2,1325.43,2024-12-22,Shipped
8891,1404,Headphones,4,1463.44,2024-01-17,Cancelled
8892,1221,Keyboard,4,767.74,2024-04-16,Cancelled
8893,1861,Laptop,1,1905.01,2024-01-22,Shipped
8894,1239,Laptop,3,1719.71,2024-09-15,Pending
8895,1878,Headphones,4,257.98,2024-05-17,Completed
8896,1962,Monitor,3,563.59,2024-06-09,Cancelled
8897,1022,Monitor,1,915.07,2024-07-22,Shipped
8898,1874,Monitor,4,233.07,2024-07-17,Completed
8899,1942,Monitor,1,1337.15,2024-04-27,Shipped
8900,1723,Phone,3,903.37,2024-09-06,Cancelled
8901,1619,Keyboard,2,1645.89,2024-07-10,Shipped
8902,1677,Headphones,4,1978.08,2024-06-15,Shipped
8903,1237,Headphones,3,809.17,2024-02-11,Cancelled
8904,1341,Tablet,1,1715.23,2024-05-13,Cancelled
8905,1656,Laptop,1,965.48,2024-10-11,Shipped
8906,1255,Keyboard,4,1184.35,2024-12-15,Completed
8907,1523,Tablet,1,1628.27,2024-04-19,Cancelled
8908,1293,Monitor,4,119.52,2024-10-09,Pending
8909,1727,Monitor,4,1367.34,2024-11-22,Cancelled
8910,1874,Keyboard,4,725.1,2024-01-18,Pending
8911,1827,Phone,3,1712.42,2024-11-05,Completed
8912,1651,Headphones,4,814.89,2024-04-12,Shipped
8913,1633,Keyboard,4,966.32,2024-04-19,Completed
8914,1245,Tablet,2,176.5,2024-03-24,Shipped
8915,1707,Headphones,4,1728.09,2024-08-18,Shipped
8916,1799,Monitor,4,698.24,2024-04-17,Cancelled
8917,1584,Tablet,1,1130.7,2024-10-15,Pending
8918,1482,Mouse,1,1714.05,2024-10-31,Completed
8919,1249,Tablet,1,1997.88,2024-01-16,Shipped
8920,1281,Monitor,1,846.25,2024-05-21,Pending
8921,1115,Tablet,4,1555.69,2024-03-19,Pending
8922,1852,Monitor,3,128.63,2024-02-19,Cancelled
8923,1719,Headphones,1,847.26,2024-07-13,Cancelled
8924,1509,Laptop,2,1768.29,2024-12-26,Cancelled
8925,1460,Tablet,1,1967.84,2024-04-06,Pending
8926,1331,Phone,1,1925.38,2024-07-18,Shipped
8927,1847,Laptop,1,543.22,2024-04-02,Completed
8928,1989,Phone,1,604.58,2024-10-19,Cancelled
8929,1421,Keyboard,1,412.02,2024-10-31,Completed
8930,1930,Headphones,3,1339.32,2024-03-17,Shipped
8931,1800,Mouse,2,1390.28,2024-10-03,Completed
8932,1308,Tablet,3,749.82,2024-12-27,Pending
8933,1717,Keyboard,3,1137.41,2024-03-29,Cancelled
8934,1611,Phone,3,123.9,2024-01-26,Shipped
8935,1959,Headphones,1,1738.45,2024-05-20,Completed
8936,1496,Laptop,1,1694.5,2024-12-04,Pending
8937,1454,Headphones,3,694.24,2024-05-29,Pending
8938,1405,Keyboard,2,1653.37,2024-01-14,Shipped
8939,1332,Mouse,3,1878.54,2024-11-27,Completed
8940,1222,Phone,2,656.06,2024-07-25,Shipped
8941,1598,Mouse,4,707.48,2024-02-09,Pending
8942,1631,Phone,1,546.7,2024-02-12,Shipped
8943,1706,Laptop,3,967.1,2024-02-16,Pending
8944,1247,Laptop,3,1747.88,2024-11-27,Cancelled
8945,1922,Tablet,3,57.89,2024-04-27,Completed
8946,1740,Tablet,3,1221.96,2024-04-15,Pending
8947,1032,Mouse,1,1495.72,2024-12-22,Completed
8948,1398,Phone,3,1534.71,2024-03-15,Completed
8949,1998,Tablet,2,355.3,2024-04-15,Shipped
8950,1436,Monitor,3,550.85,2024-12-29,Completed
8951,1839,Headphones,3,440.23,2024-07-05,Pending
8952,1934,Laptop,2,174.77,2024-07-08,Cancelled
8953,1325,Tablet,3,1545.03,2024-06-03,Shipped
8954,1176,Keyboard,1,611.84,2024-06-15,Pending
8955,1829,Tablet,4,1716.31,2024-02-23,Cancelled
8956,1755,Tablet,4,863.84,2024-01-26,Shipped
8957,1409,Monitor,2,1239.56,2024-07-12,Pending
8958,1256,Phone,4,1024.63,2024-08-24,Pending
8959,1873,Phone,3,1572.88,2024-09-18,Cancelled
8960,1552,Mouse,3,459.86,2024-12-12,Cancelled
8961,1595,Laptop,1,71.11,2024-01-21,Completed
8962,1682,Laptop,1,960.6,2024-05-18,Shipped
8963,1377,Mouse,3,132.92,2024-12-08,Completed
8964,1155,Headphones,3,909.0,2024-07-26,Shipped
8965,1946,Monitor,1,1145.87,2024-03-28,Cancelled
8966,1773,Tablet,4,785.46,2024-02-10,Cancelled
8967,1662,Phone,4,978.83,2024-11-23,Cancelled
8968,1598,Keyboard,1,1601.68,2024-11-12,Completed
8969,1082,Keyboard,3,1362.04,2024-08-08,Shipped
8970,1373,Headphones,4,353.5,2024-06-07,Shipped
8971,1946,Keyboard,3,1399.33,2024-08-10,Cancelled
8972,1606,Keyboard,2,404.21,2024-04-16,Shipped
8973,1932,Laptop,2,673.27,2024-12-07,Shipped
8974,1945,Tablet,1,436.47,2024-11-27,Pending
8975,1236,Headphones,3,1826.43,2024-05-11,Completed
8976,1001,Laptop,4,871.93,2024-10-20,Completed
8977,1160,Phone,2,1865.93,2024-09-10,Shipped
8978,1963,Phone,3,993.54,2024-09-04,Pending
8979,1507,Laptop,3,803.08,2024-11-19,Pending
8980,1579,Keyboard,1,755.49,2024-07-19,Pending
8981,1656,Laptop,2,446.17,2024-07-17,Cancelled
8982,1144,Monitor,4,1286.97,2024-08-15,Pending
8983,1310,Headphones,2,325.24,2024-08-22,Pending
8984,1361,Keyboard,4,952.75,2024-12-07,Pending
8985,1487,Keyboard,2,1782.49,2024-02-18,Shipped
8986,1123,Tablet,3,747.92,2024-03-15,Shipped
8987,1436,Headphones,3,1589.21,2024-07-17,Cancelled
8988,1316,Headphones,3,1198.49,2024-11-16,Completed
8989,1879,Laptop,2,592.78,2024-06-23,Shipped
8990,1796,Phone,4,113.69,2024-04-16,Cancelled
8991,1737,Mouse,4,1746.88,2024-07-17,Cancelled
8992,1642,Laptop,1,1098.77,2024-11-03,Pending
8993,1107,Monitor,3,1478.79,2024-08-17,Shipped
8994,1509,Keyboard,4,968.25,2024-01-27,Pending
8995,1508,Keyboard,3,167.65,2024-12-28,Completed
8996,1172,Tablet,2,798.42,2024-10-29,Pending
8997,1476,Phone,3,338.5,2024-05-01,Pending
8998,1982,Phone,2,252.8,2024-09-09,Pending
8999,1938,Monitor,4,1324.34,2024-02-14,Completed
9000,1887,Laptop,1,1119.27,2024-11-02,Shipped
9001,1553,Mouse,4,1948.8,2024-12-04,Cancelled
9002,1224,Headphones,4,632.83,2024-11-03,Shipped
9003,1286,Phone,4,1230.22,2024-03-16,Cancelled
9004,1869,Headphones,2,858.58,2024-12-05,Completed
9005,1284,Laptop,2,263.6,2024-03-23,Cancelled
9006,1799,Monitor,4,1785.68,2024-03-28,Shipped
9007,1550,Laptop,2,928.4,2024-09-21,Shipped
9008,1375,Mouse,1,453.08,2024-09-14,Cancelled
9009,1053,Phone,2,1620.89,2024-03-11,Pending
9010,1933,Laptop,2,1183.42,2024-12-19,Cancelled
9011,1945,Laptop,3,1121.54,2024-10-03,Completed
9012,1049,Monitor,3,1497.04,2024-12-11,Completed
9013,1563,Headphones,1,513.43,2024-03-17,Pending
9014,1210,Keyboard,3,113.55,2024-11-24,Pending
9015,1739,Phone,3,1720.21,2024-04-24,Shipped
9016,1057,Keyboard,4,1087.51,2024-12-27,Pending
9017,1508,Mouse,1,1548.39,2024-09-09,Pending
9018,1006,Tablet,4,1983.88,2024-08-16,Pending
9019,1140,Mouse,1,1371.82,2024-02-29,Shipped
9020,1213,Headphones,2,908.44,2024-09-26,Cancelled
9021,1529,Phone,1,1826.82,2024-08-25,Cancelled
9022,1218,Headphones,4,386.06,2024-06-09,Cancelled
9023,1375,Mouse,2,277.28,2024-10-29,Completed
9024,1184,Headphones,2,131.56,2024-06-03,Shipped
9025,1202,Mouse,3,943.94,2024-09-20,Shipped
9026,1827,Tablet,2,838.13,2024-10-30,Shipped
9027,1355,Headphones,3,293.81,2024-04-05,Cancelled
9028,1044,Headphones,3,173.02,2024-05-25,Shipped
9029,1606,Laptop,1,1493.78,2024-07-16,Completed
9030,1910,Headphones,2,1018.76,2024-03-12,Shipped
9031,1804,Phone,4,681.86,2024-11-24,Pending
9032,1972,Monitor,4,337.81,2024-11-22,Pending
9033,1542,Keyboard,4,240.06,2024-11-17,Shipped
9034,1508,Mouse,2,645.18,2024-05-28,Completed
9035,1178,Phone,4,467.04,2024-11-07,Pending
9036,1872,Keyboard,2,129.41,2024-08-21,Cancelled
9037,1501,Tablet,3,1228.5,2024-06-02,Pending
9038,1980,Laptop,3,891.27,2024-02-28,Completed
9039,1717,Phone,3,1523.62,2024-04-11,Shipped
9040,1302,Keyboard,1,1606.7,2024-05-23,Cancelled
9041,1254,Monitor,3,1767.37,2024-11-28,Shipped
9042,1179,Tablet,3,1433.98,2024-07-22,Cancelled
9043,1686,Headphones,2,1922.57,2024-01-07,Pending
9044,1543,Keyboard,3,624.56,2024-05-19,Completed
9045,1000,Headphones,2,301.83,2024-01-19,Shipped
9046,1066,Tablet,1,1015.83,2024-03-19,Pending
9047,1589,Monitor,1,757.53,2024-03-11,Pending
9048,1262,Mouse,2,623.8,2024-07-06,Cancelled
9049,1066,Headphones,3,1097.87,2024-03-04,Completed
9050,1089,Laptop,3,1152.75,2024-04-06,Shipped
9051,1120,Laptop,2,743.58,2024-11-14,Pending
9052,1559,Monitor,2,992.57,2024-01-20,Pending
9053,1694,Laptop,3,1966.11,2024-02-06,Pending
9054,1721,Headphones,3,1081.33,2024-12-19,Pending
9055,1336,Headphones,3,1992.3,2024-08-08,Completed
9056,1770,Tablet,1,690.45,2024-07-03,Shipped
9057,1177,Mouse,3,505.06,2024-09-21,Completed
9058,1909,Mouse,3,1547.48,2024-08-04,Pending
9059,1850,Monitor,2,1700.7,2024-07-23,Cancelled
9060,1393,Mouse,2,478.43,2024-09-16,Completed
9061,1054,Phone,3,1603.02,2024-06-25,Pending
9062,1834,Tablet,1,918.47,2024-06-01,Shipped
9063,1093,Tablet,1,569.96,2024-09-01,Completed
9064,1656,Laptop,2,268.03,2024-10-23,Pending
9065,1207,Keyboard,4,1055.15,2024-10-08,Pending
9066,1655,Monitor,2,1600.68,2024-09-28,Completed
9067,1981,Phone,2,1898.63,2024-01-07,Completed
9068,1666,Laptop,4,1036.19,2024-02-25,Pending
9069,1388,Headphones,4,122.44,2024-07-09,Pending
9070,1385,Headphones,4,962.7,2024-09-22,Cancelled
9071,1187,Headphones,1,543.09,2024-12-17,Pending
9072,1590,Phone,1,1315.93,2024-09-07,Pending
9073,1739,Monitor,1,1841.6,2024-04-07,Completed
9074,1692,Laptop,4,320.82,2024-07-28,Cancelled
9075,1923,Laptop,4,1103.19,2024-07-09,Pending
9076,1360,Tablet,4,325.93,2024-03-24,Shipped
9077,1098,Monitor,3,117.45,2024-03-24,Cancelled
9078,1063,Headphones,4,492.15,2024-07-23,Cancelled
9079,1842,Tablet,4,1600.66,2024-12-08,Pending
9080,1250,Laptop,2,1688.95,2024-03-11,Pending
9081,1085,Keyboard,4,1382.43,2024-08-26,Cancelled
9082,1927,Laptop,3,496.28,2024-09-25,Pending
9083,1246,Keyboard,2,1082.62,2024-08-03,Pending
9084,1262,Phone,3,1439.87,2024-06-22,Pending
9085,1497,Monitor,1,1616.72,2024-08-17,Pending
9086,1304,Keyboard,2,1481.39,2024-09-15,Pending
9087,1920,Phone,2,1712.37,2024-01-17,Completed
9088,1398,Keyboard,3,1177.34,2024-10-08,Shipped
9089,1858,Phone,4,1417.87,2024-11-10,Completed
9090,1212,Laptop,3,1132.66,2024-08-27,Completed
9091,1926,Laptop,3,1580.74,2024-09-18,Completed
9092,1081,Monitor,3,1109.78,2024-01-20,Cancelled
9093,1945,Phone,4,843.85,2024-06-22,Shipped
9094,1868,Headphones,3,888.39,2024-02-22,Cancelled
9095,1966,Keyboard,1,685.47,2024-08-13,Pending
9096,1251,Mouse,4,1968.47,2024-06-25,Shipped
9097,1672,Phone,4,1545.53,2024-03-11,Shipped
9098,1462,Monitor,3,1778.12,2024-10-26,Cancelled
9099,1623,Monitor,4,1518.13,2024-10-20,Cancelled
9100,1355,Mouse,4,460.52,2024-09-13,Pending
9101,1236,Mouse,1,222.04,2024-03-30,Shipped
9102,1142,Mouse,3,1034.29,2024-09-13,Shipped
9103,1570,Tablet,2,1147.74,2024-11-23,Cancelled
9104,1576,Mouse,3,1779.08,2024-04-09,Completed
9105,1165,Headphones,2,1905.63,2024-01-20,Pending
9106,1438,Monitor,4,1711.63,2024-04-18,Shipped
9107,1791,Headphones,3,1035.29,2024-09-19,Cancelled
9108,1672,Keyboard,1,1596.21,2024-06-22,Pending
9109,1304,Tablet,1,1950.68,2024-06-24,Shipped
9110,1257,Laptop,1,1518.36,2024-09-13,Cancelled
9111,1246,Laptop,3,895.93,2024-08-05,Shipped
9112,1481,Mouse,3,1318.62,2024-07-09,Cancelled
9113,1143,Headphones,2,692.6,2024-12-09,Completed
9114,1036,Phone,3,175.1,2024-02-26,Completed
9115,1141,Phone,3,1012.72,2024-04-13,Cancelled
9116,1965,Laptop,2,1453.14,2024-01-16,Completed
9117,1045,Keyboard,1,1472.96,2024-12-09,Shipped
9118,1818,Laptop,3,1421.16,2024-02-09,Shipped
9119,1630,Headphones,3,1827.5,2024-01-07,Cancelled
9120,1059,Keyboard,2,1221.5,2024-09-11,Cancelled
9121,1502,Laptop,1,1554.94,2024-02-19,Shipped
9122,1436,Monitor,1,82.95,2024-10-25,Shipped
9123,1468,Keyboard,4,996.07,2024-06-29,Completed
9124,1302,Laptop,3,968.51,2024-10-26,Pending
9125,1956,Phone,2,1218.7,2024-03-04,Shipped
9126,1073,Mouse,1,1900.44,2024-02-20,Pending
9127,1721,Keyboard,2,284.15,2024-10-25,Shipped
9128,1545,Phone,4,1388.48,2024-11-29,Cancelled
9129,1297,Keyboard,2,1382.48,2024-08-30,Completed
9130,1931,Laptop,4,1931.69,2024-09-30,Pending
9131,1526,Monitor,1,1371.06,2024-09-29,Pending
9132,1089,Headphones,4,1076.98,2024-12-29,Completed
9133,1058,Phone,3,59.54,2024-04-03,Shipped
9134,1140,Mouse,3,491.39,2024-03-20,Completed
9135,1913,Keyboard,3,1501.84,2024-08-10,Pending
9136,1940,Tablet,1,1066.28,2024-05-28,Pending
9137,1081,Tablet,4,510.28,2024-10-21,Pending
9138,1796,Headphones,2,1192.15,2024-04-10,Shipped
9139,1942,Headphones,3,1803.43,2024-03-24,Pending
9140,1300,Monitor,1,1619.35,2024-04-04,Completed
9141,1989,Headphones,3,1401.38,2024-06-10,Shipped
9142,1123,Laptop,1,1257.15,2024-08-05,Pending
9143,1025,Laptop,4,623.03,2024-06-23,Pending
9144,1302,Tablet,4,831.71,2024-04-02,Shipped
9145,1573,Mouse,4,153.79,2024-09-14,Pending
9146,1067,Tablet,4,150.47,2024-07-10,Completed
9147,1310,Monitor,1,1749.05,2024-07-13,Cancelled
9148,1940,Keyboard,3,1551.36,2024-09-08,Pending
9149,1999,Laptop,4,890.73,2024-11-01,Completed
9150,1695,Headphones,2,1291.09,2024-10-23,Shipped
9151,1557,Mouse,2,1910.25,2024-06-03,Completed
9152,1838,Monitor,1,970.93,2024-11-23,Completed
9153,1963,Mouse,3,276.61,2024-04-15,Cancelled
9154,1208,Laptop,1,1869.58,2024-03-11,Completed
9155,1630,Tablet,1,940.14,2024-07-18,Completed
9156,1124,Monitor,3,424.6,2024-06-28,Cancelled
9157,1717,Tablet,1,249.39,2024-05-26,Completed
9158,1540,Phone,3,1383.47,2024-11-18,Pending
9159,1429,Laptop,4,257.87,2024-04-29,Shipped
9160,1041,Headphones,2,701.38,2024-12-04,Completed
9161,1119,Phone,3,296.37,2024-12-07,Shipped
9162,1699,Tablet,1,1969.05,2024-07-03,Completed
9163,1922,Laptop,4,1719.03,2024-06-12,Cancelled
9164,1839,Headphones,2,436.77,2024-03-28,Shipped
9165,1315,Phone,3,1315.36,2024-03-03,Pending
9166,1029,Headphones,1,197.52,2024-06-27,Shipped
9167,1658,Mouse,2,641.12,2024-05-01,Pending
9168,1944,Laptop,3,281.66,2024-03-23,Shipped
9169,1621,Laptop,3,1600.09,2024-01-30,Cancelled
9170,1318,Laptop,3,1642.39,2024-01-29,Shipped
9171,1050,Keyboard,4,1984.57,2024-05-11,Pending
9172,1690,Keyboard,2,584.85,2024-11-17,Completed
9173,1953,Keyboard,4,771.28,2024-06-18,Cancelled
9174,1641,Phone,2,673.88,2024-08-04,Pending
9175,1532,Mouse,3,1349.69,2024-02-25,Completed
9176,1501,Monitor,2,635.67,2024-01-08,Cancelled
9177,1807,Tablet,4,176.24,2024-05-03,Cancelled
9178,1797,Laptop,1,135.61,2024-07-30,Shipped
9179,1083,Mouse,1,1604.47,2024-06-03,Shipped
9180,1984,Monitor,2,428.38,2024-12-24,Cancelled
9181,1859,Mouse,3,1220.92,2024-08-16,Completed
9182,1455,Keyboard,1,262.85,2024-02-01,Shipped
9183,1426,Laptop,3,1885.75,2024-02-25,Pending
9184,1084,Monitor,1,905.62,2024-12-08,Shipped
9185,1304,Headphones,4,968.38,2024-12-17,Pending
9186,1572,Mouse,3,898.19,2024-07-03,Cancelled
9187,1629,Mouse,3,1393.62,2024-10-04,Completed
9188,1786,Laptop,3,972.01,2024-06-26,Cancelled
9189,1731,Mouse,2,1618.91,2024-12-23,Cancelled
9190,1214,Monitor,4,825.15,2024-01-07,Completed
9191,1111,Phone,1,507.18,2024-10-26,Completed
9192,1056,Headphones,4,954.54,2024-05-05,Completed
9193,1635,Mouse,1,341.96,2024-03-12,Pending
9194,1116,Monitor,1,1294.75,2024-10-07,Completed
9195,1438,Tablet,1,1821.48,2024-02-22,Cancelled
9196,1093,Laptop,4,1834.42,2024-11-05,Pending
9197,1936,Headphones,2,1859.06,2024-07-07,Pending
9198,1236,Tablet,3,657.73,2024-04-02,Shipped
9199,1996,Mouse,2,1029.09,2024-05-03,Completed
9200,1888,Tablet,1,1999.86,2024-05-18,Pending
9201,1372,Phone,2,1045.09,2024-04-09,Shipped
9202,1361,Keyboard,4,1203.27,2024-07-26,Completed
9203,1534,Keyboard,2,231.72,2024-02-03,Completed
9204,1257,Headphones,1,87.16,2024-11-23,Completed
9205,1227,Mouse,1,1208.87,2024-08-09,Pending
9206,1173,Tablet,2,218.36,2024-10-24,Shipped
9207,1926,Monitor,4,1794.91,2024-05-05,Cancelled
9208,1282,Monitor,1,1750.62,2024-12-19,Pending
9209,1791,Keyboard,4,1558.1,2024-09-25,Pending
9210,1930,Phone,2,1700.9,2024-02-23,Shipped
9211,1998,Headphones,3,56.82,2024-10-19,Shipped
9212,1271,Laptop,4,476.95,2024-08-01,Cancelled
9213,1406,Monitor,2,827.86,2024-05-13,Shipped
9214,1257,Tablet,4,145.48,2024-12-02,Shipped
9215,1359,Mouse,1,501.79,2024-02-17,Shipped
9216,1888,Phone,2,1997.14,2024-01-26,Pending
9217,1136,Keyboard,2,77.8,2024-11-16,Shipped
9218,1447,Phone,3,1916.77,2024-08-25,Shipped
9219,1972,Headphones,4,545.55,2024-01-08,Completed
9220,1078,Mouse,4,1838.45,2024-06-17,Completed
9221,1298,Headphones,4,813.06,2024-10-01,Shipped
9222,1513,Monitor,2,1297.72,2024-03-09,Pending
9223,1974,Phone,3,1080.82,2024-09-14,Shipped
9224,1677,Mouse,3,482.63,2024-09-01,Completed
9225,1232,Keyboard,1,1816.79,2024-08-21,Pending
9226,1463,Mouse,2,793.5,2024-07-06,Pending
9227,1704,Keyboard,1,1566.47,2024-10-14,Completed
9228,1182,Phone,1,743.16,2024-08-18,Shipped
9229,1356,Headphones,2,1343.74,2024-11-16,Completed
9230,1803,Keyboard,3,144.22,2024-06-17,Shipped
9231,1993,Laptop,2,148.02,2024-08-31,Cancelled
9232,1412,Phone,2,1463.92,2024-06-16,Completed
9233,1837,Tablet,4,1000.29,2024-10-02,Shipped
9234,1725,Tablet,4,1797.14,2024-06-10,Shipped
9235,1156,Mouse,2,348.92,2024-02-23,Shipped
9236,1340,Tablet,2,576.18,2024-01-11,Completed
9237,1567,Laptop,1,1267.13,2024-03-19,Shipped
9238,1352,Tablet,1,1863.98,2024-10-02,Completed
9239,1487,Keyboard,4,827.31,2024-01-22,Completed
9240,1104,Laptop,3,1137.45,2024-03-22,Cancelled
9241,1316,Tablet,4,151.0,2024-09-07,Completed
9242,1022,Phone,1,369.99,2024-07-18,Pending
9243,1000,Headphones,2,725.56,2024-01-25,Completed
9244,1516,Headphones,4,972.35,2024-05-22,Pending
9245,1650,Headphones,4,1995.99,2024-03-09,Cancelled
9246,1417,Tablet,4,443.9,2024-07-13,Cancelled
9247,1644,Tablet,4,1123.28,2024-12-02,Pending
9248,1818,Headphones,1,1202.02,2024-12-17,Pending
9249,1005,Laptop,4,168.46,2024-02-14,Shipped
9250,1892,Keyboard,4,223.09,2024-12-08,Cancelled
9251,1373,Phone,3,872.67,2024-07-09,Shipped
9252,1311,Keyboard,4,1899.88,2024-10-30,Pending
9253,1506,Headphones,2,217.86,2024-01-14,Shipped
9254,1350,Headphones,1,596.37,2024-12-11,Cancelled
9255,1071,Monitor,2,1533.52,2024-02-07,Pending
9256,1068,Phone,4,152.78,2024-02-12,Shipped
9257,1082,Keyboard,1,1068.09,2024-04-15,Cancelled
9258,1962,Phone,4,1712.2,2024-06-11,Cancelled
9259,1584,Headphones,3,980.34,2024-11-21,Pending
9260,1228,Tablet,1,689.16,2024-10-25,Completed
9261,1528,Headphones,3,454.87,2024-09-16,Cancelled
9262,1352,Headphones,4,1806.78,2024-10-05,Cancelled
9263,1922,Tablet,4,1357.69,2024-07-27,Shipped
9264,1950,Tablet,2,1014.05,2024-07-24,Completed
9265,1100,Tablet,1,85.15,2024-10-28,Cancelled
9266,1702,Headphones,2,1629.87,2024-09-24,Completed
9267,1671,Laptop,3,1534.49,2024-12-20,Shipped
9268,1901,Monitor,1,1620.54,2024-02-04,Shipped
9269,1216,Headphones,1,56.74,2024-11-11,Shipped
9270,1735,Laptop,1,392.05,2024-01-19,Shipped
9271,1212,Mouse,2,1177.34,2024-06-28,Pending
9272,1073,Phone,2,1758.34,2024-08-15,Shipped
9273,1617,Tablet,1,1058.27,2024-02-17,Cancelled
9274,1354,Tablet,3,109.95,2024-03-20,Pending
9275,1924,Headphones,3,1700.58,2024-05-15,Cancelled
9276,1183,Mouse,4,667.06,2024-03-23,Pending
9277,1751,Keyboard,1,572.98,2024-11-15,Cancelled
9278,1980,Laptop,2,698.0,2024-01-15,Shipped
9279,1519,Mouse,3,546.57,2024-02-01,Cancelled
9280,1699,Phone,1,389.02,2024-04-02,Cancelled
9281,1988,Phone,1,602.39,2024-07-31,Shipped
9282,1669,Tablet,3,1397.49,2024-01-18,Pending
9283,1662,Keyboard,2,896.22,2024-03-29,Completed
9284,1244,Monitor,2,1572.09,2024-10-21,Completed
9285,1586,Headphones,4,911.07,2024-09-17,Cancelled
9286,1308,Headphones,3,1926.53,2024-10-23,Cancelled
9287,1484,Phone,2,1466.98,2024-06-30,Shipped
9288,1337,Headphones,3,1937.5,2024-03-03,Cancelled
9289,1225,Laptop,1,1086.1,2024-10-16,Pending
9290,1455,Laptop,2,1070.82,2024-12-27,Pending
9291,1968,Mouse,1,1661.37,2024-08-28,Cancelled
9292,1889,Headphones,4,1646.75,2024-03-19,Shipped
9293,1965,Keyboard,3,886.3,2024-11-10,Completed
9294,1923,Headphones,1,760.03,2024-09-21,Pending
9295,1360,Headphones,2,846.77,2024-09-25,Pending
9296,1344,Phone,2,888.37,2024-12-23,Cancelled
9297,1580,Laptop,3,1296.04,2024-03-31,Pending
9298,1045,Headphones,4,569.92,2024-01-27,Completed
9299,1013,Keyboard,4,770.27,2024-03-16,Cancelled
9300,1756,Keyboard,4,1150.79,2024-05-11,Shipped
9301,1042,Mouse,1,242.97,2024-05-21,Pending
9302,1540,Monitor,2,1849.66,2024-10-22,Cancelled
9303,1148,Keyboard,1,1444.99,2024-01-16,Cancelled
9304,1570,Headphones,1,582.58,2024-10-01,Shipped
9305,1497,Tablet,2,160.08,2024-06-17,Pending
9306,1233,Phone,3,1633.58,2024-12-14,Completed
9307,1085,Headphones,4,1520.21,2024-06-06,Cancelled
9308,1401,Keyboard,3,298.7,2024-03-11,Completed
9309,1760,Laptop,3,1973.83,2024-05-01,Pending
9310,1498,Laptop,3,904.67,2024-01-28,Pending
9311,1013,Laptop,3,435.85,2024-03-07,Pending
9312,1098,Phone,3,146.3,2024-06-15,Completed
9313,1660,Headphones,1,115.69,2024-04-16,Cancelled
9314,1586,Headphones,2,858.53,2024-09-30,Cancelled
9315,1708,Phone,1,789.32,2024-01-06,Shipped
9316,1922,Mouse,4,51.09,2024-10-04,Completed
9317,1980,Headphones,3,1914.96,2024-09-07,Pending
9318,1074,Keyboard,4,1207.97,2024-11-04,Completed
9319,1653,Monitor,4,757.97,2024-06-23,Pending
9320,1902,Tablet,2,1503.45,2024-08-25,Pending
9321,1122,Phone,3,1434.75,2024-11-02,Cancelled
9322,1183,Mouse,1,1124.14,2024-11-24,Shipped
9323,1377,Mouse,1,1776.66,2024-05-19,Pending
9324,1919,Laptop,3,1153.73,2024-06-23,Cancelled
9325,1380,Mouse,2,1163.79,2024-02-01,Completed
9326,1620,Laptop,1,462.25,2024-02-15,Cancelled
9327,1588,Mouse,3,547.41,2024-10-19,Cancelled
9328,1934,Keyboard,4,1154.3,2024-11-12,Pending
9329,1549,Keyboard,1,509.22,2024-11-01,Completed
9330,1110,Mouse,2,1359.2,2024-07-28,Completed
9331,1537,Monitor,1,1880.62,2024-01-02,Cancelled
9332,1647,Keyboard,3,942.32,2024-12-23,Cancelled
9333,1837,Headphones,1,1915.52,2024-04-29,Cancelled
9334,1125,Tablet,1,1783.53,2024-11-27,Shipped
9335,1452,Phone,3,1704.67,2024-08-05,Completed
9336,1730,Laptop,1,1250.87,2024-09-14,Completed
9337,1280,Mouse,1,1867.71,2024-07-26,Pending
9338,1727,Laptop,2,490.7,2024-10-10,Completed
9339,1938,Monitor,1,1100.19,2024-06-03,Completed
9340,1670,Tablet,3,1610.57,2024-10-26,Shipped
9341,1638,Laptop,1,770.97,2024-08-15,Cancelled
9342,1804,Laptop,3,1944.84,2024-09-27,Cancelled
9343,1440,Laptop,2,1659.41,2024-12-09,Shipped
9344,1162,Monitor,2,70.33,2024-07-25,Shipped
9345,1567,Laptop,4,1582.92,2024-07-26,Pending
9346,1137,Monitor,2,1215.07,2024-05-23,Shipped
9347,1196,Tablet,3,1468.37,2024-12-03,Cancelled
9348,1767,Monitor,3,1041.94,2024-08-18,Pending
9349,1889,Monitor,3,104.58,2024-06-30,Cancelled
9350,1476,Phone,2,1363.8,2024-10-05,Pending
9351,1858,Phone,3,216.76,2024-06-15,Cancelled
9352,1782,Mouse,1,1367.19,2024-01-26,Cancelled
9353,1530,Tablet,4,1685.97,2024-02-04,Shipped
9354,1760,Keyboard,2,378.64,2024-01-11,Completed
9355,1261,Headphones,3,210.51,2024-11-01,Pending
9356,1095,Monitor,1,736.3,2024-10-24,Pending
9357,1613,Laptop,2,707.09,2024-03-08,Cancelled
9358,1825,Monitor,1,1891.42,2024-10-13,Pending
9359,1105,Mouse,4,960.29,2024-01-07,Cancelled
9360,1034,Mouse,4,604.0,2024-11-24,Pending
9361,1506,Phone,1,52.02,2024-03-14,Completed
9362,1211,Headphones,3,1020.58,2024-11-08,Completed
9363,1493,Keyboard,4,1152.31,2024-10-04,Shipped
9364,1308,Keyboard,3,966.85,2024-10-25,Pending
9365,1465,Phone,3,689.6,2024-06-19,Cancelled
9366,1922,Headphones,3,1849.13,2024-01-13,Cancelled
9367,1957,Headphones,4,664.06,2024-12-12,Completed
9368,1037,Monitor,1,960.05,2024-09-29,Cancelled
9369,1546,Monitor,4,1791.77,2024-10-06,Shipped
9370,1990,Monitor,4,664.31,2024-07-06,Pending
9371,1467,Headphones,3,1197.3,2024-08-05,Completed
9372,1985,Monitor,4,1350.42,2024-01-20,Pending
9373,1818,Laptop,3,1278.13,2024-11-29,Cancelled
9374,1206,Headphones,4,1667.3,2024-02-22,Cancelled
9375,1209,Keyboard,4,300.25,2024-11-02,Cancelled
9376,1036,Mouse,4,680.58,2024-12-16,Cancelled
9377,1445,Keyboard,4,1321.57,2024-05-22,Cancelled
9378,1409,Monitor,1,136.19,2024-09-02,Pending
9379,1291,Phone,4,71.05,2024-02-20,Shipped
9380,1091,Laptop,4,111.61,2024-10-26,Completed
9381,1047,Phone,3,191.12,2024-12-27,Completed
9382,1216,Mouse,2,898.93,2024-02-08,Cancelled
9383,1877,Laptop,4,1177.56,2024-08-23,Shipped
9384,1143,Mouse,2,1121.6,2024-12-19,Completed
9385,1406,Laptop,2,1048.34,2024-05-31,Pending
9386,1651,Tablet,4,1667.01,2024-08-30,Shipped
9387,1248,Laptop,2,513.09,2024-04-17,Completed
9388,1010,Laptop,2,1932.46,2024-02-25,Pending
9389,1219,Mouse,4,135.77,2024-04-26,Cancelled
9390,1631,Keyboard,3,940.27,2024-08-02,Completed
9391,1598,Phone,3,516.67,2024-08-25,Shipped
9392,1873,Phone,2,86.45,2024-09-17,Cancelled
9393,1017,Keyboard,2,1679.74,2024-07-10,Shipped
9394,1911,Monitor,1,1478.66,2024-01-10,Cancelled
9395,1701,Tablet,3,490.61,2024-06-23,Pending
9396,1125,Phone,2,1585.63,2024-07-08,Completed
9397,1352,Keyboard,2,1880.78,2024-05-17,Completed
9398,1704,Tablet,3,258.08,2024-01-29,Shipped
9399,1297,Monitor,3,673.44,2024-12-07,Completed
9400,1892,Keyboard,3,852.46,2024-05-17,Completed
9401,1440,Tablet,1,306.29,2024-02-01,Completed
9402,1145,Tablet,2,1650.84,2024-08-10,Completed
9403,1215,Phone,1,1939.57,2024-05-03,Pending
9404,1044,Monitor,2,1730.06,2024-06-22,Cancelled
9405,1929,Keyboard,4,1465.0,2024-09-29,Pending
9406,1323,Laptop,4,492.0,2024-03-09,Cancelled
9407,1780,Phone,3,1565.52,2024-05-27,Completed
9408,1448,Keyboard,2,1851.09,2024-02-13,Pending
9409,1973,Monitor,3,470.04,2024-03-20,Completed
9410,1235,Headphones,1,840.08,2024-01-28,Cancelled
9411,1712,Mouse,1,1195.86,2024-07-24,Completed
9412,1729,Monitor,2,1396.39,2024-03-06,Cancelled
9413,1040,Phone,4,409.31,2024-10-19,Pending
9414,1954,Headphones,1,873.86,2024-10-19,Cancelled
9415,1358,Phone,2,1199.44,2024-11-04,Shipped
9416,1228,Phone,2,1771.36,2024-07-10,Pending
9417,1110,Keyboard,4,1361.74,2024-11-04,Completed
9418,1468,Keyboard,4,521.27,2024-06-23,Shipped
9419,1934,Headphones,1,1096.19,2024-05-02,Pending
9420,1338,Laptop,4,406.47,2024-03-23,Shipped
9421,1961,Mouse,3,1395.7,2024-08-02,Pending
9422,1155,Laptop,2,1533.92,2024-03-27,Completed
9423,1235,Phone,4,1176.73,2024-07-05,Completed
9424,1681,Headphones,4,215.04,2024-09-06,Pending
9425,1987,Tablet,1,1717.67,2024-07-18,Shipped
9426,1085,Phone,4,674.3,2024-05-05,Completed
9427,1062,Mouse,3,559.94,2024-01-27,Pending
9428,1793,Keyboard,4,1558.75,2024-11-17,Pending
9429,1082,Mouse,3,1812.48,2024-07-12,Cancelled
9430,1189,Laptop,4,1663.61,2024-11-18,Cancelled
9431,1485,Laptop,2,774.66,2024-01-01,Pending
9432,1509,Mouse,1,989.84,2024-06-14,Shipped
9433,1907,Monitor,2,272.74,2024-10-28,Cancelled
9434,1053,Monitor,1,1095.55,2024-09-13,Cancelled
9435,1762,Laptop,1,1689.41,2024-10-15,Shipped
9436,1235,Phone,1,1905.25,2024-04-07,Shipped
9437,1503,Laptop,1,691.2,2024-12-15,Completed
9438,1968,Laptop,1,1990.85,2024-11-21,Completed
9439,1308,Headphones,3,752.78,2024-09-01,Shipped
9440,1787,Headphones,2,1990.59,2024-12-13,Pending
9441,1242,Monitor,1,829.32,2024-10-13,Completed
9442,1962,Keyboard,4,1968.97,2024-08-25,Completed
9443,1794,Keyboard,1,1701.91,2024-05-19,Completed
9444,1356,Phone,2,1921.93,2024-09-03,Completed
9445,1288,Monitor,1,296.49,2024-12-09,Pending
9446,1369,Headphones,4,784.6,2024-10-17,Completed
9447,1937,Phone,1,772.97,2024-08-07,Shipped
9448,1747,Phone,2,1758.55,2024-10-30,Shipped
9449,1895,Keyboard,2,1983.5,2024-08-08,Cancelled
9450,1565,Mouse,1,490.76,2024-01-25,Pending
9451,1884,Monitor,2,1515.55,2024-08-10,Completed
9452,1654,Tablet,4,1156.22,2024-07-29,Pending
9453,1251,Tablet,4,168.12,2024-01-12,Cancelled
9454,1582,Tablet,2,772.25,2024-06-08,Cancelled
9455,1624,Mouse,1,244.59,2024-07-10,Pending
9456,1638,Laptop,1,149.48,2024-11-21,Pending
9457,1708,Keyboard,1,1949.01,2024-06-15,Pending
9458,1673,Keyboard,1,698.37,2024-06-24,Completed
9459,1736,Phone,4,1614.74,2024-07-19,Shipped
9460,1521,Keyboard,3,202.33,2024-03-07,Shipped
9461,1478,Headphones,4,1095.19,2024-03-05,Pending
9462,1763,Mouse,1,1918.06,2024-02-29,Cancelled
9463,1301,Keyboard,1,68.94,2024-04-09,Shipped
9464,1786,Mouse,4,1875.88,2024-05-22,Completed
9465,1522,Phone,2,481.6,2024-09-11,Pending
9466,1795,Laptop,2,1646.49,2024-08-09,Completed
9467,1759,Tablet,2,1828.74,2024-10-05,Cancelled
9468,1633,Keyboard,2,185.34,2024-04-30,Shipped
9469,1345,Keyboard,2,1496.11,2024-06-21,Shipped
9470,1345,Phone,1,640.53,2024-11-02,Cancelled
9471,1814,Phone,3,1007.36,2024-01-01,Completed
9472,1880,Tablet,4,138.99,2024-06-21,Completed
9473,1677,Headphones,3,815.6,2024-04-22,Cancelled
9474,1885,Keyboard,4,200.75,2024-07-10,Pending
9475,1081,Tablet,3,973.75,2024-05-13,Completed
9476,1909,Mouse,3,742.27,2024-01-31,Completed
9477,1907,Headphones,2,1606.44,2024-12-04,Shipped
9478,1716,Mouse,3,442.15,2024-09-21,Completed
9479,1064,Headphones,2,759.34,2024-12-02,Pending
9480,1291,Monitor,3,242.3,2024-03-24,Shipped
9481,1012,Laptop,1,1753.79,2024-05-03,Completed
9482,1378,Tablet,3,495.21,2024-11-27,Shipped
9483,1953,Headphones,4,1191.1,2024-09-22,Shipped
9484,1592,Monitor,3,242.57,2024-11-11,Pending
9485,1280,Monitor,2,1643.04,2024-01-29,Pending
9486,1995,Mouse,1,1962.19,2024-05-05,Pending
9487,1199,Laptop,4,1445.93,2024-05-19,Cancelled
9488,1995,Tablet,4,685.12,2024-02-24,Shipped
9489,1419,Keyboard,3,1259.1,2024-01-15,Cancelled
9490,1637,Monitor,3,1476.41,2024-01-01,Pending
9491,1924,Monitor,1,1700.36,2024-01-13,Completed
9492,1819,Tablet,3,1953.11,2024-03-26,Shipped
9493,1389,Mouse,3,186.6,2024-01-04,Completed
9494,1420,Headphones,2,721.29,2024-10-13,Pending
9495,1273,Tablet,1,1651.47,2024-10-30,Shipped
9496,1825,Monitor,4,251.65,2024-09-12,Completed
9497,1309,Keyboard,3,1056.65,2024-07-08,Completed
9498,1378,Monitor,3,1930.56,2024-01-24,Pending
9499,1710,Monitor,3,890.25,2024-09-25,Pending
9500,1335,Mouse,1,1369.54,2024-07-12,Pending
9501,1097,Headphones,1,454.06,2024-02-04,Completed
9502,1746,Tablet,4,828.85,2024-10-30,Pending
9503,1025,Monitor,3,1283.21,2024-03-12,Shipped
9504,1532,Mouse,4,1413.07,2024-08-28,Shipped
9505,1266,Mouse,2,719.92,2024-09-23,Cancelled
9506,1929,Monitor,1,1656.47,2024-12-12,Shipped
9507,1765,Tablet,4,1443.64,2024-07-27,Shipped
9508,1709,Headphones,1,1611.52,2024-04-14,Pending
9509,1369,Mouse,2,169.48,2024-09-11,Completed
9510,1902,Tablet,2,929.38,2024-02-12,Pending
9511,1860,Mouse,2,1045.16,2024-09-09,Shipped
9512,1641,Laptop,4,1191.44,2024-07-02,Completed
9513,1754,Headphones,3,955.6,2024-04-30,Cancelled
9514,1058,Keyboard,3,158.11,2024-05-02,Completed
9515,1110,Keyboard,2,171.85,2024-03-22,Cancelled
9516,1491,Keyboard,2,612.55,2024-09-14,Completed
9517,1298,Mouse,3,1292.68,2024-11-29,Completed
9518,1271,Headphones,2,1481.85,2024-03-18,Pending
9519,1606,Mouse,2,101.32,2024-04-09,Pending
9520,1243,Tablet,1,1033.97,2024-11-14,Pending
9521,1017,Keyboard,2,1868.18,2024-07-01,Shipped
9522,1794,Keyboard,3,1376.49,2024-06-19,Pending
9523,1945,Headphones,2,340.33,2024-12-26,Completed
9524,1258,Laptop,3,345.8,2024-01-02,Shipped
9525,1902,Laptop,4,1070.4,2024-12-27,Completed
9526,1345,Mouse,3,199.71,2024-01-24,Cancelled
9527,1441,Keyboard,3,395.52,2024-07-26,Pending
9528,1046,Phone,2,592.71,2024-11-11,Completed
9529,1912,Headphones,3,1693.89,2024-03-23,Cancelled
9530,1323,Monitor,1,1844.66,2024-07-30,Cancelled
9531,1397,Keyboard,3,1543.41,2024-07-29,Pending
9532,1072,Headphones,1,602.44,2024-05-03,Pending
9533,1243,Mouse,4,1175.15,2024-12-22,Cancelled
9534,1727,Tablet,3,1975.22,2024-11-09,Pending
9535,1133,Keyboard,4,795.47,2024-06-15,Pending
9536,1948,Keyboard,3,1839.46,2024-08-06,Completed
9537,1312,Laptop,4,1266.89,2024-03-02,Shipped
9538,1183,Headphones,4,527.84,2024-09-03,Shipped
9539,1320,Tablet,2,448.85,2024-03-18,Pending
9540,1320,Mouse,3,456.97,2024-12-10,Completed
9541,1672,Keyboard,2,964.3,2024-03-15,Pending
9542,1471,Phone,2,1229.77,2024-04-20,Pending
9543,1086,Headphones,3,1354.69,2024-09-09,Pending
9544,1310,Headphones,2,566.98,2024-02-22,Cancelled
9545,1594,Tablet,1,930.47,2024-03-19,Cancelled
9546,1021,Keyboard,3,1311.33,2024-12-27,Cancelled
9547,1992,Phone,2,608.89,2024-08-05,Shipped
9548,1274,Phone,2,946.77,2024-10-18,Cancelled
9549,1017,Phone,2,557.64,2024-06-27,Pending
9550,1556,Phone,4,894.29,2024-01-28,Cancelled
9551,1180,Headphones,4,1933.71,2024-05-25,Cancelled
9552,1938,Laptop,4,245.76,2024-08-28,Shipped
9553,1679,Headphones,2,1285.41,2024-04-17,Completed
9554,1742,Phone,4,477.84,2024-10-05,Shipped
9555,1718,Headphones,3,455.49,2024-05-30,Shipped
9556,1216,Phone,1,1096.57,2024-01-12,Shipped
9557,1006,Mouse,3,1770.82,2024-05-19,Pending
9558,1634,Phone,2,699.05,2024-02-07,Cancelled
9559,1443,Keyboard,3,1691.93,2024-06-21,Completed
9560,1065,Laptop,4,530.82,2024-09-30,Completed
9561,1857,Tablet,1,327.97,2024-05-06,Cancelled
9562,1736,Headphones,2,1233.74,2024-01-19,Completed
9563,1723,Laptop,4,497.85,2024-08-11,Cancelled
9564,1335,Tablet,1,1812.0,2024-01-07,Completed
9565,1022,Headphones,2,220.7,2024-06-22,Cancelled
9566,1065,Laptop,1,92.41,2024-10-17,Shipped
9567,1117,Headphones,1,1171.56,2024-01-13,Cancelled
9568,1664,Keyboard,1,504.18,2024-09-11,Completed
9569,1939,Keyboard,1,1897.94,2024-11-11,Pending
9570,1394,Laptop,1,135.22,2024-08-06,Pending
9571,1914,Mouse,1,1063.35,2024-08-16,Cancelled
9572,1016,Laptop,1,945.9,2024-01-01,Pending
9573,1549,Laptop,3,647.73,2024-02-04,Shipped
9574,1223,Laptop,3,1829.99,2024-02-25,Shipped
9575,1112,Monitor,3,500.5,2024-03-04,Cancelled
9576,1259,Keyboard,3,756.48,2024-08-23,Pending
9577,1412,Laptop,2,1215.38,2024-05-14,Completed
9578,1219,Tablet,3,909.86,2024-05-06,Shipped
9579,1232,Monitor,1,1430.89,2024-07-10,Cancelled
9580,1755,Keyboard,4,1610.43,2024-05-20,Completed
9581,1199,Phone,4,987.86,2024-05-19,Pending
9582,1222,Keyboard,3,764.12,2024-09-10,Completed
9583,1763,Keyboard,3,1579.3,2024-05-14,Shipped
9584,1231,Monitor,2,1149.0,2024-03-29,Pending
9585,1153,Tablet,3,451.86,2024-04-10,Cancelled
9586,1926,Keyboard,2,74.27,2024-10-06,Cancelled
9587,1676,Mouse,4,110.51,2024-05-11,Shipped
9588,1653,Laptop,1,1221.87,2024-11-02,Shipped
9589,1230,Headphones,4,318.53,2024-02-16,Cancelled
9590,1384,Monitor,3,1905.96,2024-04-27,Pending
9591,1246,Laptop,3,631.65,2024-08-18,Completed
9592,1984,Keyboard,3,277.43,2024-08-28,Completed
9593,1789,Monitor,4,1399.06,2024-10-28,Completed
9594,1888,Mouse,2,243.27,2024-02-07,Pending
9595,1540,Tablet,1,1131.24,2024-02-15,Completed
9596,1179,Keyboard,4,769.61,2024-10-03,Completed
9597,1539,Tablet,1,1869.65,2024-05-08,Completed
9598,1220,Keyboard,3,740.88,2024-04-15,Completed
9599,1532,Laptop,1,1494.72,2024-08-20,Pending
9600,1774,Tablet,1,194.03,2024-07-21,Pending
9601,1828,Phone,3,79.94,2024-01-26,Completed
9602,1719,Keyboard,3,1919.51,2024-03-16,Completed
9603,1467,Keyboard,1,724.88,2024-09-04,Pending
9604,1716,Phone,4,658.49,2024-08-11,Cancelled
9605,1350,Tablet,2,1616.39,2024-11-11,Pending
9606,1277,Phone,1,213.3,2024-10-17,Shipped
9607,1690,Keyboard,2,598.83,2024-02-13,Pending
9608,1912,Monitor,3,1660.81,2024-02-19,Cancelled
9609,1599,Mouse,1,935.6,2024-04-04,Shipped
9610,1686,Monitor,1,575.86,2024-04-25,Shipped
9611,1985,Tablet,3,706.91,2024-06-03,Shipped
9612,1781,Monitor,3,1387.2,2024-06-03,Pending
9613,1893,Headphones,2,1299.56,2024-03-01,Pending
9614,1813,Keyboard,3,739.81,2024-05-12,Completed
9615,1638,Keyboard,3,255.59,2024-08-30,Cancelled
9616,1000,Phone,3,1761.06,2024-01-26,Shipped
9617,1311,Mouse,2,1216.72,2024-08-16,Cancelled
9618,1309,Keyboard,2,471.68,2024-03-03,Completed
9619,1752,Phone,2,1915.89,2024-05-16,Completed
9620,1687,Mouse,2,1024.77,2024-12-27,Completed
9621,1040,Keyboard,4,1577.58,2024-09-15,Shipped
9622,1437,Phone,4,1584.33,2024-02-05,Completed
9623,1829,Laptop,1,624.9,2024-01-27,Shipped
9624,1464,Tablet,3,606.68,2024-08-10,Completed
9625,1397,Headphones,3,1169.77,2024-03-22,Shipped
9626,1211,Phone,4,1603.37,2024-07-27,Cancelled
9627,1960,Laptop,1,1443.9,2024-09-11,Cancelled
9628,1603,Keyboard,3,1076.81,2024-07-14,Cancelled
9629,1021,Laptop,4,481.73,2024-01-09,Pending
9630,1422,Keyboard,1,122.7,2024-03-08,Completed
9631,1460,Headphones,3,198.58,2024-01-21,Pending
9632,1774,Tablet,3,99.07,2024-04-17,Pending
9633,1847,Keyboard,4,1227.02,2024-09-18,Shipped
9634,1369,Laptop,4,266.25,2024-11-20,Pending
9635,1910,Monitor,2,339.37,2024-02-09,Pending
9636,1675,Phone,3,1300.09,2024-11-14,Pending
9637,1354,Mouse,4,380.68,2024-02-29,Completed
9638,1048,Keyboard,2,885.64,2024-07-25,Pending
9639,1222,Phone,2,68.25,2024-01-18,Completed
9640,1142,Phone,4,778.4,2024-10-19,Cancelled
9641,1633,Mouse,1,323.54,2024-04-14,Shipped
9642,1808,Headphones,4,1287.33,2024-12-20,Pending
9643,1136,Headphones,1,1703.49,2024-09-27,Cancelled
9644,1302,Keyboard,1,152.2,2024-10-13,Cancelled
9645,1817,Phone,1,1313.49,2024-06-26,Completed
9646,1705,Monitor,3,72.2,2024-04-05,Cancelled
9647,1316,Headphones,4,478.87,2024-09-07,Pending
9648,1202,Laptop,3,1062.77,2024-03-03,Cancelled
9649,1416,Laptop,4,617.81,2024-09-12,Cancelled
9650,1973,Phone,4,484.54,2024-07-14,Shipped
9651,1788,Tablet,4,119.11,2024-12-31,Shipped
9652,1274,Monitor,1,1224.95,2024-04-26,Pending
9653,1736,Monitor,3,1733.24,2024-04-17,Completed
9654,1524,Phone,3,1473.88,2024-02-13,Cancelled
9655,1703,Tablet,1,58.03,2024-03-23,Pending
9656,1019,Phone,1,1862.42,2024-08-27,Completed
9657,1443,Tablet,1,1120.53,2024-07-29,Shipped
9658,1903,Monitor,2,1867.27,2024-06-17,Pending
9659,1588,Keyboard,1,1581.22,2024-10-25,Pending
9660,1124,Monitor,4,1936.42,2024-07-01,Cancelled
9661,1498,Tablet,1,595.66,2024-11-10,Shipped
9662,1199,Mouse,4,1645.43,2024-03-10,Shipped
9663,1148,Headphones,3,741.2,2024-01-19,Completed
9664,1741,Mouse,4,1899.67,2024-09-10,Pending
9665,1504,Laptop,3,1412.0,2024-01-06,Completed
9666,1055,Keyboard,1,1512.26,2024-05-24,Cancelled
9667,1500,Phone,3,483.6,2024-12-05,Completed
9668,1601,Monitor,4,408.24,2024-01-07,Completed
9669,1511,Laptop,4,1842.63,2024-09-21,Shipped
9670,1043,Tablet,2,971.56,2024-06-08,Completed
9671,1327,Tablet,3,922.52,2024-05-10,Cancelled
9672,1085,Tablet,4,1552.25,2024-11-28,Completed
9673,1572,Mouse,3,1101.64,2024-02-15,Cancelled
9674,1152,Phone,2,1207.45,2024-11-17,Cancelled
9675,1456,Headphones,4,214.56,2024-10-09,Pending
9676,1842,Mouse,1,1117.47,2024-05-18,Shipped
9677,1810,Monitor,2,169.93,2024-08-07,Shipped
9678,1039,Monitor,2,1431.12,2024-05-12,Shipped
9679,1001,Laptop,3,376.79,2024-08-03,Shipped
9680,1438,Laptop,1,806.11,2024-07-16,Shipped
9681,1290,Phone,4,1821.86,2024-12-03,Pending
9682,1161,Phone,2,638.53,2024-02-09,Completed
9683,1022,Tablet,4,299.85,2024-01-03,Cancelled
9684,1892,Headphones,3,364.61,2024-01-18,Shipped
9685,1515,Monitor,3,1921.36,2024-10-27,Shipped
9686,1460,Keyboard,2,959.0,2024-04-05,Shipped
9687,1280,Monitor,2,438.46,2024-11-26,Cancelled
9688,1743,Mouse,1,229.1,2024-09-22,Pending
9689,1927,Tablet,2,1387.92,2024-08-07,Completed
9690,1866,Keyboard,2,950.74,2024-01-02,Cancelled
9691,1799,Mouse,3,1690.56,2024-11-20,Pending
9692,1034,Keyboard,1,448.52,2024-03-17,Shipped
9693,1321,Phone,3,627.58,2024-12-02,Cancelled
9694,1193,Tablet,4,770.09,2024-01-03,Shipped
9695,1364,Keyboard,1,1498.37,2024-12-20,Shipped
9696,1768,Laptop,2,1843.26,2024-02-03,Cancelled
9697,1660,Phone,1,1659.5,2024-05-15,Shipped
9698,1819,Tablet,4,715.19,2024-11-15,Completed
9699,1010,Headphones,2,1586.56,2024-06-21,Completed
9700,1490,Keyboard,4,657.31,2024-01-26,Cancelled
9701,1814,Keyboard,1,510.16,2024-12-29,Shipped
9702,1963,Keyboard,4,1374.63,2024-05-03,Shipped
9703,1674,Monitor,3,1008.33,2024-06-13,Shipped
9704,1580,Laptop,4,190.54,2024-01-03,Shipped
9705,1480,Laptop,2,870.65,2024-02-29,Shipped
9706,1356,Laptop,1,553.76,2024-06-28,Cancelled
9707,1920,Monitor,1,1635.01,2024-02-28,Shipped
9708,1624,Keyboard,1,935.98,2024-10-24,Shipped
9709,1388,Monitor,2,1130.78,2024-03-18,Completed
9710,1480,Keyboard,3,462.5,2024-12-16,Pending
9711,1871,Mouse,3,809.66,2024-08-08,Completed
9712,1593,Phone,4,1255.76,2024-12-16,Shipped
9713,1318,Tablet,3,1963.94,2024-11-04,Completed
9714,1616,Laptop,4,632.7,2024-01-14,Pending
9715,1261,Tablet,2,557.52,2024-07-27,Completed
9716,1964,Laptop,1,139.86,2024-02-29,Completed
9717,1043,Tablet,1,1970.28,2024-11-05,Pending
9718,1366,Monitor,3,1621.32,2024-03-13,Completed
9719,1283,Headphones,2,1210.94,2024-11-14,Completed
9720,1661,Phone,3,858.26,2024-03-05,Shipped
9721,1651,Keyboard,4,1940.77,2024-02-18,Completed
9722,1100,Keyboard,2,1610.88,2024-01-01,Shipped
9723,1475,Mouse,4,414.19,2024-03-28,Completed
9724,1239,Phone,4,646.65,2024-06-09,Pending
9725,1733,Headphones,1,1494.89,2024-02-15,Completed
9726,1327,Keyboard,1,1020.29,2024-01-26,Shipped
9727,1932,Monitor,1,1006.96,2024-08-24,Shipped
9728,1942,Laptop,2,1712.53,2024-03-05,Cancelled
9729,1018,Mouse,1,1225.27,2024-08-22,Cancelled
9730,1409,Keyboard,2,110.28,2024-10-14,Pending
9731,1096,Tablet,3,165.26,2024-06-03,Completed
9732,1541,Mouse,4,1920.13,2024-09-27,Cancelled
9733,1200,Mouse,3,1311.03,2024-02-11,Completed
9734,1479,Mouse,1,385.81,2024-07-18,Cancelled
9735,1463,Phone,1,1087.29,2024-08-29,Pending
9736,1562,Headphones,3,1854.59,2024-06-06,Cancelled
9737,1129,Headphones,2,1159.79,2024-09-05,Completed
9738,1231,Laptop,1,1045.6,2024-07-23,Pending
9739,1331,Tablet,3,1498.72,2024-06-13,Cancelled
9740,1021,Keyboard,4,1442.61,2024-07-31,Pending
9741,1240,Headphones,3,220.36,2024-10-09,Pending
9742,1307,Keyboard,4,63.02,2024-07-06,Shipped
9743,1677,Headphones,3,378.17,2024-01-06,Pending
9744,1378,Tablet,1,1757.32,2024-03-04,Completed
9745,1366,Phone,2,1029.03,2024-06-29,Completed
9746,1079,Monitor,4,1365.78,2024-11-10,Pending
9747,1827,Tablet,1,1109.88,2024-05-18,Cancelled
9748,1045,Headphones,4,1958.87,2024-12-11,Cancelled
9749,1302,Keyboard,3,648.6,2024-04-04,Pending
9750,1357,Headphones,4,1849.92,2024-01-25,Pending
9751,1570,Keyboard,1,1594.12,2024-10-11,Shipped
9752,1276,Keyboard,3,1984.74,2024-12-24,Completed
9753,1106,Keyboard,2,631.87,2024-07-02,Completed
9754,1424,Monitor,2,1196.26,2024-10-21,Cancelled
9755,1617,Phone,2,1228.79,2024-07-06,Shipped
9756,1422,Laptop,3,1067.6,2024-09-11,Cancelled
9757,1765,Tablet,1,276.82,2024-06-19,Cancelled
9758,1512,Monitor,2,1061.96,2024-08-14,Shipped
9759,1571,Monitor,1,254.13,2024-08-04,Shipped
9760,1051,Keyboard,1,1125.79,2024-12-21,Shipped
9761,1156,Tablet,4,361.95,2024-08-13,Shipped
9762,1639,Mouse,2,381.13,2024-04-22,Shipped
9763,1570,Laptop,3,1157.88,2024-11-08,Cancelled
9764,1964,Tablet,4,1133.34,2024-07-28,Pending
9765,1917,Phone,1,1607.66,2024-07-29,Cancelled
9766,1773,Keyboard,3,888.02,2024-11-13,Completed
9767,1358,Keyboard,1,1406.49,2024-01-28,Pending
9768,1332,Laptop,3,1788.58,2024-04-28,Pending
9769,1502,Monitor,4,624.48,2024-02-17,Pending
9770,1555,Monitor,4,1747.75,2024-06-24,Cancelled
9771,1299,Tablet,4,997.45,2024-03-25,Completed
9772,1742,Monitor,4,352.97,2024-10-29,Completed
9773,1655,Headphones,2,614.47,2024-04-13,Shipped
9774,1756,Phone,2,1425.75,2024-10-07,Cancelled
9775,1545,Monitor,1,1198.41,2024-03-03,Pending
9776,1578,Keyboard,4,580.82,2024-12-14,Pending
9777,1750,Keyboard,2,558.39,2024-03-14,Completed
9778,1794,Monitor,1,1540.98,2024-08-15,Pending
9779,1123,Keyboard,1,1380.57,2024-11-10,Pending
9780,1380,Monitor,3,1519.17,2024-02-01,Shipped
9781,1835,Mouse,4,1128.63,2024-11-18,Shipped
9782,1610,Laptop,4,1990.72,2024-04-14,Pending
9783,1578,Keyboard,3,954.21,2024-07-06,Shipped
9784,1031,Mouse,3,416.27,2024-01-26,Pending
9785,1159,Phone,3,1896.61,2024-12-09,Cancelled
9786,1857,Phone,4,376.33,2024-05-27,Shipped
9787,1342,Phone,1,105.2,2024-06-16,Cancelled
9788,1102,Monitor,3,1157.49,2024-04-24,Completed
9789,1779,Keyboard,2,1669.57,2024-06-27,Completed
9790,1903,Tablet,1,1830.57,2024-09-28,Cancelled
9791,1757,Mouse,3,1582.1,2024-05-05,Pending
9792,1603,Tablet,2,1610.41,2024-06-14,Completed
9793,1753,Headphones,2,221.96,2024-04-21,Completed
9794,1562,Monitor,2,1606.41,2024-09-21,Pending
9795,1227,Mouse,3,1017.8,2024-08-01,Pending
9796,1870,Phone,3,1439.82,2024-07-22,Completed
9797,1091,Keyboard,1,1726.11,2024-01-07,Pending
9798,1157,Headphones,3,282.49,2024-12-16,Pending
9799,1578,Mouse,2,948.46,2024-07-15,Cancelled
9800,1419,Monitor,2,468.38,2024-08-03,Completed
9801,1731,Phone,3,854.85,2024-04-18,Shipped
9802,1779,Mouse,1,501.58,2024-12-11,Pending
9803,1006,Headphones,2,436.44,2024-02-10,Pending
9804,1531,Monitor,4,485.65,2024-08-19,Pending
9805,1810,Mouse,4,1996.78,2024-01-27,Shipped
9806,1737,Tablet,1,1078.27,2024-11-19,Cancelled
9807,1386,Mouse,2,1719.34,2024-04-14,Completed
9808,1266,Keyboard,4,908.52,2024-01-20,Shipped
9809,1279,Tablet,1,754.55,2024-01-27,Shipped
9810,1597,Monitor,1,1287.84,2024-05-28,Shipped
9811,1651,Laptop,3,1446.59,2024-03-23,Cancelled
9812,1544,Monitor,4,1225.78,2024-07-18,Completed
9813,1947,Keyboard,1,557.47,2024-09-12,Cancelled
9814,1624,Laptop,1,1664.13,2024-10-09,Shipped
9815,1302,Headphones,2,655.77,2024-01-01,Cancelled
9816,1728,Mouse,3,1152.44,2024-10-16,Pending
9817,1920,Keyboard,4,1837.26,2024-07-27,Pending
9818,1420,Laptop,4,654.75,2024-01-08,Pending
9819,1562,Headphones,4,674.61,2024-03-29,Cancelled
9820,1222,Mouse,3,1779.43,2024-12-15,Shipped
9821,1090,Phone,3,1442.16,2024-12-01,Shipped
9822,1980,Keyboard,4,1201.33,2024-05-14,Completed
9823,1706,Keyboard,1,1808.57,2024-04-03,Shipped
9824,1493,Phone,1,1031.62,2024-07-29,Cancelled
9825,1755,Laptop,4,1974.28,2024-10-25,Pending
9826,1610,Headphones,4,1499.41,2024-11-28,Completed
9827,1823,Mouse,3,903.09,2024-01-05,Cancelled
9828,1194,Mouse,3,1846.46,2024-08-04,Cancelled
9829,1225,Keyboard,2,1064.12,2024-01-20,Cancelled
9830,1364,Laptop,4,1501.38,2024-02-25,Completed
9831,1170,Keyboard,4,1586.03,2024-01-27,Cancelled
9832,1462,Laptop,3,1669.39,2024-08-01,Pending
9833,1621,Phone,4,430.72,2024-12-27,Cancelled
9834,1187,Headphones,1,863.35,2024-05-30,Pending
9835,1941,Monitor,3,732.42,2024-08-27,Cancelled
9836,1805,Mouse,2,1489.94,2024-09-27,Cancelled
9837,1032,Monitor,1,127.7,2024-04-09,Cancelled
9838,1058,Headphones,3,839.4,2024-07-05,Pending
9839,1193,Laptop,2,1478.84,2024-07-16,Completed
9840,1375,Monitor,1,239.18,2024-11-05,Shipped
9841,1279,Phone,3,646.75,2024-11-21,Pending
9842,1932,Monitor,1,1315.87,2024-05-20,Completed
9843,1800,Mouse,3,1822.2,2024-01-31,Pending
9844,1727,Laptop,3,113.61,2024-08-21,Pending
9845,1228,Monitor,4,611.59,2024-10-31,Pending
9846,1487,Headphones,3,1544.77,2024-11-18,Completed
9847,1703,Keyboard,1,1367.01,2024-06-12,Cancelled
9848,1689,Laptop,3,613.64,2024-09-25,Pending
9849,1295,Headphones,4,1382.93,2024-05-18,Pending
9850,1741,Headphones,1,911.01,2024-12-20,Pending
9851,1700,Keyboard,1,545.5,2024-09-08,Cancelled
9852,1436,Mouse,1,1486.85,2024-06-11,Pending
9853,1581,Headphones,2,530.26,2024-10-27,Pending
9854,1402,Keyboard,2,1861.28,2024-01-30,Shipped
9855,1854,Mouse,4,1002.5,2024-09-20,Cancelled
9856,1499,Phone,2,884.92,2024-04-11,Shipped
9857,1970,Laptop,4,1218.85,2024-02-19,Cancelled
9858,1447,Headphones,2,1707.05,2024-11-21,Cancelled
9859,1602,Laptop,3,1007.31,2024-07-13,Cancelled
9860,1221,Monitor,3,806.0,2024-02-24,Pending
9861,1877,Mouse,4,91.05,2024-08-01,Completed
9862,1174,Mouse,4,649.39,2024-05-13,Shipped
9863,1591,Keyboard,2,134.13,2024-10-05,Pending
9864,1090,Phone,1,1871.86,2024-09-24,Shipped
9865,1545,Mouse,2,652.87,2024-06-04,Completed
9866,1825,Tablet,1,1577.15,2024-03-04,Shipped
9867,1985,Keyboard,2,787.28,2024-10-05,Pending
9868,1494,Phone,1,1271.23,2024-08-21,Shipped
9869,1756,Monitor,3,1427.01,2024-12-24,Completed
9870,1884,Laptop,3,475.05,2024-08-03,Shipped
9871,1677,Laptop,2,1483.34,2024-11-18,Completed
9872,1764,Headphones,1,1411.38,2024-08-21,Cancelled
9873,1936,Headphones,3,1552.92,2024-10-25,Shipped
9874,1495,Phone,4,1934.32,2024-09-08,Shipped
9875,1725,Monitor,2,1183.31,2024-03-23,Cancelled
9876,1818,Tablet,1,688.5,2024-02-22,Shipped
9877,1773,Phone,3,1405.64,2024-01-14,Pending
9878,1052,Tablet,4,169.77,2024-03-18,Cancelled
9879,1549,Phone,2,787.18,2024-02-09,Pending
9880,1377,Phone,4,258.48,2024-06-15,Cancelled
9881,1069,Headphones,2,1511.77,2024-04-20,Cancelled
9882,1178,Laptop,1,1319.74,2024-12-21,Shipped
9883,1817,Phone,3,315.81,2024-11-14,Cancelled
9884,1550,Laptop,1,1027.11,2024-12-22,Completed
9885,1203,Keyboard,3,1827.04,2024-09-09,Cancelled
9886,1653,Mouse,1,1411.71,2024-12-12,Cancelled
9887,1259,Mouse,1,1229.94,2024-06-08,Pending
9888,1406,Phone,2,1461.6,2024-07-08,Shipped
9889,1497,Monitor,3,1776.98,2024-04-07,Completed
9890,1282,Laptop,2,1276.47,2024-01-11,Pending
9891,1990,Mouse,1,1260.46,2024-03-14,Pending
9892,1479,Laptop,4,1927.72,2024-10-12,Completed
9893,1492,Phone,4,230.8,2024-05-17,Shipped
9894,1137,Laptop,1,1790.08,2024-04-24,Pending
9895,1806,Phone,2,140.4,2024-07-07,Completed
9896,1903,Tablet,4,1411.75,2024-11-14,Completed
9897,1690,Keyboard,1,430.95,2024-03-07,Pending
9898,1352,Laptop,3,1175.5,2024-08-19,Cancelled
9899,1995,Tablet,1,1588.79,2024-12-15,Pending
9900,1272,Laptop,2,1152.53,2024-09-01,Completed
9901,1126,Laptop,1,369.22,2024-01-15,Completed
9902,1786,Keyboard,2,538.34,2024-09-14,Completed
9903,1523,Tablet,3,194.08,2024-10-15,Pending
9904,1814,Mouse,4,127.79,2024-09-27,Completed
9905,1732,Keyboard,2,1903.24,2024-02-25,Shipped
9906,1428,Laptop,1,925.24,2024-04-05,Completed
9907,1243,Tablet,2,212.86,2024-03-21,Cancelled
9908,1688,Keyboard,3,1767.56,2024-07-24,Completed
9909,1598,Tablet,4,1871.42,2024-10-26,Completed
9910,1526,Headphones,2,798.95,2024-10-24,Pending
9911,1145,Mouse,2,1429.93,2024-04-21,Completed
9912,1567,Phone,1,503.82,2024-02-04,Pending
9913,1773,Phone,3,1103.55,2024-02-17,Completed
9914,1539,Monitor,2,746.4,2024-07-05,Cancelled
9915,1130,Keyboard,1,1278.42,2024-03-02,Pending
9916,1831,Tablet,1,160.26,2024-07-07,Cancelled
9917,1608,Tablet,4,1356.83,2024-11-09,Pending
9918,1762,Mouse,1,1706.87,2024-01-06,Completed
9919,1864,Keyboard,1,690.02,2024-10-18,Cancelled
9920,1410,Laptop,3,1298.25,2024-11-05,Pending
9921,1813,Tablet,1,215.57,2024-10-23,Cancelled
9922,1371,Tablet,2,1911.12,2024-06-21,Completed
9923,1119,Keyboard,3,366.21,2024-03-21,Pending
9924,1030,Tablet,4,132.63,2024-01-24,Cancelled
9925,1005,Monitor,4,1273.54,2024-01-08,Completed
9926,1032,Mouse,1,1047.44,2024-01-22,Completed
9927,1341,Mouse,4,1095.94,2024-04-28,Shipped
9928,1257,Mouse,1,1112.81,2024-07-20,Cancelled
9929,1532,Mouse,1,618.49,2024-02-18,Completed
9930,1484,Keyboard,3,1710.76,2024-12-23,Shipped
9931,1909,Tablet,2,1755.87,2024-02-21,Completed
9932,1198,Laptop,1,606.21,2024-05-03,Cancelled
9933,1646,Laptop,1,1562.5,2024-12-22,Pending
9934,1022,Monitor,4,1960.85,2024-12-08,Shipped
9935,1430,Monitor,3,174.52,2024-10-04,Pending
9936,1857,Mouse,2,1400.14,2024-09-30,Completed
9937,1168,Headphones,2,1129.91,2024-10-14,Cancelled
9938,1205,Keyboard,2,1254.45,2024-03-19,Completed
9939,1959,Laptop,1,1166.74,2024-04-22,Shipped
9940,1550,Mouse,2,678.6,2024-05-25,Completed
9941,1525,Laptop,2,387.86,2024-10-22,Shipped
9942,1331,Headphones,3,1262.79,2024-06-29,Shipped
9943,1942,Headphones,3,1377.82,2024-02-16,Completed
9944,1371,Headphones,1,243.45,2024-04-03,Completed
9945,1579,Keyboard,3,1440.88,2024-04-21,Pending
9946,1599,Phone,2,123.18,2024-12-05,Completed
9947,1901,Tablet,4,1625.68,2024-05-05,Shipped
9948,1986,Tablet,2,707.27,2024-01-22,Shipped
9949,1090,Tablet,2,1354.44,2024-05-23,Pending
9950,1647,Monitor,3,674.36,2024-09-12,Cancelled
9951,1624,Keyboard,2,1465.46,2024-05-26,Shipped
9952,1087,Mouse,3,1157.83,2024-03-18,Completed
9953,1412,Mouse,4,1849.54,2024-06-30,Completed
9954,1537,Laptop,2,433.72,2024-02-23,Completed
9955,1139,Phone,1,965.62,2024-02-01,Completed
9956,1173,Headphones,3,109.05,2024-03-20,Cancelled
9957,1561,Phone,2,1747.76,2024-10-05,Shipped
9958,1123,Monitor,3,326.61,2024-09-18,Pending
9959,1037,Mouse,2,419.55,2024-12-07,Pending
9960,1052,Keyboard,4,783.95,2024-08-10,Cancelled
9961,1267,Monitor,4,1135.65,2024-03-11,Shipped
9962,1052,Headphones,3,580.14,2024-03-17,Pending
9963,1154,Tablet,4,1325.68,2024-11-19,Completed
9964,1853,Mouse,1,793.59,2024-07-01,Completed
9965,1020,Headphones,1,1819.68,2024-04-13,Pending
9966,1969,Laptop,3,811.02,2024-10-16,Pending
9967,1999,Monitor,2,465.05,2024-12-31,Cancelled
9968,1611,Monitor,2,147.21,2024-07-24,Cancelled
9969,1456,Laptop,3,453.3,2024-08-07,Cancelled
9970,1572,Monitor,1,1771.08,2024-09-12,Shipped
9971,1174,Headphones,4,1823.78,2024-04-23,Shipped
9972,1295,Laptop,2,464.42,2024-10-14,Cancelled
9973,1736,Headphones,3,517.85,2024-01-26,Completed
9974,1576,Laptop,1,1271.19,2024-05-22,Cancelled
9975,1617,Phone,1,1871.74,2024-11-05,Shipped
9976,1279,Mouse,4,1398.37,2024-08-26,Completed
9977,1934,Phone,3,407.67,2024-08-01,Completed
9978,1508,Tablet,3,1953.98,2024-04-22,Cancelled
9979,1240,Headphones,3,1369.52,2024-09-12,Pending
9980,1368,Headphones,3,914.28,2024-04-15,Completed
9981,1193,Monitor,4,445.28,2024-10-21,Shipped
9982,1011,Laptop,2,292.78,2024-02-11,Shipped
9983,1243,Mouse,3,1038.9,2024-04-23,Completed
9984,1426,Headphones,1,1875.6,2024-02-15,Cancelled
9985,1628,Tablet,1,1110.23,2024-10-11,Cancelled
9986,1247,Tablet,3,1131.79,2024-11-07,Shipped
9987,1438,Monitor,3,1753.8,2024-10-17,Cancelled
9988,1950,Keyboard,4,625.08,2024-11-29,Cancelled
9989,1018,Keyboard,3,1745.87,2024-07-25,Cancelled
9990,1401,Headphones,4,650.14,2024-02-13,Cancelled
9991,1533,Headphones,3,893.77,2024-10-31,Cancelled
9992,1761,Tablet,1,1975.26,2024-05-03,Shipped
9993,1194,Keyboard,4,781.78,2024-12-11,Shipped
9994,1138,Keyboard,3,1500.31,2024-02-26,Cancelled
9995,1288,Tablet,3,623.15,2024-03-31,Completed
9996,1245,Mouse,1,1973.85,2024-08-23,Pending
9997,1366,Laptop,1,509.26,2024-03-22,Pending
9998,1735,Tablet,2,1136.13,2024-09-22,Shipped
9999,1689,Keyboard,3,1904.9,2024-05-16,Cancelled
10000,1013,Phone,3,1463.17,2024-11-05,Shipped
10001,1234,Laptop,3,229.76,2024-09-07,Cancelled
10002,1837,Phone,4,1150.83,2024-12-28,Cancelled
10003,1362,Keyboard,2,1082.41,2024-09-01,Shipped
10004,1766,Mouse,4,765.37,2024-01-18,Cancelled
10005,1368,Keyboard,2,472.77,2024-03-11,Pending
10006,1230,Mouse,2,1726.16,2024-03-04,Pending
10007,1948,Tablet,2,1881.09,2024-12-04,Shipped
10008,1225,Tablet,3,1452.35,2024-05-21,Shipped
10009,1564,Keyboard,2,776.54,2024-10-23,Completed
10010,1063,Mouse,1,526.64,2024-11-28,Shipped
10011,1609,Mouse,4,1049.09,2024-07-18,Completed
10012,1582,Monitor,4,1459.66,2024-05-30,Cancelled
10013,1580,Phone,4,982.28,2024-03-16,Shipped
10014,1532,Phone,1,92.99,2024-12-07,Completed
10015,1805,Laptop,2,747.89,2024-04-26,Shipped
10016,1836,Phone,1,418.23,2024-01-03,Cancelled
10017,1537,Phone,2,1666.22,2024-12-03,Cancelled
10018,1881,Phone,2,1193.95,2024-02-08,Shipped
10019,1729,Phone,1,1032.82,2024-09-17,Shipped
10020,1640,Tablet,1,700.41,2024-07-24,Cancelled
10021,1371,Mouse,2,1392.61,2024-11-01,Shipped
10022,1386,Monitor,2,984.5,2024-01-26,Shipped
10023,1692,Laptop,2,1698.0,2024-11-10,Shipped
10024,1653,Monitor,3,1955.8,2024-07-07,Cancelled
10025,1792,Keyboard,1,1949.74,2024-09-18,Completed
10026,1415,Keyboard,1,253.6,2024-07-13,Cancelled
10027,1026,Monitor,1,1642.25,2024-10-18,Cancelled
10028,1799,Mouse,2,1555.73,2024-02-11,Cancelled
10029,1047,Laptop,4,808.08,2024-10-14,Pending
10030,1450,Keyboard,2,102.86,2024-02-29,Cancelled
10031,1059,Phone,2,829.37,2024-09-04,Pending
10032,1333,Tablet,3,887.04,2024-10-30,Pending
10033,1231,Monitor,1,1935.4,2024-08-04,Shipped
10034,1131,Monitor,4,1037.21,2024-07-19,Completed
10035,1797,Phone,4,1396.45,2024-10-27,Completed
10036,1747,Laptop,3,1279.06,2024-09-09,Cancelled
10037,1073,Monitor,4,1300.97,2024-05-02,Cancelled
10038,1428,Phone,1,780.68,2024-04-17,Pending
10039,1259,Laptop,1,1526.4,2024-03-17,Completed
10040,1479,Keyboard,3,518.95,2024-04-01,Pending
10041,1517,Headphones,1,1774.1,2024-03-24,Completed
10042,1864,Monitor,3,1719.42,2024-11-27,Completed
10043,1417,Mouse,3,382.25,2024-07-20,Completed
10044,1638,Phone,3,1492.98,2024-09-29,Cancelled
10045,1238,Laptop,3,1229.11,2024-06-04,Cancelled
10046,1453,Keyboard,2,1055.4,2024-10-30,Cancelled
10047,1025,Laptop,1,1806.09,2024-03-12,Completed
10048,1356,Headphones,3,427.11,2024-10-26,Shipped
10049,1108,Tablet,4,121.27,2024-03-22,Shipped
10050,1002,Keyboard,3,220.18,2024-09-05,Completed
10051,1569,Monitor,3,685.64,2024-09-09,Pending
10052,1854,Monitor,3,682.02,2024-08-08,Completed
10053,1378,Keyboard,2,1730.61,2024-04-16,Pending
10054,1169,Keyboard,3,703.54,2024-01-04,Shipped
10055,1593,Headphones,2,1511.75,2024-03-13,Completed
10056,1475,Monitor,4,1640.27,2024-10-02,Completed
10057,1956,Laptop,3,661.82,2024-04-01,Cancelled
10058,1902,Monitor,2,686.75,2024-01-02,Completed
10059,1359,Monitor,4,1634.56,2024-02-16,Pending
10060,1113,Laptop,1,1027.48,2024-10-07,Shipped
10061,1482,Phone,2,797.62,2024-04-10,Shipped
10062,1689,Mouse,1,1313.02,2024-06-10,Cancelled
10063,1263,Mouse,2,294.85,2024-09-01,Shipped
10064,1070,Headphones,2,1045.69,2024-02-25,Completed
10065,1688,Phone,3,316.47,2024-10-27,Pending
10066,1679,Keyboard,2,1894.76,2024-12-20,Pending
10067,1911,Mouse,3,627.3,2024-08-08,Cancelled
10068,1306,Keyboard,1,1680.66,2024-08-25,Pending
10069,1409,Monitor,1,260.73,2024-12-05,Shipped
10070,1303,Phone,2,860.6,2024-02-01,Completed
10071,1734,Laptop,2,710.54,2024-04-13,Shipped
10072,1409,Mouse,1,1845.19,2024-05-05,Pending
10073,1208,Phone,3,1846.23,2024-11-18,Pending
10074,1633,Keyboard,1,1629.01,2024-01-17,Completed
10075,1233,Phone,4,944.3,2024-04-10,Cancelled
10076,1213,Tablet,1,1716.05,2024-02-16,Shipped
10077,1474,Headphones,1,989.57,2024-09-04,Shipped
10078,1236,Mouse,1,1458.98,2024-01-08,Shipped
10079,1506,Tablet,4,443.15,2024-12-13,Pending
10080,1135,Monitor,1,1326.26,2024-02-07,Pending
10081,1624,Mouse,3,295.48,2024-09-20,Pending
10082,1820,Keyboard,1,709.76,2024-03-26,Completed
10083,1036,Headphones,2,1844.65,2024-02-24,Completed
10084,1239,Keyboard,1,759.11,2024-03-26,Shipped
10085,1006,Tablet,2,1401.25,2024-08-28,Pending
10086,1558,Tablet,4,1207.83,2024-03-26,Cancelled
10087,1083,Keyboard,2,62.7,2024-07-21,Cancelled
10088,1283,Phone,1,1060.05,2024-03-30,Pending
10089,1022,Headphones,2,1653.61,2024-07-08,Pending
10090,1718,Mouse,1,803.59,2024-04-05,Shipped
10091,1229,Keyboard,4,1022.25,2024-01-09,Shipped
10092,1073,Monitor,2,889.67,2024-11-19,Pending
10093,1255,Headphones,3,1303.36,2024-06-18,Shipped
10094,1334,Keyboard,4,801.78,2024-03-23,Completed
10095,1152,Phone,1,1816.23,2024-06-22,Shipped
10096,1031,Keyboard,3,1420.09,2024-05-12,Completed
10097,1437,Mouse,4,1506.61,2024-11-13,Pending
10098,1516,Monitor,2,819.49,2024-01-13,Completed
10099,1260,Monitor,2,420.91,2024-05-16,Completed
10100,1036,Mouse,1,106.47,2024-05-01,Pending
10101,1511,Tablet,1,1546.34,2024-12-07,Pending
10102,1263,Keyboard,2,336.92,2024-01-26,Shipped
10103,1028,Laptop,3,92.82,2024-08-25,Pending
10104,1923,Phone,1,1325.83,2024-02-28,Shipped
10105,1011,Phone,1,1021.49,2024-11-11,Pending
10106,1731,Laptop,3,439.54,2024-08-15,Shipped
10107,1866,Tablet,1,1132.21,2024-03-27,Pending
10108,1576,Phone,4,1232.6,2024-11-04,Shipped
10109,1880,Laptop,2,1536.71,2024-01-13,Shipped
10110,1571,Monitor,3,267.38,2024-09-29,Completed
10111,1645,Mouse,4,1339.75,2024-07-30,Completed
10112,1223,Laptop,1,205.92,2024-07-02,Cancelled
10113,1041,Laptop,4,1132.92,2024-07-28,Shipped
10114,1734,Tablet,4,384.24,2024-08-26,Completed
10115,1268,Laptop,1,1754.59,2024-09-12,Pending
10116,1793,Keyboard,4,1985.16,2024-12-31,Completed
10117,1881,Headphones,4,1168.02,2024-12-07,Completed
10118,1179,Mouse,2,586.77,2024-01-26,Cancelled
10119,1643,Monitor,2,1792.91,2024-03-14,Completed
10120,1131,Phone,3,1889.45,2024-05-27,Shipped
10121,1027,Tablet,1,1419.44,2024-11-24,Completed
10122,1035,Mouse,2,1094.62,2024-10-10,Shipped
10123,1841,Mouse,2,1446.55,2024-04-19,Pending
10124,1126,Keyboard,3,1388.15,2024-01-11,Pending
10125,1085,Keyboard,3,1605.3,2024-08-06,Shipped
10126,1763,Phone,2,965.9,2024-05-05,Shipped
10127,1349,Headphones,3,1654.76,2024-08-08,Cancelled
10128,1797,Keyboard,3,1927.21,2024-05-25,Completed
10129,1700,Keyboard,2,926.74,2024-10-18,Shipped
10130,1648,Tablet,3,1813.01,2024-01-15,Pending
10131,1580,Headphones,4,1490.35,2024-11-27,Cancelled
10132,1617,Phone,4,384.07,2024-02-23,Shipped
10133,1183,Keyboard,3,765.17,2024-11-10,Pending
10134,1525,Mouse,1,74.22,2024-05-23,Cancelled
10135,1795,Monitor,3,1814.3,2024-05-04,Pending
10136,1803,Mouse,4,422.19,2024-09-03,Pending
10137,1468,Phone,3,1207.53,2024-07-10,Completed
10138,1361,Monitor,2,1843.49,2024-09-28,Pending
10139,1909,Phone,3,255.26,2024-09-19,Cancelled
10140,1492,Mouse,1,823.21,2024-01-01,Completed
10141,1250,Headphones,2,1724.69,2024-10-21,Shipped
10142,1062,Laptop,3,1847.37,2024-03-22,Completed
10143,1786,Phone,4,1792.85,2024-03-12,Pending
10144,1798,Keyboard,4,317.41,2024-07-29,Cancelled
10145,1004,Headphones,4,349.38,2024-01-14,Shipped
10146,1305,Mouse,3,938.32,2024-09-29,Shipped
10147,1733,Headphones,1,734.27,2024-01-09,Shipped
10148,1373,Mouse,1,502.33,2024-01-09,Completed
10149,1814,Tablet,1,1329.32,2024-11-12,Shipped
10150,1267,Mouse,4,1570.83,2024-04-13,Pending
10151,1501,Laptop,4,1497.18,2024-08-30,Pending
10152,1283,Mouse,2,1530.98,2024-10-26,Shipped
10153,1457,Keyboard,3,1486.67,2024-11-15,Pending
10154,1404,Keyboard,3,828.18,2024-07-13,Shipped
10155,1858,Mouse,3,261.42,2024-08-22,Completed
10156,1164,Mouse,2,233.1,2024-01-18,Pending
10157,1915,Tablet,4,1554.48,2024-05-04,Cancelled
10158,1539,Headphones,3,849.94,2024-07-23,Pending
10159,1037,Keyboard,1,1384.54,2024-04-23,Shipped
10160,1494,Tablet,4,1892.91,2024-01-11,Completed
10161,1591,Headphones,3,1318.03,2024-07-20,Cancelled
10162,1018,Tablet,3,734.49,2024-11-13,Shipped
10163,1495,Headphones,1,1486.68,2024-08-15,Pending
10164,1469,Laptop,2,1067.98,2024-11-27,Cancelled
10165,1525,Headphones,2,1702.69,2024-08-08,Pending
10166,1677,Laptop,2,1150.05,2024-03-25,Shipped
10167,1219,Headphones,1,1704.74,2024-01-08,Cancelled
10168,1164,Tablet,3,1922.61,2024-12-13,Shipped
10169,1962,Laptop,2,524.62,2024-08-02,Cancelled
10170,1908,Phone,4,1427.86,2024-12-04,Cancelled
10171,1823,Phone,1,1273.54,2024-07-03,Cancelled
10172,1269,Headphones,4,200.14,2024-12-07,Cancelled
10173,1601,Tablet,2,617.83,2024-07-21,Completed
10174,1554,Tablet,2,488.24,2024-01-09,Cancelled
10175,1342,Mouse,3,1278.6,2024-04-20,Completed
10176,1664,Tablet,2,858.69,2024-03-13,Pending
10177,1883,Monitor,1,555.08,2024-02-04,Completed
10178,1145,Monitor,3,236.13,2024-01-09,Cancelled
10179,1340,Keyboard,2,1738.51,2024-01-24,Cancelled
10180,1741,Laptop,3,884.47,2024-01-18,Completed
10181,1994,Laptop,2,452.82,2024-03-11,Cancelled
10182,1264,Tablet,3,78.65,2024-07-23,Shipped
10183,1413,Phone,1,1858.48,2024-08-01,Shipped
10184,1569,Headphones,1,769.56,2024-05-24,Pending
10185,1852,Keyboard,2,1655.0,2024-11-21,Shipped
10186,1292,Mouse,2,1168.63,2024-09-25,Shipped
10187,1917,Mouse,3,1112.39,2024-09-19,Completed
10188,1250,Laptop,3,510.36,2024-10-12,Shipped
10189,1856,Monitor,3,1207.98,2024-01-31,Completed
10190,1679,Laptop,4,1594.8,2024-07-24,Shipped
10191,1112,Phone,3,1009.74,2024-05-04,Completed
10192,1309,Tablet,4,1397.92,2024-07-13,Cancelled
10193,1886,Keyboard,3,1367.33,2024-08-20,Cancelled
10194,1802,Phone,2,79.06,2024-06-22,Pending
10195,1083,Phone,4,1467.33,2024-06-23,Cancelled
10196,1068,Headphones,2,294.31,2024-10-16,Cancelled
10197,1864,Phone,4,1362.05,2024-07-04,Completed
10198,1962,Mouse,1,1589.73,2024-07-31,Cancelled
10199,1074,Keyboard,1,1738.78,2024-07-21,Pending
10200,1282,Mouse,2,687.84,2024-10-27,Pending
10201,1089,Laptop,3,652.25,2024-03-10,Completed
10202,1473,Keyboard,3,1787.08,2024-10-02,Cancelled
10203,1505,Tablet,4,556.69,2024-09-29,Completed
10204,1502,Tablet,3,770.09,2024-04-16,Shipped
10205,1615,Mouse,1,847.74,2024-11-17,Shipped
10206,1975,Mouse,1,817.49,2024-04-12,Cancelled
10207,1094,Tablet,3,1527.43,2024-10-02,Cancelled
10208,1870,Phone,3,683.72,2024-10-20,Cancelled
10209,1830,Keyboard,3,380.19,2024-01-06,Shipped
10210,1649,Phone,4,1518.0,2024-10-15,Shipped
10211,1934,Tablet,4,1170.48,2024-02-13,Shipped
10212,1719,Laptop,4,330.87,2024-08-06,Completed
10213,1281,Mouse,4,260.15,2024-06-24,Cancelled
10214,1418,Keyboard,2,1313.08,2024-01-09,Completed
10215,1289,Headphones,4,455.08,2024-09-12,Pending
10216,1229,Keyboard,2,919.32,2024-08-14,Completed
10217,1802,Monitor,1,669.66,2024-12-03,Completed
10218,1897,Tablet,3,432.38,2024-07-29,Pending
10219,1580,Keyboard,2,326.82,2024-10-12,Cancelled
10220,1229,Headphones,3,434.69,2024-02-15,Cancelled
10221,1395,Headphones,3,1247.1,2024-06-26,Completed
10222,1356,Headphones,2,165.6,2024-09-23,Shipped
10223,1357,Tablet,4,424.23,2024-12-28,Cancelled
10224,1498,Tablet,2,1692.09,2024-05-10,Completed
10225,1613,Mouse,1,1010.04,2024-10-19,Pending
10226,1156,Tablet,1,349.05,2024-01-23,Shipped
10227,1851,Phone,1,1861.45,2024-07-20,Pending
10228,1074,Monitor,3,1271.35,2024-05-14,Shipped
10229,1822,Phone,2,1155.75,2024-01-12,Shipped
10230,1145,Keyboard,1,1182.36,2024-01-05,Completed
10231,1037,Mouse,2,1791.47,2024-05-22,Cancelled
10232,1420,Keyboard,4,1011.0,2024-12-12,Cancelled
10233,1760,Mouse,3,703.97,2024-12-30,Shipped
10234,1786,Keyboard,3,1569.81,2024-03-20,Cancelled
10235,1981,Tablet,4,1798.65,2024-04-24,Pending
10236,1330,Monitor,4,765.94,2024-07-28,Shipped
10237,1523,Keyboard,1,366.1,2024-04-04,Completed
10238,1350,Monitor,4,1980.8,2024-01-01,Shipped
10239,1981,Keyboard,1,1536.18,2024-12-13,Pending
10240,1478,Keyboard,4,963.88,2024-08-15,Pending
10241,1828,Tablet,1,1758.69,2024-12-04,Completed
10242,1235,Headphones,4,112.85,2024-08-03,Shipped
10243,1943,Headphones,3,324.47,2024-01-14,Pending
10244,1340,Tablet,2,1039.33,2024-05-15,Completed
10245,1255,Tablet,3,410.71,2024-03-24,Cancelled
10246,1108,Mouse,1,250.61,2024-06-26,Shipped
10247,1471,Mouse,4,1222.73,2024-05-01,Completed
10248,1623,Phone,4,1523.06,2024-09-06,Completed
10249,1836,Headphones,1,1751.91,2024-02-04,Shipped
10250,1265,Laptop,2,1554.26,2024-01-26,Cancelled
10251,1232,Monitor,1,249.85,2024-05-16,Cancelled
10252,1755,Laptop,2,903.06,2024-06-25,Pending
10253,1519,Phone,4,255.19,2024-06-20,Completed
10254,1907,Phone,4,559.59,2024-09-29,Completed
10255,1131,Monitor,1,533.43,2024-12-11,Completed
10256,1094,Headphones,1,1016.93,2024-12-31,Shipped
10257,1152,Mouse,3,1774.2,2024-08-18,Pending
10258,1674,Mouse,4,642.79,2024-03-02,Completed
10259,1457,Phone,1,1961.48,2024-04-27,Cancelled
10260,1137,Mouse,3,1125.22,2024-01-04,Shipped
10261,1632,Headphones,1,1122.66,2024-07-29,Cancelled
10262,1255,Headphones,3,744.67,2024-07-03,Pending
10263,1277,Headphones,4,378.58,2024-02-20,Pending
10264,1940,Headphones,3,1373.26,2024-07-17,Completed
10265,1384,Tablet,2,359.1,2024-03-27,Pending
10266,1409,Phone,2,882.5,2024-12-07,Completed
10267,1687,Mouse,3,1733.22,2024-03-09,Completed
10268,1910,Headphones,3,96.05,2024-10-20,Cancelled
10269,1992,Mouse,3,992.89,2024-09-22,Cancelled
10270,1800,Phone,1,946.46,2024-09-11,Cancelled
10271,1181,Keyboard,4,1929.72,2024-03-20,Completed
10272,1249,Tablet,4,1303.01,2024-08-22,Cancelled
10273,1748,Keyboard,4,228.46,2024-05-14,Completed
10274,1302,Tablet,4,1959.62,2024-06-21,Cancelled
10275,1383,Mouse,3,718.45,2024-06-02,Pending
10276,1786,Phone,3,775.43,2024-06-26,Completed
10277,1981,Mouse,4,279.4,2024-05-23,Cancelled
10278,1141,Mouse,4,178.42,2024-02-20,Shipped
10279,1256,Mouse,3,1223.0,2024-06-27,Pending
10280,1986,Headphones,2,1237.5,2024-11-11,Completed
10281,1860,Headphones,2,1428.41,2024-09-02,Shipped
10282,1054,Keyboard,3,209.89,2024-06-30,Completed
10283,1021,Tablet,4,1816.14,2024-03-13,Pending
10284,1497,Tablet,2,1712.7,2024-11-08,Completed
10285,1011,Keyboard,3,366.42,2024-10-09,Completed
10286,1869,Monitor,2,1856.98,2024-05-10,Shipped
10287,1690,Phone,4,116.25,2024-10-11,Cancelled
10288,1112,Laptop,1,726.24,2024-09-08,Cancelled
10289,1891,Mouse,1,1135.78,2024-10-17,Completed
10290,1739,Monitor,1,377.9,2024-05-24,Completed
10291,1749,Laptop,2,1251.4,2024-07-20,Shipped
10292,1323,Phone,3,989.71,2024-07-15,Shipped
10293,1697,Laptop,2,104.06,2024-05-01,Completed
10294,1154,Phone,1,1978.07,2024-04-05,Shipped
10295,1510,Phone,3,1425.84,2024-04-04,Pending
10296,1879,Tablet,1,1235.65,2024-09-25,Shipped
10297,1323,Monitor,1,416.36,2024-12-30,Cancelled
10298,1859,Headphones,1,1242.09,2024-11-16,Shipped
10299,1302,Keyboard,2,1519.13,2024-01-30,Shipped
10300,1135,Tablet,3,1679.46,2024-07-17,Shipped
10301,1910,Tablet,1,70.3,2024-12-26,Completed
10302,1734,Keyboard,3,999.67,2024-02-23,Cancelled
10303,1924,Laptop,2,1828.93,2024-09-09,Cancelled
10304,1652,Keyboard,3,1370.01,2024-09-27,Completed
10305,1298,Headphones,4,1971.25,2024-02-12,Cancelled
10306,1960,Mouse,2,1789.69,2024-06-25,Pending
10307,1558,Keyboard,2,1391.2,2024-02-11,Cancelled
10308,1193,Headphones,1,1523.25,2024-02-12,Shipped
10309,1396,Headphones,2,359.35,2024-10-26,Shipped
10310,1970,Laptop,4,1184.64,2024-10-30,Pending
10311,1521,Headphones,3,717.6,2024-01-17,Cancelled
10312,1903,Phone,4,1825.27,2024-12-24,Cancelled
10313,1101,Headphones,1,230.26,2024-07-29,Completed
10314,1462,Tablet,3,1968.14,2024-03-30,Completed
10315,1646,Mouse,3,1750.13,2024-05-19,Shipped
10316,1671,Keyboard,3,1520.3,2024-06-21,Completed
10317,1834,Keyboard,3,1238.14,2024-03-18,Pending
10318,1197,Laptop,4,1363.89,2024-12-12,Cancelled
10319,1066,Monitor,1,1736.33,2024-04-17,Pending
10320,1668,Phone,4,652.42,2024-07-27,Shipped
10321,1599,Laptop,2,703.67,2024-05-11,Shipped
10322,1944,Mouse,2,1947.13,2024-06-29,Shipped
10323,1054,Phone,2,1462.08,2024-03-11,Shipped
10324,1484,Keyboard,3,699.13,2024-03-12,Pending
10325,1283,Keyboard,2,769.15,2024-02-02,Shipped
10326,1751,Monitor,2,1380.08,2024-10-31,Shipped
10327,1049,Headphones,2,622.18,2024-04-21,Shipped
10328,1836,Phone,1,1556.47,2024-11-26,Completed
10329,1851,Keyboard,4,1355.95,2024-07-19,Cancelled
10330,1397,Mouse,2,1605.12,2024-05-15,Cancelled
10331,1837,Tablet,3,1963.47,2024-05-20,Cancelled
10332,1484,Headphones,4,488.22,2024-04-21,Pending
10333,1262,Laptop,1,1290.3,2024-07-09,Shipped
10334,1647,Mouse,4,946.92,2024-09-27,Completed
10335,1717,Monitor,1,819.87,2024-02-12,Completed
10336,1931,Mouse,1,879.64,2024-04-04,Pending
10337,1439,Monitor,1,629.32,2024-01-18,Cancelled
10338,1865,Phone,4,240.38,2024-12-05,Shipped
10339,1033,Phone,1,625.1,2024-06-18,Pending
10340,1319,Monitor,3,1853.94,2024-03-22,Shipped
10341,1850,Laptop,4,1471.6,2024-08-19,Pending
10342,1126,Headphones,2,1535.28,2024-01-28,Completed
10343,1389,Laptop,1,549.07,2024-12-07,Pending
10344,1249,Monitor,4,527.19,2024-12-03,Cancelled
10345,1355,Phone,4,1694.07,2024-03-11,Shipped
10346,1664,Monitor,1,893.77,2024-11-28,Pending
10347,1522,Mouse,2,1637.08,2024-06-24,Cancelled
10348,1784,Laptop,4,335.4,2024-12-20,Shipped
10349,1548,Keyboard,1,963.25,2024-06-29,Completed
10350,1146,Laptop,1,1339.05,2024-01-27,Pending
10351,1383,Mouse,3,1630.94,2024-06-13,Cancelled
10352,1180,Laptop,4,1188.44,2024-02-02,Pending
10353,1814,Headphones,2,208.43,2024-04-09,Shipped
10354,1068,Phone,3,123.91,2024-04-30,Shipped
10355,1181,Tablet,3,184.29,2024-09-06,Cancelled
10356,1938,Phone,2,996.42,2024-06-25,Completed
10357,1136,Laptop,4,873.36,2024-07-02,Cancelled
10358,1450,Laptop,1,1684.87,2024-06-24,Cancelled
10359,1162,Laptop,2,894.67,2024-02-09,Completed
10360,1490,Phone,1,1038.17,2024-08-11,Completed
10361,1627,Keyboard,3,899.99,2024-02-24,Pending
10362,1822,Tablet,2,1802.91,2024-04-27,Cancelled
10363,1107,Phone,4,1268.71,2024-11-26,Pending
10364,1579,Laptop,1,1890.09,2024-04-25,Cancelled
10365,1138,Tablet,2,1637.3,2024-06-29,Pending
10366,1160,Headphones,1,1365.24,2024-05-21,Shipped
10367,1095,Keyboard,4,1929.24,2024-06-03,Cancelled
10368,1737,Laptop,4,751.62,2024-12-13,Pending
10369,1570,Monitor,4,309.8,2024-10-23,Cancelled
10370,1926,Phone,1,702.56,2024-10-15,Pending
10371,1849,Phone,2,1592.3,2024-04-09,Cancelled
10372,1073,Laptop,1,1190.86,2024-01-07,Completed
10373,1851,Headphones,2,1900.25,2024-06-04,Shipped
10374,1913,Headphones,1,1049.01,2024-11-28,Shipped
10375,1379,Mouse,3,1291.86,2024-05-08,Cancelled
10376,1137,Headphones,4,506.18,2024-05-27,Completed
10377,1596,Keyboard,4,85.56,2024-03-02,Cancelled
10378,1157,Phone,1,1024.66,2024-05-27,Pending
10379,1623,Headphones,1,1219.93,2024-07-22,Cancelled
10380,1456,Keyboard,1,337.76,2024-12-30,Cancelled
10381,1061,Keyboard,3,945.41,2024-09-06,Completed
10382,1031,Keyboard,4,1540.01,2024-05-24,Pending
10383,1495,Keyboard,4,373.87,2024-01-26,Pending
10384,1040,Tablet,2,136.69,2024-11-10,Pending
10385,1424,Phone,1,1350.35,2024-07-29,Cancelled
10386,1312,Headphones,3,1373.04,2024-05-02,Shipped
10387,1256,Phone,4,229.71,2024-12-30,Shipped
10388,1677,Headphones,4,939.83,2024-05-15,Completed
10389,1072,Laptop,3,1914.25,2024-07-05,Cancelled
10390,1276,Mouse,1,1935.19,2024-11-30,Cancelled
10391,1155,Keyboard,3,944.72,2024-12-23,Pending
10392,1429,Headphones,2,1302.25,2024-11-06,Completed
10393,1917,Mouse,1,1981.78,2024-03-26,Pending
10394,1418,Keyboard,4,473.64,2024-08-03,Shipped
10395,1322,Phone,4,1906.02,2024-08-04,Completed
10396,1314,Keyboard,3,1765.39,2024-03-04,Cancelled
10397,1485,Headphones,3,168.34,2024-04-24,Shipped
10398,1994,Laptop,2,869.5,2024-12-03,Completed
10399,1089,Phone,1,843.28,2024-12-19,Cancelled
10400,1513,Keyboard,1,1634.93,2024-03-29,Shipped
10401,1541,Mouse,1,320.04,2024-06-23,Completed
10402,1762,Mouse,3,528.14,2024-04-20,Cancelled
10403,1295,Phone,4,392.14,2024-11-20,Pending
10404,1175,Keyboard,1,620.97,2024-10-05,Cancelled
10405,1805,Headphones,2,595.07,2024-10-08,Pending
10406,1557,Keyboard,1,342.46,2024-10-02,Shipped
10407,1216,Tablet,1,514.25,2024-05-13,Pending
10408,1658,Mouse,3,351.77,2024-11-28,Shipped
10409,1188,Mouse,2,97.43,2024-01-20,Cancelled
10410,1377,Keyboard,3,354.4,2024-03-09,Completed
10411,1917,Phone,4,1862.82,2024-08-05,Pending
10412,1654,Phone,1,803.7,2024-01-01,Completed
10413,1184,Tablet,3,1396.42,2024-11-28,Shipped
10414,1462,Phone,3,747.53,2024-06-10,Cancelled
10415,1769,Keyboard,3,1937.97,2024-01-08,Shipped
10416,1251,Monitor,1,637.6,2024-04-23,Pending
10417,1975,Keyboard,2,246.59,2024-08-13,Shipped
10418,1796,Tablet,4,1070.42,2024-11-07,Completed
10419,1726,Laptop,1,1855.23,2024-09-21,Cancelled
10420,1439,Phone,3,507.6,2024-05-10,Completed
10421,1449,Keyboard,2,1216.74,2024-03-05,Pending
10422,1016,Monitor,4,416.32,2024-08-19,Shipped
10423,1821,Tablet,1,1872.21,2024-05-07,Completed
10424,1395,Keyboard,4,1362.43,2024-05-29,Pending
10425,1112,Mouse,1,1398.45,2024-08-12,Cancelled
10426,1199,Monitor,2,585.62,2024-02-24,Cancelled
10427,1962,Monitor,2,1613.16,2024-09-04,Shipped
10428,1307,Monitor,3,1462.27,2024-03-01,Pending
10429,1365,Laptop,1,481.05,2024-04-30,Pending
10430,1065,Monitor,1,1764.88,2024-02-14,Pending
10431,1291,Monitor,2,1657.68,2024-04-13,Completed
10432,1884,Keyboard,1,1390.5,2024-11-05,Shipped
10433,1864,Laptop,1,1491.85,2024-03-25,Shipped
10434,1865,Mouse,3,1259.83,2024-06-07,Cancelled
10435,1066,Headphones,4,1028.75,2024-10-01,Cancelled
10436,1388,Mouse,1,1194.0,2024-05-14,Cancelled
10437,1468,Keyboard,3,211.61,2024-07-27,Completed
10438,1873,Keyboard,4,1048.78,2024-10-28,Pending
10439,1692,Mouse,1,51.62,2024-02-13,Pending
10440,1525,Mouse,2,452.5,2024-05-02,Cancelled
10441,1275,Monitor,4,1930.36,2024-04-16,Cancelled
10442,1909,Tablet,1,1871.95,2024-11-05,Cancelled
10443,1462,Headphones,1,704.87,2024-02-05,Shipped
10444,1450,Keyboard,1,1388.29,2024-08-25,Shipped
10445,1791,Mouse,2,117.79,2024-07-02,Shipped
10446,1442,Tablet,4,1993.06,2024-02-23,Completed
10447,1610,Monitor,3,647.79,2024-02-15,Cancelled
10448,1163,Phone,2,1284.19,2024-10-17,Pending
10449,1578,Tablet,4,180.75,2024-08-03,Shipped
10450,1482,Tablet,3,1695.16,2024-09-07,Pending
10451,1833,Phone,2,1902.2,2024-05-01,Pending
10452,1801,Mouse,1,103.15,2024-04-30,Completed
10453,1512,Phone,3,661.01,2024-06-20,Pending
10454,1582,Mouse,4,1651.21,2024-11-05,Shipped
10455,1442,Mouse,3,824.91,2024-01-24,Pending
10456,1855,Tablet,4,1482.13,2024-07-02,Completed
10457,1473,Laptop,4,631.82,2024-05-14,Pending
10458,1632,Laptop,2,909.63,2024-10-28,Completed
10459,1159,Laptop,1,508.7,2024-02-26,Shipped
10460,1338,Phone,3,1932.03,2024-11-20,Pending
10461,1138,Keyboard,2,1259.3,2024-05-24,Shipped
10462,1408,Laptop,2,1593.13,2024-06-15,Shipped
10463,1395,Mouse,1,896.41,2024-10-25,Shipped
10464,1378,Keyboard,1,79.61,2024-06-24,Shipped
10465,1910,Monitor,1,1612.81,2024-12-16,Shipped
10466,1025,Tablet,1,1512.67,2024-11-28,Completed
10467,1581,Keyboard,1,513.06,2024-09-07,Completed
10468,1962,Mouse,1,662.73,2024-02-27,Completed
10469,1269,Laptop,2,1428.38,2024-10-07,Shipped
10470,1394,Phone,2,1365.33,2024-02-19,Pending
10471,1001,Headphones,3,1845.56,2024-07-08,Cancelled
10472,1610,Headphones,3,747.1,2024-03-10,Pending
10473,1086,Tablet,3,1471.65,2024-02-19,Pending
10474,1293,Mouse,4,861.06,2024-01-06,Pending
10475,1967,Phone,4,1663.65,2024-08-10,Completed
10476,1154,Mouse,1,312.0,2024-02-02,Completed
10477,1122,Phone,4,706.35,2024-04-09,Completed
10478,1723,Laptop,4,937.09,2024-02-27,Pending
10479,1686,Mouse,3,840.82,2024-06-15,Completed
10480,1075,Tablet,2,280.28,2024-01-09,Shipped
10481,1586,Headphones,4,1911.8,2024-11-01,Pending
10482,1966,Mouse,1,1331.61,2024-02-17,Shipped
10483,1731,Headphones,3,285.3,2024-12-21,Shipped
10484,1828,Monitor,4,956.99,2024-11-09,Cancelled
10485,1498,Mouse,4,1727.43,2024-07-19,Completed
10486,1525,Tablet,4,623.86,2024-11-20,Cancelled
10487,1239,Monitor,1,1808.9,2024-10-28,Shipped
10488,1038,Headphones,4,1810.71,2024-08-06,Completed
10489,1619,Tablet,3,436.93,2024-01-13,Pending
10490,1014,Laptop,3,1492.11,2024-02-25,Shipped
10491,1355,Keyboard,3,1460.3,2024-07-01,Cancelled
10492,1354,Monitor,3,811.7,2024-12-17,Shipped
10493,1363,Monitor,2,722.0,2024-06-18,Cancelled
10494,1687,Phone,4,246.25,2024-01-29,Shipped
10495,1100,Monitor,2,322.17,2024-12-18,Completed
10496,1811,Keyboard,1,137.68,2024-08-23,Cancelled
10497,1886,Monitor,2,391.51,2024-12-18,Completed
10498,1310,Monitor,2,1520.27,2024-01-11,Shipped
10499,1724,Laptop,4,1527.46,2024-02-17,Shipped
10500,1227,Headphones,4,1603.27,2024-04-22,Cancelled
10501,1186,Tablet,2,1404.23,2024-02-09,Shipped
10502,1434,Keyboard,2,936.35,2024-05-31,Completed
10503,1660,Headphones,3,569.28,2024-04-25,Cancelled
10504,1015,Tablet,3,1033.34,2024-06-08,Pending
10505,1021,Headphones,4,1675.48,2024-07-13,Pending
10506,1565,Mouse,3,597.11,2024-07-15,Cancelled
10507,1066,Keyboard,2,246.56,2024-06-30,Cancelled
10508,1832,Keyboard,2,156.32,2024-04-05,Pending
10509,1633,Keyboard,4,1819.61,2024-08-11,Pending
10510,1843,Monitor,3,1621.49,2024-04-29,Completed
10511,1098,Laptop,1,1929.75,2024-04-03,Pending
10512,1992,Phone,2,98.82,2024-08-10,Pending
10513,1637,Mouse,3,583.0,2024-02-14,Shipped
10514,1079,Laptop,3,1304.12,2024-06-21,Pending
10515,1766,Headphones,1,413.52,2024-11-17,Shipped
10516,1452,Laptop,1,937.34,2024-08-13,Shipped
10517,1888,Laptop,3,836.89,2024-06-04,Cancelled
10518,1547,Laptop,1,411.55,2024-08-11,Pending
10519,1499,Headphones,3,987.14,2024-08-08,Shipped
10520,1248,Tablet,1,488.65,2024-07-14,Cancelled
10521,1828,Laptop,2,1132.24,2024-01-21,Completed
10522,1361,Keyboard,2,1024.42,2024-06-10,Completed
10523,1491,Mouse,3,973.98,2024-03-19,Pending
10524,1237,Monitor,1,1942.52,2024-10-25,Shipped
10525,1238,Phone,2,1238.71,2024-08-21,Cancelled
10526,1619,Monitor,4,846.45,2024-05-28,Pending
10527,1472,Mouse,4,292.52,2024-05-22,Completed
10528,1608,Phone,4,1637.97,2024-05-20,Shipped
10529,1149,Tablet,4,1784.29,2024-08-19,Pending
10530,1299,Tablet,3,1312.26,2024-11-18,Cancelled
10531,1908,Keyboard,2,1429.17,2024-12-18,Completed
10532,1126,Headphones,2,330.46,2024-06-15,Cancelled
10533,1799,Mouse,1,373.74,2024-01-05,Shipped
10534,1162,Laptop,3,497.31,2024-10-22,Completed
10535,1850,Headphones,2,1496.64,2024-01-09,Pending
10536,1015,Mouse,1,52.32,2024-06-06,Pending
10537,1730,Laptop,1,1499.26,2024-03-07,Pending
10538,1035,Mouse,2,1624.2,2024-01-24,Shipped
10539,1544,Tablet,3,1879.78,2024-08-10,Pending
10540,1889,Keyboard,1,882.55,2024-07-19,Completed
10541,1150,Keyboard,3,823.19,2024-05-04,Cancelled
10542,1293,Laptop,2,814.79,2024-03-07,Pending
10543,1657,Phone,4,376.03,2024-03-10,Cancelled
10544,1005,Phone,2,1246.45,2024-08-31,Pending
10545,1671,Headphones,2,1878.76,2024-06-21,Cancelled
10546,1291,Phone,1,1449.12,2024-04-09,Completed
10547,1361,Laptop,4,1718.82,2024-06-28,Completed
10548,1851,Mouse,1,416.02,2024-11-16,Pending
10549,1038,Keyboard,3,261.4,2024-08-21,Pending
10550,1705,Keyboard,3,1433.22,2024-03-12,Cancelled
10551,1053,Monitor,1,1198.83,2024-10-20,Shipped
10552,1860,Mouse,3,546.0,2024-08-30,Cancelled
10553,1023,Laptop,4,312.29,2024-06-20,Cancelled
10554,1645,Phone,4,89.33,2024-08-09,Pending
10555,1654,Mouse,3,1815.62,2024-03-20,Completed
10556,1329,Tablet,4,1580.87,2024-10-14,Completed
10557,1319,Tablet,3,77.89,2024-01-13,Completed
10558,1211,Phone,4,1179.48,2024-06-28,Shipped
10559,1259,Phone,2,961.45,2024-04-04,Shipped
10560,1361,Headphones,2,1631.72,2024-07-21,Pending
10561,1880,Mouse,2,1658.81,2024-03-23,Pending
10562,1486,Tablet,2,656.57,2024-11-18,Cancelled
10563,1965,Mouse,4,971.89,2024-08-13,Cancelled
10564,1891,Tablet,2,506.78,2024-12-17,Pending
10565,1214,Keyboard,3,1441.52,2024-08-07,Completed
10566,1866,Tablet,3,656.26,2024-05-10,Cancelled
10567,1776,Headphones,1,164.11,2024-12-18,Cancelled
10568,1953,Phone,4,483.96,2024-03-25,Pending
10569,1680,Phone,1,1603.14,2024-01-22,Completed
10570,1483,Laptop,4,1463.84,2024-06-01,Pending
10571,1072,Monitor,3,191.58,2024-11-14,Cancelled
10572,1757,Monitor,1,1444.07,2024-01-29,Cancelled
10573,1095,Laptop,1,1625.17,2024-11-02,Pending
10574,1453,Monitor,4,441.35,2024-12-31,Pending
10575,1424,Mouse,4,1652.32,2024-01-18,Cancelled
10576,1255,Monitor,1,650.12,2024-03-12,Completed
10577,1768,Laptop,2,1041.1,2024-03-26,Completed
10578,1531,Tablet,1,622.79,2024-09-21,Shipped
10579,1879,Phone,4,311.41,2024-11-06,Completed
10580,1609,Headphones,3,795.59,2024-08-21,Completed
10581,1341,Phone,3,56.42,2024-03-05,Shipped
10582,1768,Keyboard,4,499.82,2024-04-01,Shipped
10583,1461,Keyboard,3,1204.5,2024-09-06,Shipped
10584,1026,Laptop,4,1594.14,2024-07-03,Pending
10585,1239,Tablet,1,657.2,2024-08-14,Cancelled
10586,1657,Tablet,3,877.21,2024-03-16,Cancelled
10587,1216,Mouse,4,336.04,2024-12-22,Pending
10588,1243,Monitor,3,1309.51,2024-04-29,Shipped
10589,1348,Tablet,2,428.7,2024-06-07,Pending
10590,1385,Tablet,1,1754.39,2024-09-12,Pending
10591,1044,Tablet,1,880.54,2024-03-27,Completed
10592,1185,Mouse,1,445.78,2024-02-28,Pending
10593,1417,Mouse,3,853.23,2024-12-17,Cancelled
10594,1370,Monitor,3,510.62,2024-11-23,Shipped
10595,1976,Tablet,2,1878.7,2024-01-12,Completed
10596,1693,Keyboard,2,1637.49,2024-04-25,Pending
10597,1622,Laptop,2,1739.44,2024-07-02,Completed
10598,1582,Tablet,2,435.27,2024-01-19,Shipped
10599,1812,Laptop,1,1932.07,2024-06-09,Cancelled
10600,1868,Headphones,3,1952.51,2024-12-20,Pending
10601,1653,Headphones,3,751.95,2024-01-27,Completed
10602,1023,Laptop,4,1301.96,2024-08-11,Cancelled
10603,1556,Tablet,3,603.86,2024-10-06,Shipped
10604,1070,Headphones,2,899.77,2024-02-16,Completed
10605,1483,Monitor,1,1744.67,2024-11-11,Cancelled
10606,1401,Laptop,3,1941.47,2024-10-30,Cancelled
10607,1915,Keyboard,4,801.9,2024-01-04,Cancelled
10608,1807,Keyboard,3,333.99,2024-11-05,Pending
10609,1907,Keyboard,3,606.41,2024-01-05,Shipped
10610,1872,Monitor,4,1366.33,2024-03-26,Cancelled
10611,1250,Tablet,3,820.26,2024-12-09,Cancelled
10612,1972,Keyboard,3,1464.73,2024-03-30,Cancelled
10613,1808,Tablet,3,307.28,2024-04-16,Pending
10614,1237,Laptop,4,583.21,2024-06-14,Completed
10615,1421,Tablet,2,1537.46,2024-05-20,Cancelled
10616,1955,Laptop,3,1121.07,2024-08-24,Cancelled
10617,1535,Laptop,3,1526.87,2024-11-05,Shipped
10618,1663,Phone,2,1514.34,2024-08-01,Shipped
10619,1474,Monitor,2,449.66,2024-08-04,Pending
10620,1811,Tablet,2,1710.9,2024-07-05,Cancelled
10621,1739,Keyboard,2,1693.16,2024-08-15,Cancelled
10622,1478,Headphones,4,1694.31,2024-07-15,Completed
10623,1013,Headphones,2,1724.53,2024-10-25,Pending
10624,1438,Laptop,4,1859.34,2024-03-19,Pending
10625,1171,Headphones,1,801.31,2024-10-26,Cancelled
10626,1682,Headphones,1,584.68,2024-12-16,Cancelled
10627,1443,Tablet,1,1085.69,2024-01-02,Cancelled
10628,1905,Tablet,4,705.53,2024-12-18,Shipped
10629,1379,Tablet,2,690.36,2024-02-22,Cancelled
10630,1108,Keyboard,1,286.05,2024-11-15,Completed
10631,1369,Tablet,2,1803.76,2024-07-22,Completed
10632,1042,Mouse,2,718.86,2024-12-29,Completed
10633,1517,Monitor,3,1190.26,2024-11-16,Pending
10634,1195,Headphones,3,410.85,2024-03-13,Pending
10635,1781,Tablet,2,1157.41,2024-01-23,Completed
10636,1927,Phone,4,1526.0,2024-07-04,Cancelled
10637,1123,Laptop,3,414.72,2024-10-27,Shipped
10638,1253,Mouse,2,1012.55,2024-06-19,Pending
10639,1873,Tablet,3,742.2,2024-01-23,Shipped
10640,1667,Phone,1,205.61,2024-02-18,Completed
10641,1438,Headphones,2,1635.54,2024-12-24,Cancelled
10642,1075,Mouse,3,1992.84,2024-02-11,Shipped
10643,1591,Phone,1,1210.68,2024-08-03,Completed
10644,1033,Headphones,4,405.03,2024-08-31,Pending
10645,1225,Phone,3,1808.74,2024-08-29,Shipped
10646,1178,Tablet,4,154.68,2024-02-12,Completed
10647,1568,Tablet,4,962.82,2024-11-09,Cancelled
10648,1810,Tablet,1,1236.18,2024-12-31,Completed
10649,1228,Mouse,2,671.41,2024-07-18,Cancelled
10650,1478,Mouse,3,1832.0,2024-07-04,Cancelled
10651,1009,Phone,3,1964.24,2024-09-09,Cancelled
10652,1100,Mouse,2,250.32,2024-07-13,Shipped
10653,1902,Keyboard,1,694.31,2024-07-04,Shipped
10654,1241,Mouse,4,1093.65,2024-03-19,Completed
10655,1942,Laptop,2,224.39,2024-12-30,Completed
10656,1475,Monitor,3,978.75,2024-02-24,Completed
10657,1125,Headphones,1,1659.31,2024-05-12,Completed
10658,1902,Laptop,1,85.22,2024-03-17,Cancelled
10659,1621,Headphones,3,265.31,2024-05-12,Completed
10660,1857,Headphones,3,141.1,2024-04-01,Shipped
10661,1224,Headphones,4,54.27,2024-03-15,Cancelled
10662,1489,Monitor,1,1280.79,2024-12-14,Shipped
10663,1266,Headphones,3,1883.44,2024-09-26,Shipped
10664,1596,Phone,1,932.84,2024-04-12,Cancelled
10665,1388,Keyboard,1,711.44,2024-12-31,Pending
10666,1299,Headphones,2,1199.52,2024-01-09,Shipped
10667,1948,Monitor,3,1282.28,2024-04-26,Pending
10668,1994,Tablet,3,972.83,2024-03-05,Completed
10669,1743,Headphones,3,187.18,2024-07-15,Completed
10670,1186,Keyboard,3,692.19,2024-04-11,Completed
10671,1476,Phone,2,1340.55,2024-06-27,Pending
10672,1506,Headphones,3,1302.9,2024-12-05,Shipped
10673,1374,Tablet,3,1629.31,2024-03-19,Shipped
10674,1324,Keyboard,2,1564.02,2024-11-13,Cancelled
10675,1750,Laptop,2,160.23,2024-11-17,Cancelled
10676,1050,Phone,4,582.58,2024-03-30,Shipped
10677,1864,Keyboard,1,881.29,2024-10-27,Cancelled
10678,1489,Mouse,4,972.12,2024-12-07,Shipped
10679,1088,Tablet,3,815.33,2024-11-16,Completed
10680,1706,Phone,3,1131.9,2024-05-01,Pending
10681,1040,Tablet,2,1613.52,2024-12-16,Cancelled
10682,1609,Monitor,3,678.25,2024-07-11,Completed
10683,1476,Mouse,4,518.81,2024-04-01,Pending
10684,1589,Monitor,1,1685.96,2024-08-20,Completed
10685,1820,Phone,1,855.51,2024-03-31,Cancelled
10686,1461,Phone,3,478.91,2024-02-14,Shipped
10687,1152,Phone,2,252.17,2024-07-14,Pending
10688,1944,Headphones,4,1889.86,2024-06-13,Completed
10689,1967,Laptop,4,1815.24,2024-08-22,Pending
10690,1774,Monitor,3,1347.74,2024-08-30,Completed
10691,1581,Monitor,2,218.74,2024-11-24,Cancelled
10692,1945,Laptop,4,185.18,2024-05-14,Shipped
10693,1661,Monitor,2,777.71,2024-08-16,Completed
10694,1214,Laptop,1,1378.37,2024-08-12,Completed
10695,1351,Tablet,2,1170.85,2024-03-06,Shipped
10696,1999,Laptop,3,216.93,2024-12-28,Cancelled
10697,1764,Mouse,3,1291.44,2024-08-07,Shipped
10698,1839,Tablet,1,816.97,2024-10-31,Completed
10699,1465,Monitor,4,1791.15,2024-01-19,Pending
10700,1880,Mouse,3,812.05,2024-10-02,Cancelled
10701,1390,Keyboard,3,1268.18,2024-05-05,Pending
10702,1280,Keyboard,4,1393.78,2024-01-05,Pending
10703,1296,Headphones,4,906.79,2024-01-22,Completed
10704,1208,Keyboard,3,813.25,2024-01-05,Cancelled
10705,1353,Mouse,1,1999.16,2024-08-02,Pending
10706,1852,Headphones,1,940.3,2024-09-26,Shipped
10707,1303,Tablet,4,1114.14,2024-07-08,Completed
10708,1953,Mouse,2,767.36,2024-10-20,Shipped
10709,1667,Phone,1,484.41,2024-01-08,Completed
10710,1706,Mouse,4,900.32,2024-06-21,Cancelled
10711,1123,Phone,1,686.85,2024-06-15,Pending
10712,1864,Keyboard,1,1684.24,2024-02-06,Cancelled
10713,1221,Tablet,1,686.65,2024-11-26,Cancelled
10714,1614,Monitor,2,1121.47,2024-02-21,Pending
10715,1781,Monitor,3,647.05,2024-02-04,Shipped
10716,1309,Laptop,1,410.3,2024-12-26,Pending
10717,1546,Mouse,3,1855.38,2024-07-02,Completed
10718,1666,Keyboard,1,667.28,2024-05-23,Completed
10719,1857,Monitor,2,280.24,2024-10-19,Cancelled
10720,1937,Headphones,3,467.01,2024-02-19,Cancelled
10721,1398,Laptop,3,1787.15,2024-08-04,Pending
10722,1657,Monitor,4,1555.63,2024-11-27,Cancelled
10723,1626,Laptop,1,414.13,2024-05-25,Cancelled
10724,1257,Phone,1,1321.57,2024-05-30,Cancelled
10725,1730,Phone,3,1526.72,2024-03-28,Cancelled
10726,1695,Headphones,2,770.91,2024-11-25,Completed
10727,1180,Keyboard,2,1646.0,2024-11-04,Completed
10728,1374,Laptop,2,1375.7,2024-12-02,Completed
10729,1121,Tablet,2,703.47,2024-01-20,Pending
10730,1691,Keyboard,1,1304.05,2024-01-01,Cancelled
10731,1614,Mouse,1,1469.91,2024-09-01,Cancelled
10732,1473,Mouse,4,485.79,2024-12-06,Completed
10733,1704,Mouse,2,976.88,2024-10-22,Pending
10734,1006,Monitor,2,1312.58,2024-07-01,Pending
10735,1788,Mouse,3,718.56,2024-04-09,Pending
10736,1182,Laptop,2,765.62,2024-03-25,Completed
10737,1342,Monitor,1,1223.61,2024-11-09,Completed
10738,1249,Phone,3,1220.99,2024-02-15,Shipped
10739,1336,Mouse,4,1984.79,2024-01-17,Pending
10740,1025,Keyboard,3,975.54,2024-08-25,Cancelled
10741,1613,Monitor,2,823.48,2024-10-13,Completed
10742,1895,Keyboard,1,625.17,2024-11-09,Pending
10743,1531,Laptop,2,1345.85,2024-05-21,Shipped
10744,1908,Headphones,2,1086.25,2024-11-13,Shipped
10745,1738,Laptop,2,522.85,2024-05-31,Shipped
10746,1896,Tablet,2,1751.34,2024-03-05,Pending
10747,1774,Mouse,2,1500.49,2024-09-24,Pending
10748,1054,Phone,2,1614.31,2024-06-25,Completed
10749,1938,Monitor,2,124.2,2024-04-11,Shipped
10750,1756,Mouse,4,461.28,2024-03-07,Completed
10751,1715,Tablet,4,1202.0,2024-07-25,Completed
10752,1098,Headphones,4,1733.89,2024-06-28,Cancelled
10753,1233,Laptop,4,121.97,2024-08-27,Cancelled
10754,1235,Tablet,3,1660.56,2024-01-16,Completed
10755,1164,Phone,2,1391.78,2024-10-31,Completed
10756,1503,Headphones,3,1168.97,2024-05-18,Cancelled
10757,1586,Keyboard,2,904.96,2024-06-12,Shipped
10758,1970,Monitor,3,486.28,2024-10-17,Completed
10759,1168,Mouse,3,1031.96,2024-03-23,Pending
10760,1904,Phone,4,1149.66,2024-08-02,Cancelled
10761,1763,Mouse,3,1088.13,2024-12-17,Shipped
10762,1339,Keyboard,1,1061.16,2024-11-28,Completed
10763,1059,Keyboard,4,1756.93,2024-11-29,Shipped
10764,1703,Headphones,4,1051.61,2024-03-24,Pending
10765,1826,Laptop,4,157.23,2024-12-21,Completed
10766,1807,Headphones,4,593.77,2024-09-02,Completed
10767,1393,Tablet,4,1799.25,2024-07-02,Completed
10768,1135,Phone,4,1908.41,2024-10-24,Pending
10769,1309,Headphones,1,605.39,2024-02-12,Shipped
10770,1136,Keyboard,4,1880.63,2024-06-10,Pending
10771,1953,Phone,1,185.03,2024-07-31,Completed
10772,1068,Phone,4,1507.39,2024-04-25,Cancelled
10773,1983,Headphones,3,1865.59,2024-04-02,Shipped
10774,1574,Monitor,4,246.58,2024-06-14,Cancelled
10775,1923,Tablet,3,814.6,2024-02-25,Cancelled
10776,1954,Monitor,3,823.61,2024-07-29,Pending
10777,1330,Phone,3,1958.85,2024-05-18,Shipped
10778,1636,Headphones,2,1302.04,2024-03-26,Shipped
10779,1074,Phone,4,115.18,2024-11-29,Pending
10780,1436,Laptop,3,1926.11,2024-12-09,Completed
10781,1219,Keyboard,4,79.42,2024-04-15,Completed
10782,1156,Headphones,4,856.6,2024-07-21,Shipped
10783,1073,Phone,3,254.81,2024-04-12,Shipped
10784,1465,Laptop,1,308.95,2024-12-27,Completed
10785,1754,Keyboard,1,1153.97,2024-04-16,Shipped
10786,1168,Mouse,3,1417.28,2024-05-21,Shipped
10787,1036,Headphones,2,382.64,2024-06-06,Completed
10788,1374,Headphones,3,1444.6,2024-08-21,Pending
10789,1241,Tablet,4,1640.88,2024-10-06,Completed
10790,1860,Headphones,3,1520.68,2024-11-20,Pending
10791,1151,Headphones,4,589.77,2024-08-14,Shipped
10792,1302,Phone,2,953.44,2024-12-10,Pending
10793,1057,Headphones,3,1932.22,2024-06-28,Pending
10794,1969,Tablet,4,134.1,2024-09-14,Pending
10795,1053,Monitor,1,517.13,2024-05-22,Completed
10796,1822,Mouse,1,1012.08,2024-06-27,Cancelled
10797,1539,Phone,2,747.43,2024-11-25,Cancelled
10798,1229,Headphones,1,1748.43,2024-01-21,Shipped
10799,1888,Mouse,2,1368.23,2024-07-09,Completed
10800,1692,Mouse,1,939.13,2024-10-11,Pending
10801,1269,Keyboard,4,1608.56,2024-07-14,Cancelled
10802,1168,Monitor,4,1260.49,2024-12-13,Completed
10803,1030,Mouse,3,1221.96,2024-11-02,Completed
10804,1299,Monitor,4,1741.73,2024-12-24,Pending
10805,1242,Tablet,1,1390.39,2024-03-24,Pending
10806,1937,Headphones,1,317.59,2024-01-01,Pending
10807,1904,Tablet,4,1527.15,2024-05-13,Pending
10808,1428,Keyboard,2,1788.2,2024-10-15,Shipped
10809,1863,Phone,3,1858.41,2024-05-09,Pending
10810,1517,Laptop,3,98.47,2024-08-14,Shipped
10811,1869,Headphones,3,1435.35,2024-01-16,Cancelled
10812,1521,Monitor,3,1527.24,2024-01-23,Shipped
10813,1479,Monitor,2,729.58,2024-12-27,Cancelled
10814,1688,Mouse,2,1683.49,2024-12-27,Completed
10815,1835,Keyboard,4,982.12,2024-04-05,Completed
10816,1576,Headphones,4,1158.58,2024-11-13,Shipped
10817,1594,Laptop,4,1765.33,2024-11-16,Cancelled
10818,1090,Laptop,2,291.7,2024-09-30,Pending
10819,1885,Phone,4,834.93,2024-09-20,Cancelled
10820,1680,Mouse,2,775.01,2024-06-03,Cancelled
10821,1506,Phone,4,1503.57,2024-04-01,Pending
10822,1525,Mouse,2,277.78,2024-11-20,Pending
10823,1473,Headphones,4,1798.49,2024-05-01,Pending
10824,1842,Phone,1,357.07,2024-01-25,Cancelled
10825,1617,Phone,1,1529.11,2024-05-21,Completed
10826,1127,Laptop,4,847.92,2024-08-27,Cancelled
10827,1763,Laptop,3,431.52,2024-01-15,Shipped
10828,1487,Tablet,3,1759.25,2024-12-23,Shipped
10829,1396,Phone,3,575.85,2024-12-26,Cancelled
10830,1150,Monitor,2,410.43,2024-03-04,Cancelled
10831,1615,Laptop,1,1240.6,2024-01-04,Shipped
10832,1410,Headphones,3,1104.3,2024-12-19,Cancelled
10833,1249,Phone,2,255.24,2024-02-11,Cancelled
10834,1313,Mouse,1,1890.32,2024-01-02,Cancelled
10835,1376,Phone,4,1171.17,2024-06-22,Shipped
10836,1187,Phone,3,1652.07,2024-08-13,Completed
10837,1115,Laptop,4,68.3,2024-07-18,Completed
10838,1410,Headphones,1,432.06,2024-12-26,Completed
10839,1226,Monitor,4,146.29,2024-10-30,Completed
10840,1820,Phone,2,1242.84,2024-04-12,Completed
10841,1826,Phone,2,177.12,2024-11-13,Pending
10842,1411,Mouse,4,1922.51,2024-02-27,Shipped
10843,1532,Mouse,2,1647.4,2024-05-04,Shipped
10844,1024,Monitor,3,73.05,2024-02-07,Shipped
10845,1796,Laptop,1,1490.86,2024-09-01,Pending
10846,1858,Headphones,2,1081.55,2024-04-05,Completed
10847,1312,Monitor,3,1242.39,2024-12-21,Shipped
10848,1627,Headphones,4,1089.31,2024-07-20,Cancelled
10849,1882,Keyboard,3,1598.14,2024-06-30,Shipped
10850,1612,Mouse,3,1956.39,2024-05-25,Cancelled
10851,1909,Monitor,4,1724.54,2024-01-18,Shipped
10852,1471,Keyboard,3,734.34,2024-01-17,Completed
10853,1394,Headphones,2,1024.06,2024-04-22,Cancelled
10854,1382,Keyboard,2,895.25,2024-05-21,Completed
10855,1444,Laptop,4,1359.57,2024-10-31,Cancelled
10856,1715,Laptop,2,1015.55,2024-06-24,Shipped
10857,1974,Mouse,3,1177.57,2024-11-19,Pending
10858,1292,Laptop,2,1225.85,2024-06-06,Completed
10859,1965,Laptop,4,620.3,2024-06-14,Shipped
10860,1113,Tablet,1,362.91,2024-04-10,Pending
10861,1452,Tablet,2,248.07,2024-05-23,Completed
10862,1852,Mouse,2,671.95,2024-06-06,Completed
10863,1915,Tablet,4,1348.91,2024-01-03,Cancelled
10864,1309,Keyboard,3,540.65,2024-02-16,Cancelled
10865,1601,Monitor,2,1539.44,2024-07-13,Pending
10866,1796,Monitor,1,1902.53,2024-08-31,Completed
10867,1540,Monitor,2,1933.7,2024-11-16,Completed
10868,1924,Monitor,4,1920.9,2024-11-04,Shipped
10869,1132,Tablet,4,1894.23,2024-01-23,Cancelled
10870,1308,Headphones,1,487.23,2024-08-04,Cancelled
10871,1668,Monitor,4,343.69,2024-06-25,Completed
10872,1502,Tablet,4,1318.62,2024-11-14,Shipped
10873,1542,Keyboard,1,74.88,2024-03-17,Completed
10874,1569,Monitor,3,1704.12,2024-10-05,Pending
10875,1480,Monitor,4,1925.38,2024-08-02,Completed
10876,1846,Keyboard,4,1956.53,2024-05-17,Completed
10877,1489,Mouse,2,548.24,2024-03-01,Shipped
10878,1767,Headphones,2,887.42,2024-11-30,Shipped
10879,1070,Monitor,1,1653.52,2024-11-25,Cancelled
10880,1934,Laptop,2,270.72,2024-01-18,Cancelled
10881,1700,Keyboard,3,1116.81,2024-01-11,Completed
10882,1142,Laptop,4,246.34,2024-06-11,Shipped
10883,1447,Monitor,2,1551.4,2024-04-03,Shipped
10884,1743,Monitor,2,333.82,2024-10-24,Completed
10885,1810,Keyboard,2,1709.02,2024-10-07,Cancelled
10886,1547,Headphones,4,293.39,2024-02-17,Cancelled
10887,1962,Phone,3,206.63,2024-10-26,Pending
10888,1103,Keyboard,4,1268.23,2024-09-22,Pending
10889,1587,Phone,1,317.94,2024-07-05,Shipped
10890,1255,Laptop,2,1582.36,2024-09-21,Pending
10891,1557,Laptop,2,1907.87,2024-01-12,Shipped
10892,1809,Monitor,4,176.0,2024-06-04,Shipped
10893,1040,Keyboard,2,1260.37,2024-04-01,Pending
10894,1936,Laptop,2,1736.55,2024-03-18,Cancelled
10895,1994,Tablet,3,1095.25,2024-08-14,Shipped
10896,1473,Laptop,3,597.67,2024-04-21,Shipped
10897,1520,Phone,3,1779.66,2024-12-23,Cancelled
10898,1782,Keyboard,1,950.63,2024-03-22,Completed
10899,1239,Laptop,1,1083.95,2024-03-15,Shipped
10900,1314,Laptop,1,1054.0,2024-08-31,Pending
10901,1986,Phone,2,1901.99,2024-11-30,Shipped
10902,1393,Laptop,4,1415.8,2024-03-06,Pending
10903,1047,Phone,3,634.49,2024-02-12,Pending
10904,1054,Keyboard,3,1546.91,2024-11-02,Cancelled
10905,1971,Laptop,3,1486.95,2024-06-21,Shipped
10906,1057,Tablet,4,1563.35,2024-01-29,Pending
10907,1232,Keyboard,4,1466.95,2024-01-19,Completed
10908,1266,Phone,4,578.64,2024-12-05,Cancelled
10909,1240,Phone,3,1140.03,2024-06-13,Cancelled
10910,1681,Headphones,3,1616.69,2024-12-30,Shipped
10911,1473,Keyboard,1,1725.77,2024-04-16,Pending
10912,1553,Mouse,2,1407.04,2024-10-21,Cancelled
10913,1400,Keyboard,4,1058.79,2024-06-20,Pending
10914,1984,Phone,3,76.37,2024-12-21,Pending
10915,1248,Tablet,3,962.74,2024-03-26,Pending
10916,1651,Phone,1,1299.96,2024-03-15,Cancelled
10917,1250,Laptop,2,1823.07,2024-07-27,Cancelled
10918,1646,Phone,1,652.88,2024-01-16,Cancelled
10919,1711,Monitor,4,1205.81,2024-02-28,Completed
10920,1708,Keyboard,2,1658.24,2024-06-09,Shipped
10921,1126,Mouse,1,1052.28,2024-12-04,Pending
10922,1338,Keyboard,2,1087.54,2024-06-24,Completed
10923,1093,Monitor,2,1256.91,2024-12-29,Shipped
10924,1215,Keyboard,4,1233.54,2024-10-15,Completed
10925,1468,Headphones,2,113.55,2024-04-29,Shipped
10926,1907,Monitor,2,952.94,2024-12-24,Shipped
10927,1538,Tablet,4,1751.82,2024-09-04,Shipped
10928,1951,Mouse,2,301.46,2024-08-21,Shipped
10929,1114,Mouse,4,339.96,2024-03-26,Shipped
10930,1159,Keyboard,2,1278.57,2024-10-30,Pending
10931,1660,Keyboard,2,348.7,2024-03-27,Shipped
10932,1434,Phone,2,1546.25,2024-02-02,Cancelled
10933,1902,Laptop,4,1826.54,2024-09-14,Completed
10934,1843,Phone,4,1553.89,2024-09-11,Completed
10935,1152,Tablet,4,1399.63,2024-01-04,Cancelled
10936,1184,Laptop,4,612.0,2024-09-20,Completed
10937,1369,Keyboard,3,1225.71,2024-03-14,Completed
10938,1614,Phone,1,1472.78,2024-12-23,Cancelled
10939,1352,Headphones,4,1377.88,2024-01-13,Cancelled
10940,1817,Tablet,2,699.24,2024-07-09,Cancelled
10941,1273,Monitor,2,1914.45,2024-05-16,Shipped
10942,1449,Laptop,3,331.66,2024-08-20,Shipped
10943,1076,Laptop,3,1081.74,2024-09-02,Shipped
10944,1525,Tablet,2,700.15,2024-09-04,Completed
10945,1355,Laptop,1,233.04,2024-06-25,Shipped
10946,1213,Laptop,3,1837.62,2024-02-28,Shipped
10947,1222,Monitor,2,893.64,2024-02-01,Completed
10948,1132,Tablet,2,247.03,2024-04-30,Shipped
10949,1740,Monitor,4,126.55,2024-05-08,Completed
10950,1861,Monitor,2,1410.4,2024-03-08,Completed
10951,1594,Headphones,4,90.27,2024-01-23,Completed
10952,1394,Phone,3,926.3,2024-03-17,Completed
10953,1305,Headphones,2,1250.71,2024-02-07,Completed
10954,1624,Monitor,4,534.87,2024-04-24,Cancelled
10955,1324,Headphones,1,1553.63,2024-02-11,Cancelled
10956,1526,Laptop,4,1164.5,2024-01-11,Completed
10957,1693,Headphones,1,522.41,2024-10-27,Cancelled
10958,1892,Mouse,1,1645.8,2024-08-12,Cancelled
10959,1205,Headphones,2,1495.64,2024-06-11,Shipped
10960,1459,Keyboard,1,1721.17,2024-08-02,Shipped
10961,1845,Tablet,4,478.11,2024-08-09,Cancelled
10962,1117,Monitor,1,676.67,2024-06-10,Shipped
10963,1118,Mouse,4,1127.35,2024-02-03,Cancelled
10964,1206,Laptop,4,343.84,2024-01-12,Completed
10965,1702,Monitor,4,1184.23,2024-07-11,Pending
10966,1539,Tablet,3,1795.04,2024-12-27,Cancelled
10967,1126,Mouse,2,1879.09,2024-06-22,Pending
10968,1701,Mouse,2,1585.76,2024-07-16,Shipped
10969,1883,Keyboard,1,1921.01,2024-12-31,Cancelled
10970,1169,Headphones,1,497.06,2024-09-16,Completed
10971,1043,Laptop,3,1350.49,2024-02-01,Shipped
10972,1444,Keyboard,3,1904.39,2024-05-19,Shipped
10973,1278,Mouse,2,404.59,2024-09-06,Completed
10974,1369,Phone,2,1525.47,2024-11-30,Pending
10975,1374,Mouse,1,673.83,2024-06-05,Completed
10976,1807,Phone,2,404.1,2024-04-20,Cancelled
10977,1258,Mouse,1,703.75,2024-06-14,Completed
10978,1563,Phone,1,771.0,2024-01-03,Cancelled
10979,1424,Monitor,3,1509.0,2024-04-25,Shipped
10980,1267,Phone,2,455.53,2024-02-28,Cancelled
10981,1973,Keyboard,2,1340.43,2024-12-18,Shipped
10982,1287,Laptop,3,955.3,2024-02-21,Shipped
10983,1420,Headphones,1,555.74,2024-09-01,Cancelled
10984,1116,Monitor,2,287.62,2024-11-27,Pending
10985,1651,Headphones,2,323.27,2024-12-06,Pending
10986,1123,Keyboard,3,1055.51,2024-08-11,Pending
10987,1093,Headphones,3,1351.23,2024-02-16,Shipped
10988,1958,Tablet,2,854.76,2024-07-03,Cancelled
10989,1567,Headphones,3,962.28,2024-09-19,Cancelled
10990,1096,Mouse,4,1726.41,2024-10-18,Completed
10991,1212,Keyboard,4,1469.01,2024-03-28,Cancelled
10992,1208,Tablet,4,1651.17,2024-02-01,Completed
10993,1896,Keyboard,2,1257.16,2024-10-07,Cancelled
10994,1859,Laptop,1,1116.06,2024-12-09,Cancelled
10995,1562,Laptop,1,1791.22,2024-06-15,Shipped
10996,1617,Keyboard,3,479.26,2024-05-30,Shipped
10997,1337,Headphones,4,1811.14,2024-06-30,Cancelled
10998,1371,Monitor,1,1058.67,2024-02-24,Pending
10999,1505,Phone,4,1064.85,2024-01-28,Shipped
11000,1604,Tablet,4,782.32,2024-12-06,Completed
11001,1538,Keyboard,1,396.46,2024-03-11,Completed
11002,1698,Keyboard,2,1926.92,2024-09-10,Shipped
11003,1243,Laptop,4,1146.21,2024-12-05,Pending
11004,1491,Phone,1,1182.75,2024-08-08,Completed
11005,1626,Phone,3,1039.07,2024-10-19,Completed
11006,1315,Mouse,1,798.68,2024-09-13,Pending
11007,1163,Monitor,1,824.24,2024-09-28,Cancelled
11008,1504,Monitor,3,483.11,2024-10-25,Cancelled
11009,1690,Monitor,3,278.3,2024-12-01,Completed
11010,1257,Monitor,4,559.2,2024-07-06,Pending
11011,1490,Headphones,3,417.53,2024-01-20,Completed
11012,1136,Keyboard,3,186.98,2024-12-21,Completed
11013,1724,Keyboard,3,1054.6,2024-08-01,Pending
11014,1121,Headphones,3,509.46,2024-05-31,Shipped
11015,1272,Tablet,3,1968.57,2024-07-10,Completed
11016,1047,Monitor,2,1373.16,2024-09-19,Cancelled
11017,1189,Keyboard,2,1185.25,2024-06-21,Pending
11018,1244,Tablet,2,1012.55,2024-09-14,Pending
11019,1399,Keyboard,2,208.48,2024-07-27,Cancelled
11020,1120,Keyboard,2,1309.26,2024-07-01,Pending
11021,1344,Monitor,4,450.14,2024-10-17,Completed
11022,1165,Monitor,2,1771.31,2024-09-21,Pending
11023,1642,Tablet,4,904.55,2024-09-11,Pending
11024,1652,Keyboard,1,1459.1,2024-10-27,Shipped
11025,1301,Phone,3,417.46,2024-01-28,Pending
11026,1918,Headphones,2,1572.54,2024-05-18,Pending
11027,1400,Keyboard,3,1701.44,2024-11-23,Cancelled
11028,1089,Laptop,1,1232.16,2024-06-20,Pending
11029,1736,Monitor,2,169.93,2024-06-07,Shipped
11030,1618,Phone,2,652.13,2024-06-26,Completed
11031,1051,Keyboard,1,900.67,2024-04-06,Completed
11032,1598,Phone,2,1721.58,2024-11-24,Completed
11033,1599,Headphones,3,769.26,2024-02-13,Shipped
11034,1228,Laptop,2,825.9,2024-07-15,Pending
11035,1682,Headphones,4,1914.74,2024-09-15,Pending
11036,1832,Mouse,3,121.01,2024-10-11,Pending
11037,1584,Tablet,4,717.06,2024-02-05,Completed
11038,1066,Phone,4,869.39,2024-10-16,Completed
11039,1721,Phone,4,1159.49,2024-05-21,Shipped
11040,1204,Keyboard,1,601.19,2024-05-06,Pending
11041,1242,Tablet,2,979.3,2024-12-15,Pending
11042,1064,Mouse,4,903.83,2024-10-18,Cancelled
11043,1754,Headphones,3,909.69,2024-07-04,Pending
11044,1923,Headphones,2,972.11,2024-11-05,Shipped
11045,1622,Phone,3,959.82,2024-12-01,Shipped
11046,1331,Tablet,1,1464.19,2024-10-06,Pending
11047,1859,Keyboard,1,506.59,2024-10-29,Shipped
11048,1885,Mouse,2,916.07,2024-05-25,Pending
11049,1102,Tablet,1,1456.39,2024-05-02,Cancelled
11050,1660,Tablet,1,1215.37,2024-05-30,Cancelled
11051,1924,Monitor,3,565.38,2024-09-30,Shipped
11052,1595,Phone,2,108.75,2024-07-24,Shipped
11053,1467,Headphones,3,289.67,2024-11-17,Pending
11054,1192,Monitor,2,469.68,2024-06-09,Pending
11055,1761,Mouse,3,535.67,2024-12-26,Pending
11056,1376,Monitor,4,1225.09,2024-06-13,Completed
11057,1043,Mouse,3,1554.69,2024-01-14,Pending
11058,1031,Mouse,4,121.88,2024-09-01,Pending
11059,1283,Mouse,4,1265.35,2024-09-29,Cancelled
11060,1780,Phone,3,654.19,2024-07-20,Shipped
11061,1304,Monitor,1,561.81,2024-03-26,Cancelled
11062,1931,Tablet,4,1029.75,2024-03-20,Shipped
11063,1398,Phone,4,196.0,2024-07-17,Completed
11064,1604,Laptop,1,1557.11,2024-06-23,Shipped
11065,1049,Laptop,1,595.21,2024-08-27,Shipped
11066,1008,Mouse,3,492.0,2024-12-02,Cancelled
11067,1058,Monitor,1,225.88,2024-09-24,Cancelled
11068,1615,Monitor,1,660.21,2024-09-21,Completed
11069,1716,Keyboard,4,971.51,2024-08-24,Completed
11070,1685,Mouse,3,1776.82,2024-07-10,Pending
11071,1299,Mouse,1,1045.64,2024-01-17,Cancelled
11072,1541,Keyboard,4,873.61,2024-08-25,Pending
11073,1387,Monitor,3,1582.96,2024-08-16,Completed
11074,1638,Mouse,3,794.82,2024-04-02,Cancelled
11075,1355,Headphones,4,731.52,2024-02-13,Pending
11076,1805,Keyboard,2,899.0,2024-09-30,Cancelled
11077,1976,Phone,2,751.79,2024-06-27,Completed
11078,1659,Tablet,2,1470.96,2024-06-30,Shipped
11079,1678,Phone,4,1803.77,2024-08-17,Shipped
11080,1482,Phone,4,907.61,2024-07-30,Shipped
11081,1862,Laptop,4,836.01,2024-01-04,Completed
11082,1981,Phone,1,1150.07,2024-03-20,Pending
11083,1626,Tablet,4,111.75,2024-07-19,Cancelled
11084,1560,Headphones,2,1382.86,2024-01-31,Cancelled
11085,1545,Phone,1,156.37,2024-02-10,Cancelled
11086,1247,Keyboard,2,1259.51,2024-07-12,Shipped
11087,1264,Tablet,2,691.07,2024-05-02,Shipped
11088,1303,Laptop,1,1086.15,2024-10-12,Cancelled
11089,1395,Headphones,4,532.55,2024-06-06,Cancelled
11090,1985,Mouse,1,673.81,2024-04-26,Shipped
11091,1666,Headphones,1,531.37,2024-08-28,Shipped
11092,1555,Tablet,4,814.35,2024-02-06,Pending
11093,1150,Mouse,1,999.18,2024-09-21,Shipped
11094,1882,Tablet,4,1946.98,2024-10-18,Cancelled
11095,1114,Keyboard,4,1652.4,2024-02-14,Pending
11096,1354,Laptop,1,452.03,2024-11-19,Completed
11097,1026,Phone,1,946.31,2024-07-21,Cancelled
11098,1604,Phone,4,407.64,2024-02-22,Cancelled
11099,1587,Phone,4,1670.24,2024-07-27,Cancelled
11100,1542,Tablet,4,1330.41,2024-11-12,Pending
11101,1613,Mouse,1,216.9,2024-12-21,Shipped
11102,1026,Tablet,2,1268.44,2024-03-26,Completed
11103,1694,Keyboard,3,1366.04,2024-06-23,Cancelled
11104,1979,Phone,1,428.57,2024-09-22,Pending
11105,1650,Laptop,2,1871.86,2024-01-07,Shipped
11106,1993,Monitor,2,1924.81,2024-01-21,Cancelled
11107,1617,Phone,2,90.88,2024-11-13,Cancelled
11108,1077,Keyboard,1,521.59,2024-04-08,Completed
11109,1339,Keyboard,1,503.49,2024-09-17,Completed
11110,1968,Phone,2,914.58,2024-12-31,Cancelled
11111,1249,Monitor,3,1679.93,2024-06-15,Shipped
11112,1923,Headphones,2,843.81,2024-01-26,Shipped
11113,1544,Monitor,2,346.86,2024-07-23,Cancelled
11114,1947,Mouse,3,242.26,2024-01-16,Shipped
11115,1237,Laptop,4,999.12,2024-07-21,Completed
11116,1401,Mouse,1,1270.14,2024-09-21,Cancelled
11117,1527,Keyboard,1,655.67,2024-02-12,Completed
11118,1567,Phone,3,1384.96,2024-05-31,Shipped
11119,1091,Tablet,1,1086.76,2024-03-11,Completed
11120,1682,Keyboard,4,441.43,2024-04-29,Pending
11121,1149,Monitor,4,1066.72,2024-02-04,Cancelled
11122,1625,Keyboard,3,1797.36,2024-06-04,Shipped
11123,1077,Mouse,3,331.35,2024-05-14,Completed
11124,1927,Keyboard,2,831.13,2024-04-18,Completed
11125,1442,Tablet,4,223.4,2024-10-30,Shipped
11126,1734,Headphones,2,332.61,2024-04-13,Cancelled
11127,1416,Phone,2,1896.39,2024-07-11,Cancelled
11128,1374,Keyboard,2,446.14,2024-08-07,Pending
11129,1805,Monitor,3,1662.4,2024-12-04,Completed
11130,1607,Laptop,1,1119.1,2024-09-30,Pending
11131,1274,Tablet,4,1252.11,2024-10-04,Completed
11132,1300,Mouse,1,1613.96,2024-04-06,Completed
11133,1528,Keyboard,3,1462.91,2024-08-14,Shipped
11134,1764,Keyboard,2,173.94,2024-04-09,Shipped
11135,1045,Tablet,1,1426.18,2024-07-31,Cancelled
11136,1089,Keyboard,2,1514.68,2024-07-07,Pending
11137,1641,Keyboard,1,1674.64,2024-02-17,Cancelled
11138,1708,Headphones,4,94.52,2024-07-16,Cancelled
11139,1944,Phone,2,936.31,2024-09-29,Pending
11140,1419,Tablet,4,1845.2,2024-12-10,Shipped
11141,1773,Tablet,2,878.85,2024-09-08,Completed
11142,1125,Mouse,3,1103.88,2024-11-24,Completed
11143,1210,Phone,3,408.74,2024-05-02,Cancelled
11144,1066,Keyboard,2,300.3,2024-05-19,Completed
11145,1318,Laptop,1,408.69,2024-04-26,Cancelled
11146,1257,Phone,1,759.32,2024-05-03,Pending
11147,1211,Keyboard,2,1138.56,2024-07-02,Pending
11148,1107,Phone,1,1459.31,2024-10-02,Shipped
11149,1714,Phone,3,1224.11,2024-04-16,Completed
11150,1248,Phone,2,778.31,2024-12-03,Completed
11151,1636,Monitor,3,115.77,2024-09-04,Cancelled
11152,1179,Headphones,2,1269.49,2024-05-11,Cancelled
11153,1321,Headphones,2,155.07,2024-12-21,Pending
11154,1026,Mouse,3,1740.78,2024-01-08,Completed
11155,1491,Headphones,2,1856.46,2024-11-03,Cancelled
11156,1715,Laptop,1,1921.38,2024-12-08,Cancelled
11157,1255,Headphones,1,1795.03,2024-04-21,Cancelled
11158,1783,Tablet,1,1890.95,2024-07-11,Completed
11159,1629,Mouse,2,1631.38,2024-07-13,Cancelled
11160,1278,Phone,4,1555.01,2024-09-14,Pending
11161,1031,Keyboard,1,1867.47,2024-09-21,Cancelled
11162,1839,Phone,2,1584.87,2024-01-02,Pending
11163,1726,Keyboard,1,715.06,2024-11-03,Shipped
11164,1609,Tablet,4,336.25,2024-03-20,Pending
11165,1598,Phone,3,1926.98,2024-02-24,Pending
11166,1019,Tablet,3,1261.25,2024-11-16,Completed
11167,1625,Tablet,2,374.73,2024-11-30,Pending
11168,1032,Laptop,1,1940.09,2024-01-21,Cancelled
11169,1409,Keyboard,2,81.58,2024-11-26,Pending
11170,1197,Phone,4,1234.53,2024-06-18,Shipped
11171,1483,Tablet,4,658.12,2024-09-20,Completed
11172,1956,Monitor,3,1383.4,2024-08-02,Cancelled
11173,1478,Tablet,4,1004.97,2024-03-10,Completed
11174,1144,Mouse,1,504.6,2024-10-28,Shipped
11175,1137,Keyboard,1,608.67,2024-09-14,Completed
11176,1991,Laptop,4,1508.61,2024-01-24,Completed
11177,1290,Tablet,1,1636.88,2024-09-17,Completed
11178,1154,Phone,4,370.16,2024-02-08,Cancelled
11179,1739,Monitor,3,1765.88,2024-12-08,Pending
11180,1615,Keyboard,4,898.76,2024-09-18,Cancelled
11181,1646,Mouse,3,275.16,2024-07-21,Completed
11182,1634,Laptop,4,395.97,2024-05-22,Shipped
11183,1503,Tablet,1,1032.23,2024-04-03,Shipped
11184,1900,Mouse,1,1250.75,2024-07-17,Shipped
11185,1809,Laptop,2,1479.03,2024-08-14,Completed
11186,1897,Mouse,1,379.3,2024-09-07,Pending
11187,1408,Phone,3,1891.82,2024-08-06,Completed
11188,1214,Laptop,1,257.84,2024-12-20,Cancelled
11189,1509,Laptop,2,1081.31,2024-07-30,Shipped
11190,1611,Laptop,4,1824.96,2024-10-16,Pending
11191,1806,Headphones,2,1621.96,2024-10-07,Completed
11192,1715,Keyboard,2,1282.51,2024-03-12,Shipped
11193,1538,Laptop,1,702.47,2024-10-04,Shipped
11194,1077,Phone,2,1530.02,2024-11-18,Cancelled
11195,1038,Headphones,2,1919.82,2024-10-30,Pending
11196,1080,Mouse,2,432.17,2024-06-26,Cancelled
11197,1144,Phone,1,675.45,2024-07-31,Pending
11198,1960,Mouse,2,1684.36,2024-04-12,Completed
11199,1705,Headphones,1,1560.95,2024-10-30,Pending
11200,1447,Mouse,3,581.04,2024-12-15,Shipped
11201,1230,Laptop,4,1970.6,2024-10-22,Completed
11202,1521,Laptop,2,974.87,2024-11-12,Shipped
11203,1776,Mouse,2,1668.46,2024-07-09,Completed
11204,1400,Phone,4,992.04,2024-05-07,Shipped
11205,1425,Monitor,2,1398.3,2024-04-12,Shipped
11206,1768,Laptop,4,99.18,2024-03-18,Completed
11207,1724,Tablet,2,103.06,2024-09-03,Shipped
11208,1908,Tablet,4,1486.84,2024-10-02,Pending
11209,1189,Keyboard,1,1292.91,2024-10-15,Completed
11210,1808,Laptop,3,346.63,2024-10-28,Pending
11211,1962,Phone,4,191.48,2024-01-16,Pending
11212,1648,Mouse,3,1289.24,2024-09-24,Shipped
11213,1811,Laptop,4,1404.34,2024-09-15,Shipped
11214,1399,Phone,2,838.26,2024-10-18,Shipped
11215,1675,Laptop,2,1512.02,2024-09-26,Pending
11216,1700,Phone,2,628.18,2024-05-14,Pending
11217,1436,Monitor,3,453.64,2024-09-01,Completed
11218,1771,Laptop,2,1734.17,2024-01-31,Cancelled
11219,1142,Monitor,3,930.72,2024-01-11,Completed
11220,1625,Tablet,3,1013.31,2024-01-08,Completed
11221,1148,Headphones,2,1632.55,2024-06-19,Pending
11222,1374,Monitor,3,520.89,2024-03-15,Shipped
11223,1522,Laptop,3,1929.14,2024-04-17,Cancelled
11224,1172,Laptop,4,305.86,2024-01-19,Pending
11225,1724,Laptop,1,663.09,2024-12-18,Completed
11226,1616,Tablet,1,1054.05,2024-07-22,Cancelled
11227,1949,Laptop,3,858.8,2024-04-01,Cancelled
11228,1798,Headphones,3,1047.95,2024-11-25,Completed
11229,1233,Keyboard,4,1478.44,2024-09-29,Cancelled
11230,1893,Mouse,3,884.66,2024-11-02,Pending
11231,1725,Tablet,1,913.08,2024-11-12,Completed
11232,1672,Keyboard,1,1752.68,2024-05-12,Pending
11233,1576,Tablet,3,258.02,2024-12-16,Shipped
11234,1024,Tablet,1,1601.44,2024-10-15,Shipped
11235,1027,Laptop,2,561.06,2024-02-20,Shipped
11236,1040,Headphones,3,169.02,2024-11-17,Pending
11237,1840,Tablet,4,184.91,2024-05-08,Pending
11238,1218,Keyboard,3,104.69,2024-11-19,Shipped
11239,1055,Tablet,4,546.97,2024-05-11,Pending
11240,1823,Headphones,4,1427.15,2024-04-09,Completed
11241,1473,Mouse,4,1504.72,2024-07-04,Pending
11242,1379,Monitor,2,1973.67,2024-01-30,Pending
11243,1749,Phone,2,263.06,2024-04-07,Shipped
11244,1401,Phone,1,763.13,2024-07-31,Pending
11245,1654,Mouse,1,50.96,2024-06-14,Completed
11246,1140,Mouse,1,177.66,2024-11-13,Completed
11247,1453,Laptop,4,584.43,2024-10-26,Shipped
11248,1974,Keyboard,1,891.05,2024-02-29,Completed
11249,1272,Keyboard,1,495.74,2024-08-29,Shipped
11250,1428,Phone,1,585.86,2024-06-23,Completed
11251,1663,Mouse,4,1754.0,2024-10-08,Shipped
11252,1053,Laptop,3,670.37,2024-12-10,Pending
11253,1222,Headphones,3,1700.93,2024-11-30,Pending
11254,1106,Keyboard,3,303.3,2024-01-09,Pending
11255,1513,Laptop,4,580.7,2024-11-02,Shipped
11256,1318,Mouse,2,392.35,2024-08-11,Completed
11257,1563,Keyboard,2,617.42,2024-12-03,Shipped
11258,1712,Headphones,3,1008.19,2024-03-22,Cancelled
11259,1568,Monitor,2,486.97,2024-11-09,Cancelled
11260,1112,Monitor,4,1581.61,2024-10-15,Cancelled
11261,1255,Headphones,1,1333.13,2024-12-21,Completed
11262,1613,Monitor,3,1359.15,2024-01-19,Completed
11263,1878,Headphones,3,480.32,2024-01-30,Shipped
11264,1837,Headphones,4,479.65,2024-01-19,Completed
11265,1116,Keyboard,3,1513.24,2024-07-23,Shipped
11266,1556,Phone,2,1097.36,2024-11-12,Cancelled
11267,1506,Mouse,2,1297.04,2024-05-13,Completed
11268,1699,Monitor,2,1973.25,2024-01-24,Pending
11269,1185,Laptop,2,497.79,2024-04-15,Pending
11270,1364,Laptop,3,1515.79,2024-07-16,Shipped
11271,1542,Phone,4,1086.11,2024-11-14,Pending
11272,1300,Laptop,4,1987.78,2024-07-20,Cancelled
11273,1876,Keyboard,1,286.68,2024-03-30,Cancelled
11274,1780,Phone,1,1116.59,2024-07-22,Pending
11275,1696,Tablet,3,244.27,2024-07-18,Shipped
11276,1892,Phone,4,1212.06,2024-06-09,Cancelled
11277,1371,Tablet,3,1964.64,2024-01-27,Pending
11278,1271,Tablet,1,278.51,2024-03-12,Shipped
11279,1167,Keyboard,3,491.68,2024-08-05,Completed
11280,1414,Headphones,2,670.98,2024-05-09,Cancelled
11281,1627,Phone,1,1352.05,2024-04-12,Pending
11282,1311,Tablet,4,682.96,2024-08-30,Cancelled
11283,1938,Headphones,3,750.16,2024-05-24,Shipped
11284,1597,Headphones,4,1208.44,2024-02-01,Cancelled
11285,1518,Headphones,2,1285.9,2024-12-14,Completed
11286,1943,Headphones,4,219.53,2024-11-01,Pending
11287,1126,Laptop,3,692.63,2024-09-13,Shipped
11288,1783,Headphones,1,234.8,2024-11-26,Cancelled
11289,1391,Phone,1,491.09,2024-12-30,Completed
11290,1141,Laptop,1,1659.81,2024-01-16,Completed
11291,1745,Tablet,4,577.71,2024-10-02,Shipped
11292,1638,Mouse,1,1335.75,2024-12-28,Completed
11293,1389,Headphones,3,986.14,2024-12-10,Pending
11294,1786,Tablet,4,1736.83,2024-03-01,Pending
11295,1862,Keyboard,2,442.6,2024-08-31,Pending
11296,1317,Keyboard,3,222.75,2024-06-19,Pending
11297,1091,Laptop,4,1188.6,2024-10-16,Cancelled
11298,1496,Keyboard,2,215.35,2024-03-09,Completed
11299,1876,Keyboard,4,436.1,2024-11-16,Completed
11300,1741,Tablet,1,1682.51,2024-07-22,Pending
11301,1163,Monitor,4,1152.49,2024-07-11,Cancelled
11302,1593,Mouse,1,1427.44,2024-08-23,Shipped
11303,1854,Mouse,4,1515.54,2024-12-09,Cancelled
11304,1690,Phone,1,1369.07,2024-01-14,Shipped
11305,1584,Monitor,3,1102.49,2024-12-02,Cancelled
11306,1656,Laptop,1,667.14,2024-05-05,Cancelled
11307,1853,Tablet,1,318.07,2024-06-30,Pending
11308,1273,Monitor,4,1224.0,2024-04-21,Completed
11309,1804,Mouse,4,1934.87,2024-02-03,Cancelled
11310,1362,Mouse,1,1155.56,2024-01-03,Cancelled
11311,1687,Laptop,3,606.52,2024-07-31,Cancelled
11312,1866,Headphones,1,174.66,2024-11-17,Completed
11313,1321,Monitor,1,100.66,2024-09-02,Shipped
11314,1389,Mouse,1,1432.94,2024-06-16,Pending
11315,1743,Headphones,4,52.43,2024-07-17,Shipped
11316,1929,Monitor,2,1338.19,2024-07-15,Pending
11317,1822,Tablet,1,754.9,2024-01-04,Pending
11318,1410,Tablet,4,1314.65,2024-08-15,Pending
11319,1347,Laptop,3,1324.93,2024-06-14,Pending
11320,1637,Laptop,2,1974.76,2024-07-19,Pending
11321,1802,Headphones,3,915.76,2024-09-08,Shipped
11322,1932,Phone,3,747.88,2024-10-30,Shipped
11323,1616,Mouse,4,1081.04,2024-10-10,Cancelled
11324,1951,Monitor,1,1510.18,2024-03-06,Shipped
11325,1231,Phone,4,1703.15,2024-08-30,Pending
11326,1102,Monitor,3,312.25,2024-04-18,Completed
11327,1644,Headphones,1,1851.51,2024-05-23,Cancelled
11328,1379,Keyboard,1,1917.69,2024-12-17,Pending
11329,1074,Headphones,2,1751.6,2024-11-24,Shipped
11330,1183,Phone,3,1365.39,2024-03-10,Cancelled
11331,1378,Keyboard,4,504.6,2024-05-10,Completed
11332,1384,Phone,4,1217.2,2024-08-20,Completed
11333,1151,Laptop,1,122.73,2024-12-04,Completed
11334,1311,Headphones,4,1170.47,2024-08-02,Completed
11335,1356,Monitor,2,1343.27,2024-12-19,Cancelled
11336,1988,Headphones,4,768.39,2024-05-01,Completed
11337,1692,Tablet,1,262.11,2024-03-25,Cancelled
11338,1612,Keyboard,4,1403.78,2024-11-10,Completed
11339,1552,Headphones,1,1913.03,2024-02-28,Completed
11340,1581,Laptop,4,1831.37,2024-09-23,Shipped
11341,1133,Headphones,3,1227.69,2024-06-20,Cancelled
11342,1793,Monitor,4,1334.27,2024-09-14,Pending
11343,1584,Monitor,1,155.91,2024-06-03,Cancelled
11344,1051,Monitor,3,833.93,2024-04-15,Shipped
11345,1424,Keyboard,3,235.99,2024-02-03,Completed
11346,1423,Headphones,1,753.13,2024-05-18,Pending
11347,1321,Phone,1,1314.0,2024-09-21,Completed
11348,1011,Tablet,4,1356.68,2024-01-15,Pending
11349,1332,Monitor,4,439.76,2024-02-29,Cancelled
11350,1264,Headphones,1,1847.38,2024-09-08,Cancelled
11351,1927,Mouse,1,1115.47,2024-09-26,Pending
11352,1217,Keyboard,2,135.33,2024-01-04,Cancelled
11353,1463,Laptop,1,707.4,2024-06-08,Cancelled
11354,1991,Headphones,3,1601.46,2024-09-11,Pending
11355,1155,Phone,3,1982.3,2024-07-25,Pending
11356,1004,Mouse,4,114.21,2024-12-13,Completed
11357,1506,Mouse,2,1647.45,2024-09-05,Completed
11358,1376,Phone,4,1752.35,2024-09-24,Shipped
11359,1850,Monitor,1,64.53,2024-11-02,Cancelled
11360,1340,Phone,1,1160.57,2024-10-12,Shipped
11361,1486,Monitor,2,1368.62,2024-08-08,Pending
11362,1222,Keyboard,1,83.16,2024-03-21,Shipped
11363,1833,Mouse,3,597.24,2024-06-22,Cancelled
11364,1508,Laptop,1,1131.12,2024-10-17,Cancelled
11365,1315,Mouse,1,1565.82,2024-04-15,Shipped
11366,1722,Mouse,1,1846.3,2024-04-16,Shipped
11367,1025,Monitor,4,749.15,2024-08-11,Shipped
11368,1904,Laptop,1,852.73,2024-05-19,Cancelled
11369,1637,Headphones,2,1337.81,2024-10-01,Cancelled
11370,1240,Phone,1,1769.34,2024-04-09,Cancelled
11371,1418,Mouse,2,330.53,2024-05-01,Completed
11372,1732,Keyboard,1,971.51,2024-06-20,Pending
11373,1249,Monitor,3,571.7,2024-07-03,Pending
11374,1114,Laptop,4,1552.98,2024-10-04,Pending
11375,1281,Keyboard,1,265.23,2024-06-03,Completed
11376,1734,Headphones,2,1834.53,2024-08-02,Completed
11377,1098,Keyboard,1,1967.25,2024-10-14,Shipped
11378,1549,Tablet,4,1056.7,2024-02-19,Pending
11379,1040,Headphones,3,806.91,2024-04-28,Pending
11380,1988,Laptop,1,1183.38,2024-09-28,Pending
11381,1574,Tablet,1,88.85,2024-05-24,Completed
11382,1862,Laptop,1,1497.69,2024-05-26,Cancelled
11383,1229,Mouse,1,1012.18,2024-03-11,Shipped
11384,1091,Laptop,2,253.94,2024-05-17,Cancelled
11385,1391,Phone,2,1516.72,2024-12-18,Cancelled
11386,1429,Tablet,3,647.37,2024-11-28,Pending
11387,1326,Laptop,2,1437.04,2024-11-09,Completed
11388,1570,Keyboard,3,318.9,2024-11-22,Pending
11389,1595,Tablet,1,340.03,2024-03-08,Shipped
11390,1521,Monitor,1,1511.57,2024-11-29,Completed
11391,1195,Monitor,2,557.79,2024-03-17,Completed
11392,1264,Mouse,4,82.85,2024-01-17,Shipped
11393,1170,Mouse,4,1890.83,2024-01-12,Pending
11394,1167,Laptop,2,1561.96,2024-11-25,Pending
11395,1687,Headphones,1,549.32,2024-07-04,Pending
11396,1129,Mouse,1,1897.0,2024-12-08,Cancelled
11397,1848,Keyboard,3,741.38,2024-08-17,Pending
11398,1859,Keyboard,3,1969.91,2024-12-19,Completed
11399,1948,Phone,3,649.64,2024-06-23,Completed
11400,1640,Headphones,3,512.91,2024-08-07,Completed
11401,1105,Mouse,2,449.1,2024-11-06,Shipped
11402,1670,Phone,4,318.79,2024-08-19,Pending
11403,1618,Keyboard,4,1179.9,2024-01-21,Completed
11404,1092,Keyboard,3,528.98,2024-09-17,Completed
11405,1063,Headphones,1,407.68,2024-06-08,Completed
11406,1299,Headphones,2,108.33,2024-09-06,Shipped
11407,1198,Monitor,1,129.95,2024-02-08,Cancelled
11408,1566,Keyboard,3,1412.24,2024-04-13,Shipped
11409,1932,Tablet,4,773.35,2024-07-30,Shipped
11410,1430,Laptop,1,1325.08,2024-02-20,Completed
11411,1548,Tablet,3,102.56,2024-11-24,Pending
11412,1632,Phone,4,1522.41,2024-02-02,Pending
11413,1186,Mouse,2,1872.13,2024-11-29,Cancelled
11414,1531,Monitor,4,590.26,2024-11-19,Completed
11415,1127,Keyboard,1,1414.85,2024-01-07,Pending
11416,1080,Mouse,2,1974.76,2024-03-10,Pending
11417,1432,Monitor,4,766.48,2024-08-21,Cancelled
11418,1691,Keyboard,1,1401.81,2024-06-04,Cancelled
11419,1114,Phone,4,1572.1,2024-07-02,Cancelled
11420,1164,Phone,4,1305.38,2024-02-11,Pending
11421,1023,Headphones,2,1330.57,2024-04-11,Pending
11422,1837,Mouse,2,1383.58,2024-01-19,Cancelled
11423,1821,Keyboard,1,1965.11,2024-05-31,Cancelled
11424,1504,Monitor,3,1184.64,2024-02-12,Shipped
11425,1614,Tablet,2,1686.0,2024-06-20,Shipped
11426,1908,Monitor,2,679.14,2024-03-15,Completed
11427,1815,Monitor,3,1348.05,2024-04-15,Completed
11428,1445,Phone,1,741.96,2024-08-16,Pending
11429,1093,Headphones,4,1848.18,2024-03-07,Pending
11430,1892,Keyboard,3,1475.43,2024-11-11,Completed
11431,1285,Monitor,2,1355.25,2024-01-17,Shipped
11432,1858,Phone,2,337.51,2024-11-30,Completed
11433,1819,Laptop,2,862.6,2024-03-11,Pending
11434,1720,Keyboard,1,1389.41,2024-11-06,Shipped
11435,1245,Monitor,2,252.21,2024-12-13,Cancelled
11436,1496,Laptop,4,1275.87,2024-11-04,Completed
11437,1471,Mouse,4,1202.8,2024-03-23,Pending
11438,1900,Tablet,2,63.44,2024-02-27,Pending
11439,1939,Headphones,2,88.71,2024-05-08,Pending
11440,1575,Tablet,4,833.17,2024-02-04,Cancelled
11441,1241,Laptop,3,1574.82,2024-07-15,Pending
11442,1536,Keyboard,2,1294.42,2024-03-02,Pending
11443,1697,Monitor,4,912.41,2024-07-15,Shipped
11444,1135,Monitor,4,1792.48,2024-08-28,Cancelled
11445,1537,Tablet,4,542.46,2024-12-12,Shipped
11446,1382,Laptop,2,554.97,2024-11-15,Shipped
11447,1423,Headphones,1,1044.86,2024-09-19,Cancelled
11448,1820,Phone,3,256.95,2024-09-17,Completed
11449,1287,Laptop,1,545.97,2024-09-27,Pending
11450,1491,Monitor,4,304.37,2024-06-22,Pending
11451,1939,Tablet,2,105.51,2024-11-02,Shipped
11452,1125,Monitor,3,1636.97,2024-01-27,Completed
11453,1771,Tablet,3,980.04,2024-04-04,Shipped
11454,1280,Tablet,3,997.53,2024-07-09,Completed
11455,1559,Monitor,1,1391.07,2024-09-21,Cancelled
11456,1129,Laptop,2,852.85,2024-06-30,Shipped
11457,1238,Monitor,3,1932.25,2024-05-20,Completed
11458,1348,Keyboard,3,968.77,2024-09-20,Pending
11459,1469,Headphones,2,918.19,2024-02-16,Pending
11460,1055,Tablet,4,323.76,2024-11-09,Shipped
11461,1936,Mouse,4,421.74,2024-04-19,Completed
11462,1269,Headphones,2,1153.51,2024-04-03,Pending
11463,1310,Mouse,4,502.62,2024-11-03,Shipped
11464,1495,Monitor,4,796.14,2024-03-29,Completed
11465,1010,Keyboard,2,1778.99,2024-07-08,Shipped
11466,1392,Phone,1,1435.12,2024-03-15,Pending
11467,1746,Keyboard,2,343.48,2024-03-27,Completed
11468,1603,Keyboard,1,359.61,2024-11-02,Pending
11469,1360,Tablet,3,492.05,2024-09-30,Completed
11470,1870,Laptop,2,731.36,2024-05-31,Cancelled
11471,1242,Phone,1,1938.33,2024-12-11,Shipped
11472,1754,Mouse,4,171.63,2024-07-04,Pending
11473,1363,Laptop,1,1530.55,2024-11-13,Completed
11474,1354,Laptop,4,1303.1,2024-04-15,Shipped
11475,1085,Phone,2,1980.45,2024-03-02,Completed
11476,1086,Headphones,4,257.46,2024-11-03,Shipped
11477,1304,Headphones,1,454.94,2024-10-29,Cancelled
11478,1647,Monitor,2,1345.95,2024-08-12,Pending
11479,1053,Mouse,2,1662.29,2024-01-08,Cancelled
11480,1493,Tablet,1,1879.46,2024-01-02,Shipped
11481,1967,Tablet,1,1061.37,2024-10-06,Completed
11482,1694,Tablet,2,1515.55,2024-03-20,Completed
11483,1655,Monitor,3,797.03,2024-11-17,Pending
11484,1278,Tablet,4,1074.72,2024-04-21,Completed
11485,1911,Keyboard,1,919.26,2024-07-15,Shipped
11486,1290,Monitor,2,1659.08,2024-12-10,Completed
11487,1020,Keyboard,4,575.85,2024-03-29,Completed
11488,1485,Phone,4,206.32,2024-07-05,Cancelled
11489,1415,Phone,4,998.64,2024-09-08,Shipped
11490,1413,Mouse,3,1830.96,2024-06-22,Completed
11491,1110,Headphones,1,1285.05,2024-08-18,Pending
11492,1862,Monitor,1,1749.58,2024-04-17,Completed
11493,1408,Tablet,2,823.05,2024-07-30,Completed
11494,1614,Keyboard,3,1507.63,2024-08-25,Shipped
11495,1642,Tablet,3,1600.37,2024-01-04,Cancelled
11496,1504,Monitor,2,1202.8,2024-11-05,Shipped
11497,1080,Tablet,1,997.98,2024-05-30,Cancelled
11498,1512,Headphones,3,1615.03,2024-10-15,Shipped
11499,1374,Mouse,3,1917.42,2024-07-01,Completed
11500,1753,Headphones,2,1974.03,2024-11-15,Cancelled
11501,1569,Keyboard,1,175.77,2024-02-11,Completed
11502,1980,Monitor,2,170.02,2024-10-29,Shipped
11503,1756,Keyboard,1,755.96,2024-05-21,Pending
11504,1347,Monitor,3,880.14,2024-08-16,Completed
11505,1430,Keyboard,3,1375.2,2024-09-02,Completed
11506,1873,Keyboard,4,350.01,2024-05-07,Cancelled
11507,1410,Monitor,1,1125.18,2024-08-15,Cancelled
11508,1060,Phone,1,1105.08,2024-09-22,Completed
11509,1185,Mouse,1,277.66,2024-03-26,Completed
11510,1471,Headphones,4,1578.42,2024-07-14,Cancelled
11511,1984,Laptop,3,627.55,2024-02-10,Cancelled
11512,1303,Tablet,1,431.64,2024-01-14,Cancelled
11513,1935,Keyboard,4,1594.21,2024-05-07,Pending
11514,1012,Mouse,4,1094.32,2024-10-29,Shipped
11515,1751,Mouse,1,1677.74,2024-04-15,Pending
11516,1800,Tablet,1,665.71,2024-08-01,Cancelled
11517,1179,Headphones,3,1280.15,2024-10-17,Cancelled
11518,1016,Tablet,4,432.83,2024-06-25,Pending
11519,1285,Phone,2,697.02,2024-07-27,Cancelled
11520,1678,Laptop,1,1682.2,2024-02-05,Pending
11521,1762,Phone,3,526.34,2024-06-04,Shipped
11522,1665,Mouse,1,1810.79,2024-10-10,Cancelled
11523,1873,Mouse,4,817.88,2024-04-21,Completed
11524,1107,Headphones,4,1769.82,2024-07-08,Cancelled
11525,1730,Tablet,1,405.76,2024-07-26,Shipped
11526,1792,Phone,1,990.03,2024-08-22,Completed
11527,1396,Tablet,4,107.13,2024-10-21,Pending
11528,1766,Mouse,1,304.45,2024-09-16,Completed
11529,1891,Keyboard,1,1708.04,2024-04-14,Pending
11530,1792,Headphones,2,443.73,2024-05-08,Completed
11531,1489,Tablet,4,424.05,2024-09-25,Cancelled
11532,1491,Mouse,1,1583.4,2024-12-28,Pending
11533,1637,Keyboard,3,1279.68,2024-12-21,Pending
11534,1587,Phone,1,1255.82,2024-05-07,Cancelled
11535,1797,Mouse,4,605.39,2024-09-10,Pending
11536,1846,Headphones,1,115.76,2024-08-06,Pending
11537,1646,Tablet,2,351.1,2024-04-05,Cancelled
11538,1738,Mouse,4,1533.89,2024-04-20,Shipped
11539,1909,Phone,1,93.99,2024-06-15,Shipped
11540,1021,Mouse,4,566.91,2024-02-04,Cancelled
11541,1164,Tablet,4,1382.56,2024-11-08,Pending
11542,1938,Monitor,2,776.0,2024-09-02,Completed
11543,1869,Tablet,4,318.8,2024-10-04,Completed
11544,1800,Tablet,2,1632.8,2024-01-06,Completed
11545,1312,Laptop,2,706.11,2024-05-30,Shipped
11546,1077,Tablet,4,84.11,2024-07-30,Shipped
11547,1412,Laptop,4,1196.36,2024-01-12,Completed
11548,1876,Mouse,4,1003.99,2024-04-09,Shipped
11549,1587,Phone,2,1721.17,2024-05-28,Cancelled
11550,1791,Headphones,3,1553.95,2024-04-02,Pending
11551,1485,Laptop,3,1960.33,2024-04-03,Cancelled
11552,1379,Keyboard,3,1921.34,2024-08-27,Pending
11553,1076,Phone,1,1320.67,2024-03-30,Completed
11554,1125,Monitor,4,1649.7,2024-05-13,Cancelled
11555,1332,Keyboard,4,1144.44,2024-05-29,Pending
11556,1454,Mouse,2,1699.09,2024-08-06,Pending
11557,1405,Headphones,4,1404.54,2024-07-08,Cancelled
11558,1161,Tablet,1,1442.06,2024-07-20,Completed
11559,1241,Tablet,3,553.95,2024-06-13,Shipped
11560,1568,Laptop,3,1078.21,2024-03-10,Shipped
11561,1663,Tablet,2,1404.94,2024-10-02,Shipped
11562,1097,Tablet,4,1128.38,2024-09-03,Shipped
11563,1388,Phone,3,949.66,2024-08-26,Completed
11564,1534,Monitor,4,840.27,2024-09-12,Shipped
11565,1394,Tablet,4,321.51,2024-07-05,Pending
11566,1671,Laptop,1,474.65,2024-12-08,Shipped
11567,1303,Headphones,4,1371.28,2024-07-13,Shipped
11568,1708,Headphones,3,1582.55,2024-09-28,Completed
11569,1782,Mouse,1,1765.35,2024-01-24,Pending
11570,1119,Mouse,2,1491.19,2024-12-04,Cancelled
11571,1481,Monitor,1,630.34,2024-11-06,Shipped
11572,1553,Laptop,2,207.1,2024-11-14,Shipped
11573,1565,Laptop,3,1421.13,2024-08-14,Shipped
11574,1318,Headphones,4,743.25,2024-03-27,Cancelled
11575,1409,Monitor,3,867.57,2024-11-08,Pending
11576,1255,Monitor,3,473.92,2024-02-02,Pending
11577,1498,Keyboard,3,754.94,2024-09-15,Completed
11578,1651,Monitor,2,770.99,2024-06-24,Shipped
11579,1267,Headphones,4,362.19,2024-02-01,Completed
11580,1507,Tablet,4,1204.54,2024-11-28,Pending
11581,1436,Laptop,2,694.57,2024-06-03,Completed
11582,1394,Mouse,2,778.98,2024-06-25,Cancelled
11583,1394,Headphones,4,803.7,2024-09-30,Pending
11584,1899,Laptop,2,1931.58,2024-03-12,Pending
11585,1397,Headphones,1,959.65,2024-11-05,Cancelled
11586,1678,Laptop,4,147.81,2024-01-19,Pending
11587,1974,Tablet,4,1974.5,2024-05-13,Completed
11588,1464,Phone,2,569.96,2024-03-22,Cancelled
11589,1440,Mouse,1,853.18,2024-01-29,Shipped
11590,1222,Keyboard,2,339.9,2024-10-12,Pending
11591,1955,Keyboard,2,1872.59,2024-02-15,Cancelled
11592,1139,Laptop,3,911.19,2024-09-05,Shipped
11593,1083,Headphones,4,1282.89,2024-06-07,Cancelled
11594,1542,Headphones,3,341.81,2024-04-30,Pending
11595,1248,Monitor,3,948.24,2024-05-08,Shipped
11596,1462,Monitor,4,1907.35,2024-06-12,Pending
11597,1725,Mouse,4,1408.69,2024-06-23,Pending
11598,1554,Tablet,2,1550.49,2024-08-03,Completed
11599,1733,Keyboard,2,1368.86,2024-10-24,Cancelled
11600,1359,Tablet,4,1497.38,2024-12-05,Shipped
11601,1970,Headphones,1,1416.02,2024-01-31,Completed
11602,1661,Laptop,2,606.75,2024-04-15,Completed
11603,1404,Mouse,3,1953.03,2024-07-14,Cancelled
11604,1024,Headphones,3,714.4,2024-07-23,Shipped
11605,1040,Monitor,4,1441.96,2024-12-25,Cancelled
11606,1562,Laptop,3,1722.31,2024-11-22,Shipped
11607,1440,Mouse,1,1330.36,2024-04-28,Completed
11608,1516,Mouse,3,176.11,2024-03-19,Completed
11609,1952,Mouse,1,661.27,2024-04-22,Pending
11610,1849,Tablet,1,1557.12,2024-06-14,Completed
11611,1466,Keyboard,1,1470.53,2024-01-31,Shipped
11612,1603,Laptop,1,1427.49,2024-01-02,Shipped
11613,1958,Tablet,2,366.13,2024-02-29,Shipped
11614,1300,Laptop,3,1095.23,2024-01-03,Cancelled
11615,1370,Monitor,2,1488.43,2024-10-13,Cancelled
11616,1751,Phone,1,1351.62,2024-09-30,Pending
11617,1777,Mouse,1,277.83,2024-10-21,Completed
11618,1085,Laptop,2,487.46,2024-06-04,Completed
11619,1075,Laptop,2,1492.02,2024-04-24,Completed
11620,1493,Mouse,1,1359.53,2024-03-17,Completed
11621,1890,Laptop,1,879.7,2024-10-24,Shipped
11622,1195,Keyboard,3,1154.91,2024-07-28,Cancelled
11623,1202,Monitor,2,1733.24,2024-12-16,Completed
11624,1780,Headphones,1,458.94,2024-12-13,Pending
11625,1418,Mouse,4,1810.79,2024-09-16,Completed
11626,1609,Laptop,4,1528.75,2024-10-23,Cancelled
11627,1671,Phone,3,344.9,2024-09-12,Cancelled
11628,1944,Keyboard,3,1686.9,2024-09-15,Shipped
11629,1875,Laptop,3,593.4,2024-09-25,Shipped
11630,1577,Mouse,4,264.97,2024-09-23,Shipped
11631,1187,Mouse,3,1763.1,2024-03-28,Completed
11632,1631,Keyboard,2,1960.92,2024-01-24,Shipped
11633,1554,Laptop,1,1770.91,2024-04-25,Completed
11634,1303,Laptop,3,1369.86,2024-03-04,Cancelled
11635,1603,Monitor,2,1575.6,2024-01-28,Cancelled
11636,1773,Keyboard,4,1099.11,2024-09-27,Cancelled
11637,1354,Mouse,2,685.07,2024-08-15,Cancelled
11638,1788,Keyboard,3,359.71,2024-09-20,Pending
11639,1392,Headphones,1,1179.02,2024-06-07,Cancelled
11640,1884,Laptop,4,634.33,2024-06-27,Pending
11641,1128,Headphones,2,1561.9,2024-05-07,Pending
11642,1377,Phone,2,674.62,2024-08-10,Pending
11643,1860,Phone,2,384.92,2024-09-11,Completed
11644,1904,Headphones,4,149.96,2024-08-23,Cancelled
11645,1216,Laptop,1,1988.49,2024-11-13,Completed
11646,1016,Headphones,4,656.48,2024-01-13,Shipped
11647,1827,Headphones,4,1194.05,2024-11-18,Pending
11648,1052,Mouse,4,1177.33,2024-10-18,Completed
11649,1619,Monitor,1,1612.21,2024-05-11,Completed
11650,1496,Phone,2,580.05,2024-04-27,Shipped
11651,1915,Keyboard,3,309.49,2024-10-05,Completed
11652,1108,Headphones,2,160.39,2024-04-27,Pending
11653,1383,Keyboard,1,861.65,2024-11-01,Completed
11654,1887,Laptop,3,785.31,2024-09-04,Cancelled
11655,1582,Mouse,1,1862.85,2024-07-07,Shipped
11656,1251,Phone,3,238.4,2024-03-07,Cancelled
11657,1548,Phone,2,1243.81,2024-03-15,Cancelled
11658,1179,Laptop,2,1370.86,2024-12-05,Cancelled
11659,1382,Mouse,2,1783.5,2024-07-16,Cancelled
11660,1165,Mouse,2,450.83,2024-03-10,Cancelled
11661,1000,Headphones,2,333.59,2024-11-04,Cancelled
11662,1410,Tablet,1,151.23,2024-10-28,Pending
11663,1160,Tablet,1,808.0,2024-10-04,Completed
11664,1677,Monitor,1,1580.84,2024-10-20,Completed
11665,1127,Laptop,1,964.5,2024-04-06,Cancelled
11666,1676,Monitor,4,779.98,2024-01-10,Shipped
11667,1163,Mouse,3,1328.04,2024-12-28,Cancelled
11668,1791,Tablet,3,977.08,2024-04-26,Cancelled
11669,1292,Monitor,2,1689.89,2024-11-09,Cancelled
11670,1122,Mouse,4,1492.31,2024-10-15,Shipped
11671,1428,Keyboard,4,1107.25,2024-08-04,Shipped
11672,1622,Laptop,3,1902.7,2024-06-20,Cancelled
11673,1248,Mouse,2,274.41,2024-09-21,Cancelled
11674,1818,Mouse,4,606.42,2024-09-03,Cancelled
11675,1919,Tablet,4,1340.31,2024-08-16,Shipped
11676,1810,Tablet,2,1649.27,2024-04-10,Pending
11677,1364,Keyboard,4,1825.87,2024-02-16,Completed
11678,1625,Headphones,3,1283.57,2024-07-27,Pending
11679,1562,Tablet,2,1756.73,2024-06-15,Completed
11680,1710,Keyboard,3,402.19,2024-11-07,Shipped
11681,1366,Keyboard,1,1679.12,2024-07-22,Completed
11682,1027,Phone,2,940.52,2024-09-24,Cancelled
11683,1339,Monitor,1,810.32,2024-01-02,Pending
11684,1920,Phone,3,179.45,2024-02-06,Cancelled
11685,1779,Mouse,1,930.21,2024-07-13,Completed
11686,1062,Tablet,1,1836.7,2024-07-03,Shipped
11687,1865,Monitor,4,839.89,2024-10-02,Completed
11688,1675,Monitor,2,1683.38,2024-01-24,Cancelled
11689,1764,Phone,4,1643.11,2024-09-27,Pending
11690,1659,Phone,4,1214.48,2024-12-09,Cancelled
11691,1885,Laptop,2,346.1,2024-06-22,Shipped
11692,1709,Mouse,1,644.11,2024-09-24,Shipped
11693,1034,Tablet,1,1003.78,2024-05-27,Completed
11694,1378,Keyboard,3,1551.54,2024-02-01,Completed
11695,1092,Headphones,4,568.38,2024-09-07,Cancelled
11696,1703,Mouse,4,304.07,2024-12-01,Shipped
11697,1135,Phone,4,140.77,2024-01-15,Pending
11698,1721,Laptop,4,1427.99,2024-09-23,Pending
11699,1641,Keyboard,2,412.17,2024-07-21,Shipped
11700,1792,Keyboard,2,1382.27,2024-05-13,Shipped
11701,1088,Phone,4,720.52,2024-05-09,Pending
11702,1658,Monitor,2,903.17,2024-03-02,Shipped
11703,1120,Monitor,3,598.04,2024-08-02,Cancelled
11704,1171,Tablet,1,1012.06,2024-10-28,Pending
11705,1819,Laptop,4,1741.2,2024-06-15,Shipped
11706,1962,Laptop,1,727.82,2024-03-13,Shipped
11707,1218,Tablet,1,1162.74,2024-07-08,Shipped
11708,1283,Headphones,2,629.55,2024-03-01,Shipped
11709,1290,Laptop,4,1606.74,2024-12-03,Cancelled
11710,1392,Phone,1,1920.69,2024-03-03,Cancelled
11711,1334,Mouse,1,161.21,2024-09-16,Cancelled
11712,1254,Laptop,2,1853.2,2024-10-17,Cancelled
11713,1859,Mouse,1,1491.75,2024-12-10,Cancelled
11714,1243,Mouse,2,1495.83,2024-07-20,Cancelled
11715,1187,Laptop,4,1628.84,2024-04-10,Cancelled
11716,1440,Monitor,3,1690.91,2024-02-06,Completed
11717,1491,Phone,1,1714.06,2024-02-03,Completed
11718,1414,Monitor,1,673.66,2024-12-19,Cancelled
11719,1864,Mouse,1,1614.82,2024-02-23,Completed
11720,1300,Monitor,3,283.02,2024-07-12,Shipped
11721,1764,Mouse,3,435.55,2024-06-10,Cancelled
11722,1437,Laptop,3,1507.09,2024-03-01,Shipped
11723,1016,Mouse,4,1768.12,2024-05-19,Completed
11724,1338,Tablet,4,781.18,2024-06-29,Pending
11725,1607,Laptop,3,899.22,2024-08-06,Pending
11726,1079,Mouse,1,1588.16,2024-05-19,Shipped
11727,1522,Tablet,2,1367.93,2024-04-24,Cancelled
11728,1804,Keyboard,3,1329.56,2024-01-30,Completed
11729,1797,Laptop,4,312.31,2024-08-30,Shipped
11730,1433,Keyboard,2,1538.94,2024-11-12,Pending
11731,1909,Keyboard,2,1605.23,2024-01-18,Shipped
11732,1262,Phone,4,1113.89,2024-03-19,Cancelled
11733,1291,Headphones,4,1563.69,2024-10-20,Pending
11734,1876,Mouse,4,986.01,2024-05-07,Pending
11735,1518,Mouse,3,1483.61,2024-04-02,Cancelled
11736,1080,Keyboard,4,713.02,2024-01-25,Shipped
11737,1706,Monitor,3,66.87,2024-08-17,Shipped
11738,1020,Headphones,1,1031.33,2024-09-20,Cancelled
11739,1368,Laptop,2,262.11,2024-02-29,Pending
11740,1993,Keyboard,2,842.8,2024-09-04,Cancelled
11741,1087,Mouse,2,1810.5,2024-05-24,Cancelled
11742,1308,Headphones,2,1087.87,2024-12-15,Pending
11743,1087,Phone,4,400.19,2024-08-26,Cancelled
11744,1501,Laptop,3,530.88,2024-01-10,Cancelled
11745,1180,Keyboard,2,1866.71,2024-05-24,Completed
11746,1732,Laptop,1,376.49,2024-08-10,Shipped
11747,1421,Tablet,4,1472.9,2024-07-03,Cancelled
11748,1698,Keyboard,3,1267.99,2024-01-10,Completed
11749,1605,Mouse,2,1948.97,2024-07-30,Shipped
11750,1188,Mouse,4,679.02,2024-11-27,Shipped
11751,1681,Keyboard,4,984.21,2024-01-21,Pending
11752,1210,Phone,4,1432.94,2024-03-19,Completed
11753,1360,Monitor,4,1607.98,2024-07-09,Shipped
11754,1032,Phone,3,1068.33,2024-06-15,Shipped
11755,1833,Monitor,4,241.11,2024-06-29,Shipped
11756,1865,Monitor,4,1252.46,2024-01-25,Cancelled
11757,1319,Tablet,2,1794.26,2024-03-11,Cancelled
11758,1271,Phone,2,1037.47,2024-11-07,Completed
11759,1657,Keyboard,2,643.51,2024-07-30,Shipped
11760,1717,Monitor,2,1615.2,2024-01-29,Completed
11761,1235,Monitor,1,1318.79,2024-05-22,Pending
11762,1039,Tablet,3,925.29,2024-06-23,Shipped
11763,1505,Phone,2,1245.54,2024-09-10,Pending
11764,1125,Mouse,3,1177.12,2024-06-29,Cancelled
11765,1482,Laptop,2,1864.39,2024-10-24,Cancelled
11766,1855,Monitor,2,195.61,2024-06-06,Shipped
11767,1280,Tablet,2,1925.88,2024-10-20,Pending
11768,1248,Phone,4,191.6,2024-02-02,Cancelled
11769,1798,Mouse,2,344.84,2024-01-15,Completed
11770,1165,Laptop,3,691.03,2024-09-25,Shipped
11771,1244,Mouse,3,1595.11,2024-02-02,Cancelled
11772,1347,Keyboard,3,799.7,2024-11-28,Pending
11773,1603,Phone,1,1062.85,2024-04-28,Cancelled
11774,1790,Keyboard,3,1279.84,2024-07-27,Cancelled
11775,1569,Headphones,2,903.76,2024-08-22,Shipped
11776,1904,Keyboard,2,700.16,2024-06-14,Pending
11777,1749,Headphones,4,1033.24,2024-09-01,Completed
11778,1669,Mouse,4,985.62,2024-11-11,Shipped
11779,1610,Tablet,1,1776.81,2024-04-26,Cancelled
11780,1384,Headphones,4,1038.71,2024-12-14,Shipped
11781,1072,Laptop,2,1810.16,2024-05-19,Pending
11782,1496,Tablet,4,1386.28,2024-03-24,Pending
11783,1377,Headphones,3,867.46,2024-05-31,Pending
11784,1478,Phone,3,1145.87,2024-02-16,Cancelled
11785,1970,Mouse,3,1684.95,2024-10-15,Cancelled
11786,1918,Mouse,3,1130.45,2024-04-11,Completed
11787,1537,Monitor,3,297.83,2024-05-28,Shipped
11788,1866,Mouse,4,1543.8,2024-02-16,Shipped
11789,1507,Phone,1,818.56,2024-07-11,Completed
11790,1247,Monitor,4,348.11,2024-05-30,Completed
11791,1729,Keyboard,4,124.94,2024-09-03,Shipped
11792,1141,Keyboard,2,1071.94,2024-06-28,Pending
11793,1049,Keyboard,2,81.94,2024-09-20,Pending
11794,1884,Phone,1,1266.62,2024-06-26,Completed
11795,1930,Mouse,4,85.18,2024-10-10,Shipped
11796,1905,Mouse,2,1131.43,2024-10-22,Pending
11797,1743,Tablet,2,122.65,2024-05-01,Shipped
11798,1370,Monitor,3,725.01,2024-02-03,Cancelled
11799,1159,Phone,3,545.33,2024-12-12,Completed
11800,1553,Laptop,1,1795.4,2024-02-25,Pending
11801,1949,Headphones,1,92.26,2024-05-26,Shipped
11802,1072,Mouse,4,1680.71,2024-08-11,Shipped
11803,1252,Tablet,3,1068.35,2024-02-08,Cancelled
11804,1049,Phone,2,197.27,2024-01-02,Cancelled
11805,1565,Mouse,2,671.92,2024-09-01,Completed
11806,1956,Phone,4,543.42,2024-10-27,Cancelled
11807,1776,Keyboard,2,1888.33,2024-10-08,Pending
11808,1224,Monitor,3,1790.63,2024-10-17,Cancelled
11809,1188,Headphones,4,1265.36,2024-02-20,Completed
11810,1581,Headphones,2,1814.36,2024-09-21,Cancelled
11811,1886,Headphones,3,165.21,2024-05-20,Cancelled
11812,1454,Keyboard,4,268.52,2024-02-15,Cancelled
11813,1328,Monitor,1,158.87,2024-05-16,Shipped
11814,1452,Mouse,1,456.23,2024-08-05,Cancelled
11815,1178,Monitor,1,470.38,2024-05-03,Completed
11816,1510,Laptop,1,617.37,2024-06-12,Cancelled
11817,1698,Tablet,1,1331.2,2024-09-19,Cancelled
11818,1898,Keyboard,4,1639.43,2024-12-05,Cancelled
11819,1012,Headphones,1,1349.77,2024-04-03,Pending
11820,1169,Headphones,2,1994.33,2024-06-02,Cancelled
11821,1506,Tablet,4,1490.4,2024-06-05,Completed
11822,1165,Tablet,2,1236.93,2024-06-14,Pending
11823,1771,Keyboard,3,643.3,2024-10-19,Cancelled
11824,1808,Phone,4,1760.11,2024-06-18,Pending
11825,1681,Laptop,4,1083.51,2024-07-30,Pending
11826,1391,Keyboard,1,139.54,2024-09-17,Pending
11827,1171,Laptop,3,872.51,2024-05-13,Completed
11828,1939,Headphones,2,1401.2,2024-11-03,Pending
11829,1218,Mouse,1,1404.91,2024-11-01,Completed
11830,1014,Keyboard,1,972.61,2024-03-02,Pending
11831,1001,Monitor,2,1390.48,2024-10-08,Cancelled
11832,1679,Keyboard,2,1975.16,2024-12-10,Cancelled
11833,1645,Headphones,4,1641.35,2024-10-29,Cancelled
11834,1909,Keyboard,2,1669.61,2024-05-09,Shipped
11835,1941,Keyboard,4,1400.04,2024-05-16,Pending
11836,1372,Headphones,4,936.73,2024-04-19,Pending
11837,1832,Mouse,3,832.94,2024-04-22,Shipped
11838,1626,Keyboard,2,1478.3,2024-04-19,Shipped
11839,1179,Laptop,1,1948.75,2024-01-21,Cancelled
11840,1699,Keyboard,4,175.88,2024-08-01,Shipped
11841,1299,Monitor,1,106.35,2024-07-28,Cancelled
11842,1700,Mouse,2,704.02,2024-12-31,Completed
11843,1571,Phone,2,96.67,2024-12-23,Pending
11844,1539,Keyboard,2,633.14,2024-03-16,Pending
11845,1013,Laptop,1,981.89,2024-11-17,Cancelled
11846,1607,Keyboard,3,1768.89,2024-05-17,Pending
11847,1139,Phone,4,291.52,2024-11-30,Shipped
11848,1936,Keyboard,3,924.63,2024-03-06,Pending
11849,1577,Monitor,4,747.86,2024-08-10,Cancelled
11850,1243,Keyboard,2,749.91,2024-04-27,Shipped
11851,1517,Phone,4,1433.68,2024-10-03,Shipped
11852,1640,Laptop,4,1974.44,2024-06-11,Completed
11853,1847,Monitor,3,673.58,2024-04-13,Pending
11854,1063,Headphones,1,157.59,2024-04-24,Pending
11855,1326,Monitor,2,761.09,2024-07-20,Cancelled
11856,1448,Tablet,2,1981.16,2024-07-26,Pending
11857,1731,Monitor,3,568.29,2024-06-14,Completed
11858,1448,Phone,3,1390.74,2024-10-09,Cancelled
11859,1229,Headphones,4,1659.21,2024-08-22,Shipped
11860,1130,Phone,1,1700.85,2024-03-11,Shipped
11861,1885,Monitor,3,320.95,2024-05-08,Cancelled
11862,1400,Mouse,4,1817.17,2024-04-09,Completed
11863,1199,Mouse,2,1766.52,2024-04-10,Pending
11864,1235,Headphones,4,768.46,2024-07-29,Cancelled
11865,1719,Headphones,3,1508.41,2024-05-29,Pending
11866,1894,Headphones,1,755.65,2024-03-21,Completed
11867,1741,Mouse,1,879.96,2024-02-23,Pending
11868,1179,Laptop,3,777.79,2024-10-24,Completed
11869,1509,Tablet,1,517.31,2024-09-16,Pending
11870,1797,Tablet,1,525.06,2024-03-28,Cancelled
11871,1076,Keyboard,2,1117.67,2024-09-07,Shipped
11872,1624,Laptop,3,227.9,2024-03-21,Shipped
11873,1698,Mouse,2,1858.64,2024-02-02,Cancelled
11874,1682,Laptop,3,1190.52,2024-05-30,Completed
11875,1496,Tablet,1,904.8,2024-09-29,Cancelled
11876,1606,Headphones,3,1736.9,2024-06-27,Cancelled
11877,1582,Laptop,2,203.45,2024-10-16,Pending
11878,1598,Monitor,2,1524.52,2024-01-12,Shipped
11879,1384,Tablet,4,1974.69,2024-02-17,Cancelled
11880,1547,Laptop,3,980.28,2024-01-19,Completed
11881,1391,Phone,4,709.38,2024-11-06,Completed
11882,1368,Monitor,1,1629.05,2024-01-31,Cancelled
11883,1759,Phone,1,511.53,2024-01-24,Completed
11884,1866,Laptop,1,84.96,2024-04-04,Pending
11885,1112,Phone,3,492.52,2024-06-07,Cancelled
11886,1439,Laptop,2,448.16,2024-10-07,Shipped
11887,1700,Keyboard,2,1123.7,2024-07-14,Cancelled
11888,1693,Headphones,2,182.16,2024-07-10,Shipped
11889,1270,Mouse,4,1336.7,2024-06-16,Shipped
11890,1152,Tablet,4,1966.15,2024-06-05,Pending
11891,1248,Monitor,4,1447.29,2024-04-23,Completed
11892,1165,Keyboard,4,164.82,2024-03-16,Pending
11893,1638,Monitor,1,759.18,2024-07-27,Cancelled
11894,1537,Phone,4,1231.57,2024-11-13,Pending
11895,1508,Headphones,1,1956.31,2024-12-21,Completed
11896,1665,Monitor,2,1957.75,2024-08-24,Completed
11897,1024,Keyboard,3,984.92,2024-12-31,Shipped
11898,1423,Tablet,3,608.31,2024-10-20,Pending
11899,1014,Laptop,2,1101.59,2024-09-03,Pending
11900,1540,Monitor,2,150.2,2024-12-23,Completed
11901,1000,Phone,3,1772.12,2024-03-06,Shipped
11902,1791,Monitor,3,1849.21,2024-01-29,Pending
11903,1795,Headphones,3,1533.28,2024-07-03,Shipped
11904,1982,Phone,1,652.52,2024-07-16,Shipped
11905,1805,Mouse,2,69.67,2024-09-12,Completed
11906,1417,Laptop,4,1888.36,2024-08-12,Cancelled
11907,1377,Laptop,1,1765.07,2024-12-10,Completed
11908,1618,Monitor,4,1274.67,2024-11-17,Completed
11909,1714,Headphones,1,1227.42,2024-09-26,Shipped
11910,1878,Mouse,1,621.48,2024-07-26,Pending
11911,1428,Keyboard,4,343.85,2024-01-11,Completed
11912,1274,Mouse,3,1405.64,2024-09-07,Cancelled
11913,1339,Headphones,4,1836.6,2024-07-27,Shipped
11914,1968,Phone,2,1025.77,2024-11-07,Cancelled
11915,1227,Monitor,4,981.39,2024-04-02,Cancelled
11916,1604,Tablet,1,992.68,2024-12-13,Completed
11917,1285,Phone,4,1283.74,2024-09-28,Completed
11918,1619,Laptop,2,220.54,2024-05-24,Shipped
11919,1366,Laptop,2,433.75,2024-02-04,Pending
11920,1144,Headphones,2,505.75,2024-03-07,Shipped
11921,1910,Tablet,4,937.71,2024-02-13,Shipped
11922,1110,Laptop,3,1809.43,2024-09-22,Pending
11923,1288,Laptop,4,1309.23,2024-03-30,Shipped
11924,1336,Keyboard,3,202.3,2024-02-10,Completed
11925,1728,Mouse,3,736.5,2024-11-29,Completed
11926,1619,Laptop,3,1859.2,2024-09-18,Completed
11927,1649,Headphones,2,329.37,2024-08-23,Pending
11928,1146,Keyboard,1,1052.16,2024-03-29,Cancelled
11929,1880,Mouse,2,684.6,2024-07-30,Completed
11930,1745,Mouse,2,1756.18,2024-09-30,Completed
11931,1706,Tablet,3,1245.41,2024-02-28,Pending
11932,1954,Mouse,3,771.68,2024-04-21,Shipped
11933,1634,Laptop,3,588.99,2024-11-18,Cancelled
11934,1051,Phone,1,1242.48,2024-04-15,Shipped
11935,1156,Monitor,2,507.64,2024-03-08,Pending
11936,1849,Phone,1,148.86,2024-07-08,Cancelled
11937,1869,Mouse,3,1978.08,2024-12-24,Pending
11938,1697,Mouse,3,1437.35,2024-11-28,Completed
11939,1953,Tablet,1,980.58,2024-12-16,Pending
11940,1214,Phone,3,1476.43,2024-04-23,Cancelled
11941,1115,Tablet,3,218.88,2024-05-12,Pending
11942,1306,Keyboard,4,1101.73,2024-12-28,Completed
11943,1981,Keyboard,2,463.12,2024-11-19,Cancelled
11944,1709,Mouse,3,753.98,2024-11-04,Cancelled
11945,1671,Keyboard,1,338.65,2024-11-28,Shipped
11946,1043,Mouse,3,1762.75,2024-07-24,Shipped
11947,1115,Monitor,2,1107.2,2024-10-10,Cancelled
11948,1504,Keyboard,4,1482.24,2024-03-14,Shipped
11949,1780,Laptop,2,492.71,2024-07-20,Shipped
11950,1536,Phone,4,622.7,2024-09-09,Shipped
11951,1697,Monitor,2,1338.54,2024-08-06,Pending
11952,1993,Keyboard,3,1315.41,2024-01-01,Completed
11953,1320,Mouse,4,214.03,2024-10-09,Cancelled
11954,1120,Mouse,4,662.57,2024-03-15,Pending
11955,1504,Laptop,1,209.54,2024-04-07,Pending
11956,1237,Mouse,4,1983.67,2024-04-14,Shipped
11957,1465,Tablet,1,1349.01,2024-10-28,Completed
11958,1277,Keyboard,3,409.72,2024-07-24,Shipped
11959,1077,Monitor,3,1475.46,2024-09-24,Pending
11960,1573,Phone,3,110.66,2024-12-29,Cancelled
11961,1369,Mouse,4,1358.09,2024-07-29,Shipped
11962,1485,Tablet,1,1201.76,2024-01-07,Pending
11963,1076,Mouse,2,665.64,2024-12-17,Completed
11964,1103,Headphones,4,1490.97,2024-05-27,Shipped
11965,1250,Tablet,4,208.26,2024-07-14,Pending
11966,1618,Headphones,1,1823.56,2024-11-12,Completed
11967,1272,Headphones,1,1837.31,2024-02-26,Shipped
11968,1123,Laptop,4,1907.34,2024-02-02,Cancelled
11969,1199,Headphones,1,1892.05,2024-04-03,Completed
11970,1635,Monitor,3,258.0,2024-03-21,Pending
11971,1792,Tablet,4,1933.46,2024-02-21,Shipped
11972,1512,Headphones,4,230.28,2024-05-13,Pending
11973,1697,Laptop,3,530.97,2024-01-15,Pending
11974,1301,Keyboard,3,435.59,2024-08-27,Shipped
11975,1599,Keyboard,4,1331.9,2024-02-03,Shipped
11976,1378,Mouse,1,1689.56,2024-09-17,Shipped
11977,1200,Mouse,4,1239.5,2024-06-26,Cancelled
11978,1706,Phone,4,809.31,2024-09-02,Cancelled
11979,1006,Headphones,2,1896.27,2024-01-09,Completed
11980,1116,Phone,2,579.22,2024-10-05,Completed
11981,1615,Keyboard,3,180.11,2024-12-07,Pending
11982,1034,Mouse,2,1547.06,2024-03-07,Cancelled
11983,1356,Phone,4,1997.87,2024-10-17,Completed
11984,1676,Tablet,3,417.99,2024-03-11,Completed
11985,1424,Tablet,3,1725.53,2024-10-10,Cancelled
11986,1731,Mouse,2,722.6,2024-07-07,Cancelled
11987,1648,Laptop,4,1798.42,2024-07-26,Shipped
11988,1879,Laptop,2,988.25,2024-07-30,Shipped
11989,1323,Monitor,4,1986.19,2024-04-13,Cancelled
11990,1723,Laptop,1,572.85,2024-05-11,Pending
11991,1282,Mouse,1,499.14,2024-08-13,Cancelled
11992,1557,Headphones,3,956.18,2024-08-26,Pending
11993,1295,Headphones,1,297.95,2024-10-11,Pending
11994,1311,Headphones,3,1358.39,2024-08-05,Shipped
11995,1231,Phone,2,1561.53,2024-05-10,Shipped
11996,1536,Laptop,4,1225.35,2024-05-29,Pending
11997,1434,Laptop,2,1490.38,2024-02-08,Pending
11998,1362,Headphones,3,1035.51,2024-02-03,Shipped
11999,1830,Mouse,1,723.63,2024-12-15,Completed
12000,1954,Mouse,1,1583.71,2024-05-10,Shipped
12001,1964,Mouse,4,1939.4,2024-03-14,Cancelled
12002,1996,Mouse,4,1159.65,2024-05-14,Completed
12003,1030,Keyboard,3,1813.11,2024-01-29,Pending
12004,1579,Laptop,1,1059.86,2024-09-04,Completed
12005,1224,Laptop,2,812.62,2024-08-26,Shipped
12006,1967,Headphones,1,275.27,2024-06-11,Pending
12007,1468,Headphones,2,1600.82,2024-09-29,Cancelled
12008,1831,Headphones,2,283.72,2024-03-28,Cancelled
12009,1586,Headphones,3,958.93,2024-07-23,Shipped
12010,1055,Mouse,1,403.48,2024-10-27,Pending
12011,1001,Headphones,3,1359.31,2024-09-13,Pending
12012,1030,Laptop,1,985.18,2024-08-02,Cancelled
12013,1887,Phone,4,1739.5,2024-08-09,Shipped
12014,1469,Phone,4,1843.7,2024-02-18,Shipped
12015,1569,Laptop,1,1882.76,2024-10-19,Shipped
12016,1688,Phone,2,120.81,2024-05-14,Shipped
12017,1236,Laptop,2,694.8,2024-08-03,Shipped
12018,1822,Keyboard,1,1154.54,2024-12-17,Shipped
12019,1704,Headphones,2,1098.51,2024-12-15,Cancelled
12020,1196,Keyboard,1,465.8,2024-11-25,Cancelled
12021,1137,Keyboard,1,550.48,2024-12-14,Pending
12022,1845,Keyboard,4,1186.6,2024-05-19,Completed
12023,1945,Headphones,2,539.03,2024-10-23,Shipped
12024,1232,Tablet,1,1254.44,2024-04-10,Completed
12025,1766,Keyboard,4,1499.44,2024-02-16,Pending
12026,1198,Monitor,4,1940.92,2024-03-11,Cancelled
12027,1927,Mouse,3,452.34,2024-08-17,Completed
12028,1724,Laptop,4,1502.35,2024-06-28,Pending
12029,1424,Headphones,1,995.91,2024-05-23,Pending
12030,1485,Keyboard,3,991.09,2024-08-21,Shipped
12031,1315,Tablet,1,365.8,2024-08-31,Cancelled
12032,1913,Headphones,4,1027.32,2024-04-01,Completed
12033,1530,Laptop,1,999.76,2024-11-30,Pending
12034,1014,Laptop,2,804.89,2024-11-13,Pending
12035,1151,Tablet,2,1284.26,2024-07-21,Shipped
12036,1773,Laptop,3,1304.04,2024-04-02,Cancelled
12037,1486,Monitor,4,1874.07,2024-03-15,Completed
12038,1188,Phone,1,1627.74,2024-02-06,Pending
12039,1109,Monitor,1,1158.12,2024-02-19,Shipped
12040,1644,Laptop,4,1241.51,2024-02-25,Pending
12041,1926,Phone,4,725.83,2024-05-25,Cancelled
12042,1592,Monitor,1,1644.74,2024-08-08,Cancelled
12043,1033,Phone,2,134.07,2024-04-08,Pending
12044,1285,Phone,4,1812.33,2024-02-01,Shipped
12045,1484,Mouse,4,221.16,2024-07-24,Shipped
12046,1237,Headphones,3,95.01,2024-01-13,Completed
12047,1446,Laptop,3,1116.82,2024-08-31,Shipped
12048,1814,Headphones,4,1781.08,2024-02-10,Shipped
12049,1726,Headphones,3,1037.79,2024-03-15,Completed
12050,1701,Mouse,1,132.44,2024-09-25,Pending
12051,1955,Monitor,2,729.55,2024-10-20,Shipped
12052,1667,Mouse,4,434.35,2024-09-16,Shipped
12053,1378,Phone,2,1022.99,2024-06-06,Shipped
12054,1103,Mouse,3,299.97,2024-11-29,Shipped
12055,1923,Tablet,3,1455.57,2024-04-06,Completed
12056,1828,Phone,1,924.71,2024-01-06,Completed
12057,1877,Phone,4,1862.37,2024-07-07,Pending
12058,1449,Tablet,1,1917.6,2024-10-17,Pending
12059,1716,Keyboard,4,476.37,2024-06-04,Cancelled
12060,1673,Monitor,1,151.63,2024-03-22,Cancelled
12061,1522,Tablet,4,340.74,2024-03-04,Completed
12062,1990,Mouse,2,1984.24,2024-03-03,Completed
12063,1195,Laptop,3,1237.47,2024-09-30,Completed
12064,1812,Phone,4,1296.63,2024-05-22,Completed
12065,1338,Laptop,2,1268.52,2024-08-22,Pending
12066,1114,Monitor,3,1513.46,2024-01-16,Shipped
12067,1757,Mouse,1,126.48,2024-05-02,Shipped
12068,1692,Laptop,4,1309.88,2024-12-02,Cancelled
12069,1119,Tablet,1,1451.44,2024-12-28,Shipped
12070,1468,Headphones,2,377.27,2024-12-17,Cancelled
12071,1068,Laptop,2,700.3,2024-06-14,Pending
12072,1251,Phone,1,221.43,2024-11-16,Completed
12073,1795,Keyboard,2,354.43,2024-06-12,Pending
12074,1177,Mouse,4,131.7,2024-03-28,Cancelled
12075,1993,Phone,4,1904.71,2024-06-19,Shipped
12076,1224,Laptop,4,1195.35,2024-08-03,Completed
12077,1726,Keyboard,4,995.96,2024-09-19,Pending
12078,1363,Phone,4,341.14,2024-09-15,Completed
12079,1980,Monitor,2,1913.65,2024-12-25,Cancelled
12080,1995,Laptop,1,1988.12,2024-01-23,Pending
12081,1578,Mouse,1,1707.11,2024-02-17,Completed
12082,1830,Headphones,4,269.4,2024-11-25,Completed
12083,1750,Phone,1,485.81,2024-11-27,Cancelled
12084,1172,Tablet,4,1695.22,2024-11-25,Completed
12085,1592,Monitor,2,1452.5,2024-12-11,Cancelled
12086,1439,Mouse,2,1719.31,2024-10-03,Cancelled
12087,1090,Mouse,4,1850.77,2024-06-09,Cancelled
12088,1500,Keyboard,4,568.16,2024-06-04,Shipped
12089,1997,Phone,1,584.33,2024-05-18,Pending
12090,1300,Tablet,4,588.25,2024-08-05,Pending
12091,1174,Keyboard,2,1006.1,2024-08-27,Shipped
12092,1872,Mouse,3,160.58,2024-03-02,Shipped
12093,1222,Laptop,3,1444.54,2024-03-27,Shipped
12094,1761,Tablet,3,1982.18,2024-09-16,Completed
12095,1098,Mouse,4,566.63,2024-02-16,Shipped
12096,1339,Mouse,3,242.16,2024-12-10,Shipped
12097,1210,Keyboard,2,64.95,2024-05-02,Pending
12098,1375,Keyboard,1,399.24,2024-09-21,Cancelled
12099,1439,Phone,4,1403.75,2024-11-27,Cancelled
12100,1382,Monitor,3,1534.23,2024-01-02,Pending
12101,1915,Phone,2,854.1,2024-11-30,Pending
12102,1371,Phone,4,1075.26,2024-04-04,Completed
12103,1035,Tablet,2,1772.28,2024-10-16,Shipped
12104,1701,Tablet,2,1473.95,2024-03-27,Pending
12105,1481,Monitor,3,504.44,2024-09-30,Completed
12106,1590,Monitor,1,490.52,2024-06-26,Cancelled
12107,1142,Tablet,4,567.78,2024-07-04,Completed
12108,1993,Monitor,4,361.04,2024-12-12,Shipped
12109,1741,Keyboard,4,1669.13,2024-05-18,Completed
12110,1570,Laptop,3,1747.44,2024-04-06,Pending
12111,1823,Monitor,3,560.34,2024-04-05,Shipped
12112,1985,Tablet,3,1033.45,2024-02-04,Cancelled
12113,1437,Monitor,2,1318.15,2024-12-24,Cancelled
12114,1557,Mouse,3,919.83,2024-01-29,Pending
12115,1960,Tablet,3,117.61,2024-05-12,Cancelled
12116,1292,Keyboard,4,1211.17,2024-04-23,Shipped
12117,1045,Mouse,2,391.64,2024-04-01,Shipped
12118,1802,Keyboard,3,455.15,2024-10-30,Shipped
12119,1183,Mouse,4,1154.77,2024-05-12,Shipped
12120,1977,Monitor,3,1760.05,2024-01-03,Pending
12121,1083,Monitor,2,1407.83,2024-03-20,Cancelled
12122,1258,Keyboard,2,130.56,2024-02-04,Completed
12123,1278,Mouse,2,1772.39,2024-04-20,Shipped
12124,1278,Headphones,1,776.02,2024-05-20,Pending
12125,1030,Phone,3,403.58,2024-04-07,Shipped
12126,1770,Monitor,2,395.08,2024-01-25,Shipped
12127,1407,Laptop,2,866.86,2024-07-26,Cancelled
12128,1552,Keyboard,3,546.38,2024-07-04,Completed
12129,1906,Headphones,3,1395.21,2024-05-23,Pending
12130,1588,Mouse,1,1792.21,2024-05-14,Shipped
12131,1762,Headphones,2,424.42,2024-06-18,Completed
12132,1166,Monitor,3,423.88,2024-02-20,Pending
12133,1600,Keyboard,4,1757.01,2024-07-08,Cancelled
12134,1325,Headphones,2,1696.79,2024-09-05,Cancelled
12135,1386,Keyboard,1,1179.98,2024-12-19,Completed
12136,1983,Monitor,2,1761.31,2024-10-18,Shipped
12137,1831,Monitor,1,1230.11,2024-01-30,Shipped
12138,1753,Tablet,2,1043.61,2024-05-01,Pending
12139,1942,Phone,3,167.54,2024-07-02,Completed
12140,1261,Headphones,2,1733.12,2024-08-30,Pending
12141,1010,Keyboard,4,831.97,2024-07-14,Completed
12142,1510,Mouse,4,1896.78,2024-02-06,Cancelled
12143,1272,Tablet,3,1268.12,2024-06-10,Completed
12144,1486,Laptop,1,718.88,2024-02-26,Pending
12145,1143,Headphones,1,1826.1,2024-12-07,Shipped
12146,1079,Laptop,4,250.05,2024-01-29,Cancelled
12147,1886,Monitor,2,1785.33,2024-07-04,Pending
12148,1078,Laptop,2,620.46,2024-02-02,Pending
12149,1488,Headphones,1,245.11,2024-05-09,Cancelled
12150,1202,Monitor,3,399.89,2024-02-28,Pending
12151,1486,Mouse,4,1365.73,2024-10-16,Pending
12152,1244,Mouse,1,1034.33,2024-09-03,Cancelled
12153,1287,Monitor,3,1544.92,2024-06-29,Pending
12154,1248,Headphones,2,1155.34,2024-01-07,Shipped
12155,1468,Tablet,3,938.09,2024-05-24,Cancelled
12156,1968,Laptop,2,579.0,2024-10-14,Pending
12157,1405,Mouse,3,1693.5,2024-01-27,Cancelled
12158,1375,Mouse,3,465.86,2024-12-20,Pending
12159,1014,Tablet,3,822.63,2024-01-05,Completed
12160,1966,Tablet,4,379.68,2024-01-04,Cancelled
12161,1935,Phone,1,1348.06,2024-02-29,Pending
12162,1917,Tablet,3,1906.87,2024-04-21,Completed
12163,1735,Laptop,2,1921.93,2024-10-30,Shipped
12164,1343,Mouse,4,533.81,2024-05-20,Cancelled
12165,1984,Tablet,4,415.61,2024-11-13,Completed
12166,1816,Monitor,2,162.93,2024-06-16,Cancelled
12167,1988,Mouse,3,1565.67,2024-05-28,Shipped
12168,1029,Keyboard,4,354.01,2024-05-19,Pending
12169,1373,Laptop,3,110.31,2024-07-21,Completed
12170,1320,Phone,3,1727.16,2024-12-12,Shipped
12171,1852,Laptop,1,600.0,2024-07-01,Pending
12172,1852,Mouse,1,1479.13,2024-09-03,Cancelled
12173,1453,Headphones,3,1630.08,2024-10-09,Cancelled
12174,1254,Laptop,1,1806.81,2024-08-24,Completed
12175,1049,Mouse,2,1322.32,2024-08-06,Pending
12176,1441,Keyboard,2,263.55,2024-08-31,Cancelled
12177,1141,Laptop,1,987.17,2024-06-07,Shipped
12178,1299,Mouse,2,77.52,2024-07-27,Completed
12179,1936,Keyboard,2,1805.79,2024-09-30,Shipped
12180,1508,Phone,3,1255.89,2024-07-16,Pending
12181,1130,Phone,3,1417.12,2024-04-16,Cancelled
12182,1982,Headphones,2,153.91,2024-02-21,Pending
12183,1483,Mouse,4,1779.52,2024-12-16,Pending
12184,1824,Mouse,2,646.8,2024-04-24,Completed
12185,1200,Keyboard,2,1393.67,2024-06-29,Shipped
12186,1233,Monitor,4,643.75,2024-01-26,Cancelled
12187,1853,Headphones,3,1148.21,2024-02-01,Pending
12188,1802,Keyboard,3,1988.07,2024-10-06,Completed
12189,1860,Tablet,4,1708.47,2024-08-15,Shipped
12190,1635,Phone,3,288.72,2024-08-09,Completed
12191,1724,Mouse,1,1481.49,2024-04-23,Pending
12192,1288,Monitor,2,990.89,2024-03-19,Shipped
12193,1860,Headphones,1,1724.3,2024-04-06,Cancelled
12194,1807,Monitor,4,115.0,2024-07-14,Shipped
12195,1024,Mouse,3,602.5,2024-02-19,Completed
12196,1784,Phone,1,889.44,2024-02-06,Shipped
12197,1980,Monitor,4,1458.3,2024-12-20,Completed
12198,1885,Monitor,4,314.51,2024-12-07,Cancelled
12199,1881,Laptop,3,1520.98,2024-04-09,Completed
12200,1381,Laptop,3,192.76,2024-10-07,Cancelled
12201,1444,Headphones,3,1882.78,2024-03-06,Completed
12202,1801,Monitor,4,1565.01,2024-08-10,Shipped
12203,1897,Laptop,1,718.4,2024-02-05,Completed
12204,1622,Laptop,2,1103.17,2024-12-24,Shipped
12205,1031,Headphones,3,99.6,2024-05-03,Completed
12206,1371,Headphones,1,76.54,2024-10-10,Cancelled
12207,1613,Laptop,2,310.26,2024-12-26,Pending
12208,1251,Laptop,1,1314.75,2024-02-28,Shipped
12209,1989,Keyboard,1,853.3,2024-05-19,Completed
12210,1960,Monitor,2,1878.69,2024-12-30,Completed
12211,1321,Keyboard,4,469.24,2024-04-17,Completed
12212,1746,Phone,4,1010.03,2024-10-19,Completed
12213,1411,Phone,3,971.52,2024-07-08,Cancelled
12214,1154,Phone,1,1359.34,2024-07-06,Pending
12215,1487,Mouse,1,1072.1,2024-04-13,Pending
12216,1033,Keyboard,4,1972.35,2024-05-27,Shipped
12217,1167,Tablet,4,1037.37,2024-01-12,Cancelled
12218,1988,Monitor,3,1265.32,2024-01-23,Shipped
12219,1677,Monitor,3,491.37,2024-07-03,Pending
12220,1396,Mouse,3,1762.56,2024-07-29,Cancelled
12221,1096,Headphones,2,827.63,2024-05-17,Pending
12222,1344,Phone,1,1861.38,2024-07-21,Completed
12223,1541,Headphones,1,1161.58,2024-12-01,Shipped
12224,1280,Monitor,4,1465.97,2024-04-15,Cancelled
12225,1355,Laptop,1,1605.61,2024-01-27,Cancelled
12226,1431,Monitor,1,1021.76,2024-07-10,Completed
12227,1292,Phone,1,959.67,2024-12-24,Completed
12228,1086,Headphones,3,1570.67,2024-07-14,Shipped
12229,1317,Keyboard,2,1991.12,2024-11-19,Cancelled
12230,1889,Keyboard,1,186.27,2024-02-18,Shipped
12231,1545,Keyboard,4,1978.48,2024-01-27,Pending
12232,1525,Mouse,3,1147.53,2024-02-07,Shipped
12233,1234,Mouse,4,1026.06,2024-04-14,Pending
12234,1350,Mouse,1,1032.5,2024-03-05,Completed
12235,1656,Headphones,3,1508.48,2024-05-06,Shipped
12236,1472,Tablet,4,347.08,2024-09-02,Shipped
12237,1367,Laptop,4,1224.26,2024-03-31,Completed
12238,1739,Mouse,2,680.61,2024-10-11,Cancelled
12239,1212,Mouse,3,253.46,2024-12-24,Shipped
12240,1855,Monitor,1,126.48,2024-07-27,Shipped
12241,1800,Headphones,3,656.84,2024-06-07,Cancelled
12242,1051,Keyboard,2,1425.13,2024-11-09,Pending
12243,1167,Tablet,3,1646.02,2024-06-05,Pending
12244,1280,Headphones,1,1429.59,2024-03-06,Completed
12245,1664,Tablet,1,73.05,2024-06-16,Completed
12246,1859,Laptop,3,1029.53,2024-08-01,Completed
12247,1966,Phone,4,1143.01,2024-02-21,Completed
12248,1624,Monitor,1,1692.79,2024-11-06,Shipped
12249,1840,Keyboard,3,153.19,2024-03-30,Pending
12250,1213,Laptop,4,1603.47,2024-01-17,Pending
12251,1813,Mouse,3,1246.81,2024-06-01,Cancelled
12252,1892,Tablet,4,1627.14,2024-10-05,Shipped
12253,1908,Keyboard,2,1489.19,2024-05-03,Shipped
12254,1153,Headphones,1,479.32,2024-08-01,Shipped
12255,1612,Mouse,4,267.66,2024-01-30,Shipped
12256,1941,Keyboard,1,148.88,2024-11-29,Completed
12257,1674,Mouse,4,260.11,2024-12-18,Pending
12258,1532,Keyboard,1,1678.24,2024-09-17,Pending
12259,1202,Laptop,1,1872.16,2024-06-04,Completed
12260,1219,Headphones,4,1600.28,2024-04-15,Cancelled
12261,1885,Mouse,1,1375.88,2024-11-10,Shipped
12262,1420,Keyboard,1,1815.74,2024-09-03,Shipped
12263,1968,Headphones,4,433.1,2024-02-23,Shipped
12264,1636,Phone,2,1366.55,2024-10-13,Cancelled
12265,1925,Keyboard,4,1781.94,2024-02-01,Pending
12266,1350,Mouse,1,303.65,2024-07-27,Cancelled
12267,1171,Monitor,4,929.48,2024-08-18,Shipped
12268,1577,Laptop,4,785.54,2024-01-02,Pending
12269,1214,Laptop,4,833.51,2024-07-03,Shipped
12270,1788,Tablet,4,1173.25,2024-08-23,Completed
12271,1313,Phone,2,462.02,2024-01-18,Pending
12272,1705,Mouse,1,563.11,2024-03-22,Cancelled
12273,1420,Keyboard,1,496.47,2024-10-30,Shipped
12274,1093,Keyboard,3,735.3,2024-01-09,Shipped
12275,1489,Headphones,1,911.99,2024-08-29,Completed
12276,1046,Keyboard,2,989.18,2024-10-14,Cancelled
12277,1211,Tablet,2,348.83,2024-06-11,Completed
12278,1067,Phone,2,1522.97,2024-09-10,Cancelled
12279,1043,Headphones,1,908.48,2024-11-04,Pending
12280,1543,Laptop,2,837.88,2024-01-02,Pending
12281,1859,Phone,2,1039.68,2024-10-28,Shipped
12282,1126,Mouse,4,1819.0,2024-05-25,Pending
12283,1008,Mouse,3,1818.94,2024-05-30,Pending
12284,1605,Tablet,4,785.47,2024-04-01,Cancelled
12285,1526,Laptop,2,222.58,2024-05-17,Pending
12286,1757,Monitor,2,1099.02,2024-10-15,Pending
12287,1147,Keyboard,3,387.83,2024-10-23,Shipped
12288,1170,Tablet,1,247.26,2024-08-09,Pending
12289,1057,Monitor,3,839.88,2024-07-30,Completed
12290,1867,Mouse,1,277.19,2024-02-25,Completed
12291,1682,Laptop,4,1837.24,2024-08-03,Shipped
12292,1500,Monitor,3,969.71,2024-11-06,Cancelled
12293,1647,Mouse,2,804.1,2024-10-08,Completed
12294,1639,Tablet,2,1623.2,2024-01-22,Cancelled
12295,1269,Laptop,3,1855.62,2024-01-31,Completed
12296,1709,Laptop,1,1246.17,2024-08-15,Shipped
12297,1298,Tablet,2,538.78,2024-09-17,Shipped
12298,1712,Headphones,3,1237.96,2024-05-21,Shipped
12299,1697,Tablet,4,1777.62,2024-09-02,Shipped
12300,1999,Mouse,1,690.98,2024-04-25,Shipped
12301,1504,Tablet,4,1892.22,2024-10-15,Pending
12302,1018,Laptop,3,1253.22,2024-12-05,Cancelled
12303,1759,Laptop,3,1666.13,2024-10-18,Cancelled
12304,1463,Keyboard,3,529.68,2024-03-04,Completed
12305,1905,Tablet,3,576.67,2024-02-18,Cancelled
12306,1606,Laptop,3,1218.69,2024-08-30,Cancelled
12307,1336,Mouse,4,1303.4,2024-09-27,Completed
12308,1799,Keyboard,1,675.92,2024-06-14,Cancelled
12309,1644,Headphones,1,540.64,2024-06-29,Shipped
12310,1827,Keyboard,1,363.7,2024-04-24,Shipped
12311,1922,Tablet,2,984.45,2024-06-06,Cancelled
12312,1655,Phone,1,500.1,2024-12-11,Shipped
12313,1936,Headphones,3,219.39,2024-03-09,Pending
12314,1011,Keyboard,1,879.03,2024-03-28,Pending
12315,1241,Headphones,2,158.26,2024-05-31,Pending
12316,1939,Mouse,1,870.01,2024-10-03,Shipped
12317,1245,Laptop,3,341.69,2024-04-28,Shipped
12318,1844,Tablet,3,1348.13,2024-01-05,Shipped
12319,1271,Phone,1,165.87,2024-12-11,Cancelled
12320,1930,Headphones,3,857.62,2024-03-27,Pending
12321,1060,Mouse,4,1437.33,2024-05-27,Cancelled
12322,1794,Tablet,2,1409.89,2024-12-02,Cancelled
12323,1943,Mouse,2,1088.95,2024-01-24,Shipped
12324,1197,Headphones,4,1328.44,2024-12-03,Shipped
12325,1134,Phone,1,1127.27,2024-10-31,Completed
12326,1449,Headphones,3,917.13,2024-09-02,Pending
12327,1604,Phone,3,587.47,2024-12-31,Completed
12328,1450,Monitor,3,1238.81,2024-06-18,Completed
12329,1317,Keyboard,3,1146.3,2024-04-23,Pending
12330,1994,Mouse,3,1265.34,2024-04-04,Pending
12331,1017,Monitor,4,471.85,2024-05-31,Cancelled
12332,1667,Tablet,3,1099.57,2024-09-07,Cancelled
12333,1761,Mouse,1,1511.83,2024-03-05,Completed
12334,1448,Laptop,4,607.44,2024-04-28,Completed
12335,1781,Monitor,3,392.07,2024-09-13,Cancelled
12336,1392,Phone,1,322.74,2024-02-02,Pending
12337,1720,Mouse,1,1777.79,2024-05-01,Pending
12338,1881,Monitor,3,1106.24,2024-05-08,Completed
12339,1422,Keyboard,4,1168.62,2024-08-28,Cancelled
12340,1784,Monitor,3,439.25,2024-07-30,Completed
12341,1755,Phone,4,1055.96,2024-08-18,Completed
12342,1713,Phone,1,1143.49,2024-09-01,Cancelled
12343,1065,Phone,3,983.93,2024-12-04,Shipped
12344,1594,Tablet,2,1387.77,2024-12-20,Completed
12345,1133,Headphones,3,379.99,2024-11-23,Shipped
12346,1205,Monitor,4,1598.57,2024-05-19,Pending
12347,1730,Keyboard,3,1719.43,2024-08-27,Completed
12348,1398,Monitor,4,990.77,2024-08-11,Shipped
12349,1360,Phone,3,1292.93,2024-02-05,Shipped
12350,1002,Monitor,2,591.14,2024-10-07,Shipped
12351,1658,Keyboard,4,127.56,2024-08-22,Completed
12352,1166,Laptop,3,932.95,2024-05-02,Cancelled
12353,1672,Laptop,3,120.61,2024-11-11,Completed
12354,1279,Tablet,4,1696.95,2024-10-23,Pending
12355,1036,Mouse,4,1294.8,2024-06-30,Pending
12356,1577,Monitor,4,489.95,2024-01-08,Pending
12357,1958,Tablet,2,1293.72,2024-12-29,Pending
12358,1835,Phone,2,312.58,2024-09-14,Shipped
12359,1346,Tablet,2,1917.67,2024-08-03,Shipped
12360,1359,Keyboard,1,649.04,2024-03-07,Shipped
12361,1456,Monitor,4,952.87,2024-08-26,Shipped
12362,1921,Laptop,2,1226.3,2024-02-09,Completed
12363,1500,Phone,1,1147.44,2024-08-25,Completed
12364,1287,Monitor,2,156.3,2024-02-28,Completed
12365,1856,Phone,1,1123.13,2024-12-03,Pending
12366,1015,Phone,2,498.3,2024-11-06,Completed
12367,1227,Monitor,1,852.12,2024-02-08,Completed
12368,1682,Monitor,4,1932.15,2024-11-26,Shipped
12369,1133,Mouse,4,823.34,2024-10-05,Shipped
12370,1047,Laptop,2,713.82,2024-08-19,Shipped
12371,1976,Keyboard,4,1088.32,2024-05-03,Pending
12372,1351,Headphones,3,1725.76,2024-12-06,Pending
12373,1081,Mouse,2,1809.27,2024-08-12,Pending
12374,1001,Tablet,4,1774.45,2024-01-25,Pending
12375,1124,Keyboard,4,1226.46,2024-02-12,Pending
12376,1697,Tablet,2,429.29,2024-04-20,Pending
12377,1341,Mouse,3,680.22,2024-06-12,Cancelled
12378,1724,Mouse,1,757.19,2024-12-07,Cancelled
12379,1582,Keyboard,4,1898.65,2024-04-12,Completed
12380,1380,Keyboard,1,485.16,2024-03-19,Shipped
12381,1497,Tablet,4,783.88,2024-06-15,Cancelled
12382,1387,Tablet,2,730.92,2024-03-31,Completed
12383,1713,Phone,4,1803.38,2024-10-06,Shipped
12384,1566,Phone,3,1451.28,2024-03-05,Cancelled
12385,1225,Mouse,4,1016.98,2024-06-09,Completed
12386,1743,Laptop,3,516.24,2024-08-26,Cancelled
12387,1356,Keyboard,2,1382.32,2024-01-13,Shipped
12388,1737,Tablet,3,1722.66,2024-03-18,Cancelled
12389,1085,Headphones,3,1624.84,2024-10-29,Pending
12390,1211,Mouse,1,1793.01,2024-04-18,Pending
12391,1678,Keyboard,4,763.63,2024-01-30,Cancelled
12392,1242,Mouse,1,571.62,2024-05-06,Shipped
12393,1910,Phone,2,888.84,2024-07-28,Completed
12394,1913,Tablet,2,117.99,2024-06-09,Completed
12395,1679,Headphones,4,1683.77,2024-03-18,Shipped
12396,1658,Keyboard,4,1010.6,2024-05-29,Pending
12397,1360,Phone,1,64.3,2024-12-23,Cancelled
12398,1076,Headphones,4,564.71,2024-12-28,Cancelled
12399,1945,Tablet,3,159.23,2024-07-20,Pending
12400,1644,Tablet,3,1612.75,2024-05-26,Completed
12401,1269,Laptop,1,147.54,2024-05-04,Pending
12402,1409,Mouse,4,407.25,2024-01-10,Pending
12403,1007,Phone,4,1276.37,2024-07-21,Shipped
12404,1349,Mouse,3,1024.71,2024-08-06,Pending
12405,1809,Tablet,4,1868.44,2024-07-19,Shipped
12406,1282,Mouse,4,798.97,2024-08-22,Cancelled
12407,1328,Monitor,1,1198.19,2024-09-24,Shipped
12408,1964,Headphones,4,1802.66,2024-05-18,Completed
12409,1662,Laptop,1,1987.64,2024-06-21,Completed
12410,1629,Tablet,2,1258.45,2024-04-26,Completed
12411,1101,Mouse,3,1674.65,2024-10-06,Shipped
12412,1165,Tablet,1,189.52,2024-11-21,Completed
12413,1271,Keyboard,3,1592.57,2024-11-20,Pending
12414,1781,Headphones,1,1733.06,2024-07-31,Cancelled
12415,1610,Keyboard,3,687.93,2024-01-08,Shipped
12416,1605,Mouse,3,731.3,2024-02-19,Pending
12417,1986,Phone,1,1555.69,2024-05-26,Shipped
12418,1524,Laptop,1,257.02,2024-09-26,Cancelled
12419,1194,Tablet,3,622.31,2024-08-07,Cancelled
12420,1916,Headphones,4,1658.77,2024-06-12,Pending
12421,1721,Mouse,4,1179.24,2024-07-07,Shipped
12422,1259,Mouse,2,674.4,2024-10-22,Pending
12423,1338,Tablet,4,1134.59,2024-04-29,Pending
12424,1436,Monitor,1,1047.55,2024-04-07,Completed
12425,1544,Headphones,2,1392.31,2024-04-04,Pending
12426,1362,Headphones,4,759.53,2024-10-22,Shipped
12427,1088,Headphones,4,1013.61,2024-07-08,Pending
12428,1561,Mouse,4,1988.74,2024-03-03,Cancelled
12429,1359,Phone,1,289.84,2024-07-16,Completed
12430,1972,Laptop,4,1081.49,2024-08-26,Completed
12431,1362,Phone,2,936.57,2024-10-25,Shipped
12432,1652,Laptop,4,1261.68,2024-02-08,Shipped
12433,1060,Tablet,2,1844.78,2024-11-16,Shipped
12434,1006,Mouse,4,350.31,2024-04-02,Shipped
12435,1112,Phone,4,355.52,2024-06-09,Pending
12436,1060,Keyboard,3,634.17,2024-12-25,Shipped
12437,1511,Mouse,1,345.44,2024-12-12,Cancelled
12438,1259,Phone,4,158.83,2024-10-02,Cancelled
12439,1092,Mouse,1,926.53,2024-12-26,Shipped
12440,1504,Phone,2,1092.87,2024-03-15,Completed
12441,1957,Phone,1,1615.43,2024-09-23,Pending
12442,1224,Laptop,3,1095.77,2024-09-02,Cancelled
12443,1237,Keyboard,1,1729.11,2024-04-28,Pending
12444,1902,Headphones,2,1671.65,2024-01-16,Pending
12445,1422,Phone,4,903.84,2024-09-10,Pending
12446,1100,Monitor,4,1022.79,2024-10-01,Pending
12447,1945,Monitor,4,844.73,2024-10-17,Pending
12448,1627,Laptop,4,155.02,2024-12-11,Shipped
12449,1066,Laptop,1,1741.32,2024-01-17,Cancelled
12450,1510,Tablet,3,1144.49,2024-07-08,Cancelled
12451,1857,Headphones,3,237.38,2024-10-09,Pending
12452,1765,Tablet,2,194.49,2024-11-02,Cancelled
12453,1103,Keyboard,2,1548.43,2024-08-20,Shipped
12454,1325,Monitor,3,232.87,2024-09-11,Shipped
12455,1748,Tablet,1,411.15,2024-04-09,Shipped
12456,1345,Keyboard,3,1854.91,2024-03-04,Cancelled
12457,1403,Headphones,3,733.59,2024-10-06,Cancelled
12458,1239,Keyboard,2,1060.61,2024-05-16,Pending
12459,1324,Headphones,1,385.96,2024-11-13,Cancelled
12460,1903,Phone,2,539.37,2024-09-12,Shipped
12461,1255,Keyboard,1,892.21,2024-01-07,Completed
12462,1816,Monitor,4,187.74,2024-12-31,Cancelled
12463,1370,Phone,1,1990.37,2024-01-27,Shipped
12464,1311,Phone,1,275.67,2024-04-15,Pending
12465,1866,Headphones,3,1485.67,2024-06-15,Pending
12466,1420,Laptop,3,1961.69,2024-10-07,Completed
12467,1780,Mouse,2,331.57,2024-10-03,Completed
12468,1411,Laptop,4,1534.47,2024-10-14,Cancelled
12469,1195,Monitor,4,207.62,2024-01-07,Pending
12470,1890,Laptop,1,950.93,2024-04-01,Shipped
12471,1159,Phone,2,439.82,2024-07-20,Pending
12472,1699,Headphones,3,1224.9,2024-02-22,Completed
12473,1075,Keyboard,3,743.19,2024-05-17,Shipped
12474,1417,Headphones,2,748.16,2024-08-20,Completed
12475,1847,Laptop,2,1250.91,2024-12-01,Cancelled
12476,1834,Phone,4,1579.4,2024-10-04,Pending
12477,1825,Laptop,3,1317.67,2024-08-28,Cancelled
12478,1532,Monitor,1,983.79,2024-05-17,Shipped
12479,1320,Phone,3,1168.19,2024-08-31,Completed
12480,1875,Headphones,2,970.67,2024-07-04,Completed
12481,1332,Tablet,2,1753.45,2024-07-10,Completed
12482,1280,Mouse,4,880.77,2024-05-23,Cancelled
12483,1548,Laptop,3,269.56,2024-01-11,Pending
12484,1307,Headphones,1,1467.01,2024-11-13,Shipped
12485,1903,Monitor,3,1373.61,2024-07-06,Cancelled
12486,1382,Monitor,1,1398.9,2024-04-05,Completed
12487,1393,Monitor,2,1646.59,2024-05-28,Pending
12488,1736,Monitor,3,1352.03,2024-11-27,Cancelled
12489,1452,Monitor,3,816.95,2024-12-04,Pending
12490,1088,Phone,2,1842.19,2024-08-12,Cancelled
12491,1630,Laptop,3,1711.37,2024-03-12,Completed
12492,1683,Keyboard,2,1127.5,2024-06-13,Pending
12493,1403,Laptop,4,1091.96,2024-02-23,Shipped
12494,1008,Mouse,2,1001.48,2024-12-06,Shipped
12495,1413,Tablet,3,1582.19,2024-12-06,Pending
12496,1475,Tablet,1,1316.38,2024-12-22,Completed
12497,1403,Tablet,3,585.61,2024-12-26,Pending
12498,1862,Monitor,1,1051.1,2024-04-12,Cancelled
12499,1890,Phone,3,810.56,2024-08-15,Cancelled
12500,1050,Phone,4,1885.26,2024-04-24,Cancelled
12501,1731,Headphones,2,691.15,2024-04-04,Completed
12502,1990,Laptop,4,354.42,2024-02-17,Cancelled
12503,1178,Mouse,1,1419.25,2024-02-27,Cancelled
12504,1777,Mouse,4,1946.74,2024-11-08,Pending
12505,1729,Laptop,3,1241.25,2024-01-03,Completed
12506,1565,Tablet,3,1174.63,2024-10-02,Shipped
12507,1906,Tablet,3,1714.08,2024-04-11,Completed
12508,1040,Monitor,1,1861.09,2024-08-23,Completed
12509,1718,Laptop,4,1487.99,2024-09-30,Cancelled
12510,1850,Laptop,2,648.85,2024-02-07,Cancelled
12511,1545,Headphones,3,122.31,2024-07-15,Completed
12512,1210,Keyboard,1,1089.93,2024-12-31,Pending
12513,1401,Tablet,1,1515.87,2024-01-14,Shipped
12514,1825,Phone,3,1180.91,2024-09-17,Pending
12515,1965,Tablet,1,1561.02,2024-10-14,Pending
12516,1995,Phone,1,633.74,2024-09-29,Cancelled
12517,1016,Mouse,1,1205.29,2024-08-11,Pending
12518,1882,Tablet,3,1696.92,2024-07-01,Completed
12519,1758,Laptop,1,625.38,2024-02-04,Shipped
12520,1632,Phone,1,1823.7,2024-12-05,Pending
12521,1308,Mouse,3,1069.39,2024-02-02,Pending
12522,1098,Monitor,3,1016.56,2024-11-01,Pending
12523,1687,Monitor,2,1350.13,2024-03-25,Cancelled
12524,1766,Laptop,4,160.61,2024-01-04,Shipped
12525,1399,Headphones,1,835.49,2024-04-11,Pending
12526,1740,Phone,4,1315.65,2024-01-18,Pending
12527,1221,Tablet,2,851.59,2024-05-23,Shipped
12528,1626,Tablet,4,1511.72,2024-12-26,Shipped
12529,1152,Laptop,1,295.48,2024-11-27,Shipped
12530,1640,Phone,4,210.64,2024-03-17,Shipped
12531,1887,Headphones,2,449.65,2024-01-07,Cancelled
12532,1549,Headphones,4,569.08,2024-07-15,Completed
12533,1103,Laptop,3,183.1,2024-02-24,Shipped
12534,1906,Phone,4,1316.25,2024-11-30,Shipped
12535,1848,Headphones,3,473.56,2024-06-20,Completed
12536,1900,Keyboard,1,756.64,2024-11-13,Shipped
12537,1020,Keyboard,3,618.67,2024-10-23,Shipped
12538,1611,Mouse,1,1759.25,2024-11-12,Cancelled
12539,1537,Mouse,2,1638.1,2024-06-22,Completed
12540,1325,Tablet,1,226.24,2024-10-30,Pending
12541,1850,Tablet,3,332.1,2024-12-17,Shipped
12542,1362,Laptop,1,578.12,2024-09-11,Pending
12543,1220,Mouse,4,957.78,2024-03-07,Shipped
12544,1160,Laptop,4,259.71,2024-04-10,Completed
12545,1052,Keyboard,2,1595.02,2024-12-15,Completed
12546,1359,Phone,4,669.71,2024-01-03,Shipped
12547,1774,Laptop,1,1783.85,2024-02-15,Cancelled
12548,1058,Phone,1,938.44,2024-09-20,Pending
12549,1562,Laptop,1,900.6,2024-09-07,Completed
12550,1292,Laptop,1,1707.65,2024-02-05,Pending
12551,1200,Monitor,3,1951.8,2024-02-03,Shipped
12552,1990,Headphones,2,1321.93,2024-11-29,Pending
12553,1883,Tablet,2,1574.79,2024-03-02,Completed
12554,1415,Phone,4,1984.69,2024-08-12,Cancelled
12555,1094,Monitor,2,613.61,2024-01-21,Shipped
12556,1376,Keyboard,4,1934.8,2024-09-12,Completed
12557,1013,Phone,3,624.16,2024-05-14,Completed
12558,1551,Headphones,3,898.69,2024-06-28,Completed
12559,1242,Tablet,2,1897.98,2024-08-12,Completed
12560,1289,Keyboard,4,1454.2,2024-05-29,Pending
12561,1615,Monitor,1,482.06,2024-04-14,Pending
12562,1956,Keyboard,4,581.38,2024-09-10,Cancelled
12563,1415,Mouse,4,1548.36,2024-10-31,Completed
12564,1851,Mouse,2,68.72,2024-06-24,Completed
12565,1043,Mouse,1,945.85,2024-07-20,Cancelled
12566,1386,Laptop,3,456.74,2024-08-30,Cancelled
12567,1394,Mouse,4,433.39,2024-05-17,Shipped
12568,1490,Laptop,1,757.99,2024-11-25,Completed
12569,1418,Monitor,3,1613.1,2024-05-04,Cancelled
12570,1177,Laptop,2,279.36,2024-11-27,Cancelled
12571,1228,Monitor,3,861.73,2024-07-05,Shipped
12572,1044,Tablet,3,1513.24,2024-12-07,Shipped
12573,1570,Headphones,1,1358.66,2024-07-12,Completed
12574,1696,Keyboard,2,745.87,2024-04-24,Cancelled
12575,1171,Headphones,2,769.58,2024-12-16,Completed
12576,1011,Headphones,3,1835.98,2024-07-02,Pending
12577,1093,Mouse,1,1755.25,2024-02-28,Pending
12578,1138,Keyboard,3,1935.04,2024-01-11,Cancelled
12579,1182,Phone,1,1604.94,2024-04-27,Completed
12580,1935,Headphones,2,105.31,2024-10-07,Pending
12581,1765,Laptop,1,619.59,2024-01-30,Shipped
12582,1639,Monitor,4,1401.83,2024-06-05,Cancelled
12583,1241,Keyboard,2,641.73,2024-07-17,Completed
12584,1035,Tablet,3,1787.61,2024-09-06,Completed
12585,1010,Headphones,4,530.28,2024-10-01,Cancelled
12586,1440,Phone,2,236.68,2024-07-29,Cancelled
12587,1447,Mouse,3,575.1,2024-10-15,Shipped
12588,1344,Monitor,1,1330.26,2024-10-23,Cancelled
12589,1236,Tablet,1,1299.61,2024-10-15,Pending
12590,1246,Headphones,1,613.41,2024-03-18,Completed
12591,1565,Mouse,4,705.07,2024-02-19,Cancelled
12592,1577,Laptop,1,1310.93,2024-11-12,Shipped
12593,1964,Tablet,3,932.73,2024-07-13,Shipped
12594,1038,Laptop,4,895.41,2024-11-20,Cancelled
12595,1557,Monitor,3,867.29,2024-04-03,Completed
12596,1987,Laptop,2,1198.13,2024-12-17,Pending
12597,1985,Laptop,1,1219.53,2024-10-08,Pending
12598,1371,Keyboard,1,1989.61,2024-07-19,Shipped
12599,1097,Tablet,3,1734.01,2024-06-29,Pending
12600,1168,Tablet,3,591.56,2024-01-05,Shipped
12601,1537,Keyboard,3,1802.87,2024-05-20,Pending
12602,1741,Tablet,1,231.7,2024-02-10,Completed
12603,1611,Monitor,1,299.53,2024-07-11,Shipped
12604,1321,Headphones,3,1563.77,2024-03-12,Completed
12605,1359,Monitor,1,401.32,2024-11-15,Shipped
12606,1416,Monitor,4,1349.63,2024-11-10,Pending
12607,1617,Tablet,4,1537.69,2024-11-04,Cancelled
12608,1912,Mouse,1,97.36,2024-09-11,Shipped
12609,1457,Monitor,3,1906.51,2024-03-11,Cancelled
12610,1366,Phone,3,514.37,2024-09-28,Pending
12611,1432,Phone,4,1292.78,2024-04-02,Completed
12612,1188,Phone,1,910.7,2024-11-20,Shipped
12613,1170,Tablet,3,1594.87,2024-10-22,Completed
12614,1189,Laptop,3,1904.24,2024-04-19,Pending
12615,1883,Mouse,1,316.16,2024-12-12,Cancelled
12616,1000,Keyboard,4,690.54,2024-01-10,Shipped
12617,1453,Monitor,2,1740.61,2024-11-12,Shipped
12618,1164,Phone,2,1758.9,2024-07-17,Cancelled
12619,1622,Headphones,3,536.77,2024-01-03,Cancelled
12620,1560,Laptop,3,1426.5,2024-04-08,Pending
12621,1121,Keyboard,1,1250.67,2024-01-27,Shipped
12622,1861,Laptop,2,836.04,2024-08-25,Cancelled
12623,1351,Mouse,4,1266.61,2024-03-13,Cancelled
12624,1312,Tablet,4,1586.93,2024-04-10,Shipped
12625,1846,Laptop,3,1966.78,2024-11-26,Pending
12626,1469,Phone,3,217.21,2024-10-18,Shipped
12627,1077,Mouse,1,178.07,2024-05-05,Completed
12628,1248,Monitor,3,60.7,2024-03-15,Cancelled
12629,1081,Monitor,3,912.33,2024-05-09,Cancelled
12630,1281,Keyboard,4,1967.65,2024-07-01,Pending
12631,1410,Keyboard,3,1231.18,2024-04-09,Pending
12632,1000,Laptop,1,1878.68,2024-04-04,Shipped
12633,1023,Keyboard,1,715.75,2024-10-22,Completed
12634,1620,Keyboard,1,770.65,2024-05-24,Completed
12635,1210,Keyboard,3,1630.18,2024-09-21,Cancelled
12636,1431,Keyboard,4,1265.93,2024-11-14,Cancelled
12637,1954,Headphones,4,879.14,2024-03-11,Shipped
12638,1770,Headphones,2,1275.37,2024-07-19,Shipped
12639,1416,Tablet,1,553.27,2024-06-18,Cancelled
12640,1444,Mouse,3,88.94,2024-05-10,Shipped
12641,1979,Laptop,3,1999.57,2024-04-04,Shipped
12642,1538,Mouse,4,817.4,2024-12-23,Cancelled
12643,1675,Mouse,3,1745.14,2024-06-16,Shipped
12644,1946,Monitor,1,734.37,2024-12-31,Pending
12645,1247,Mouse,1,695.17,2024-08-27,Cancelled
12646,1547,Tablet,2,300.37,2024-05-30,Pending
12647,1539,Laptop,2,1536.03,2024-07-19,Completed
12648,1098,Phone,2,71.93,2024-11-19,Pending
12649,1809,Tablet,4,316.95,2024-03-29,Pending
12650,1399,Tablet,4,246.65,2024-08-12,Pending
12651,1004,Headphones,1,1548.81,2024-12-08,Completed
12652,1816,Monitor,4,1974.02,2024-09-14,Pending
12653,1942,Mouse,1,1508.65,2024-04-02,Cancelled
12654,1482,Monitor,3,1481.75,2024-11-11,Pending
12655,1650,Laptop,3,1197.18,2024-02-28,Shipped
12656,1198,Monitor,4,1992.73,2024-12-02,Completed
12657,1298,Laptop,4,739.73,2024-01-22,Shipped
12658,1380,Mouse,3,301.36,2024-03-27,Shipped
12659,1034,Mouse,1,980.35,2024-03-30,Shipped
12660,1235,Phone,1,1934.79,2024-04-28,Completed
12661,1169,Laptop,1,521.21,2024-04-08,Cancelled
12662,1793,Headphones,4,1008.45,2024-02-18,Shipped
12663,1369,Laptop,1,815.53,2024-04-16,Pending
12664,1792,Headphones,3,1699.97,2024-05-17,Cancelled
12665,1882,Phone,4,1403.74,2024-07-14,Cancelled
12666,1541,Monitor,2,1195.18,2024-02-12,Shipped
12667,1367,Phone,3,544.33,2024-01-20,Shipped
12668,1258,Phone,1,1157.0,2024-03-25,Cancelled
12669,1830,Tablet,1,331.73,2024-06-05,Pending
12670,1531,Keyboard,2,446.63,2024-09-13,Completed
12671,1518,Tablet,4,619.46,2024-01-08,Shipped
12672,1048,Headphones,2,1014.81,2024-04-04,Cancelled
12673,1419,Headphones,2,1145.46,2024-06-11,Pending
12674,1763,Laptop,3,1331.16,2024-03-04,Completed
12675,1379,Monitor,3,1913.77,2024-10-22,Pending
12676,1015,Laptop,2,69.24,2024-12-17,Cancelled
12677,1491,Mouse,3,554.87,2024-10-06,Cancelled
12678,1856,Laptop,1,450.4,2024-04-04,Completed
12679,1487,Tablet,4,1264.89,2024-09-26,Pending
12680,1610,Headphones,2,1882.39,2024-01-02,Cancelled
12681,1878,Mouse,1,99.9,2024-04-08,Completed
12682,1670,Headphones,3,1784.02,2024-06-05,Pending
12683,1868,Phone,1,1527.24,2024-03-08,Completed
12684,1230,Laptop,2,870.24,2024-08-12,Shipped
12685,1908,Phone,3,631.88,2024-05-20,Cancelled
12686,1030,Keyboard,2,230.38,2024-03-28,Cancelled
12687,1886,Laptop,1,454.76,2024-01-25,Pending
12688,1674,Headphones,2,1932.45,2024-05-19,Shipped
12689,1886,Headphones,1,914.08,2024-05-29,Shipped
12690,1487,Headphones,1,214.79,2024-08-25,Pending
12691,1949,Laptop,1,1611.28,2024-10-11,Completed
12692,1729,Mouse,4,1451.91,2024-08-24,Pending
12693,1254,Laptop,1,73.45,2024-09-09,Pending
12694,1911,Keyboard,3,1040.86,2024-08-19,Completed
12695,1348,Monitor,4,972.19,2024-10-04,Cancelled
12696,1809,Laptop,1,1625.43,2024-06-14,Cancelled
12697,1618,Laptop,1,1357.16,2024-05-19,Cancelled
12698,1623,Phone,2,1451.4,2024-12-23,Cancelled
12699,1279,Phone,2,1148.98,2024-06-25,Pending
12700,1421,Keyboard,2,371.46,2024-12-10,Pending
12701,1584,Tablet,1,779.16,2024-05-02,Pending
12702,1570,Laptop,2,1531.01,2024-06-20,Completed
12703,1191,Mouse,1,170.45,2024-06-11,Pending
12704,1490,Headphones,2,1447.13,2024-06-26,Completed
12705,1980,Phone,3,666.43,2024-07-05,Cancelled
12706,1166,Keyboard,3,1665.43,2024-12-24,Cancelled
12707,1369,Tablet,3,1101.99,2024-09-29,Shipped
12708,1799,Keyboard,2,1552.69,2024-06-30,Completed
12709,1384,Phone,4,237.33,2024-05-15,Completed
12710,1076,Tablet,3,1585.97,2024-06-03,Shipped
12711,1428,Monitor,3,756.92,2024-05-22,Pending
12712,1583,Keyboard,1,1501.44,2024-07-05,Shipped
12713,1012,Keyboard,1,1710.84,2024-07-31,Shipped
12714,1462,Headphones,2,739.22,2024-03-18,Shipped
12715,1024,Laptop,4,804.67,2024-07-29,Shipped
12716,1343,Keyboard,4,674.28,2024-02-03,Cancelled
12717,1503,Mouse,3,945.15,2024-11-17,Shipped
12718,1175,Headphones,3,762.75,2024-02-17,Pending
12719,1018,Mouse,1,1483.93,2024-12-27,Cancelled
12720,1377,Phone,2,81.29,2024-03-04,Completed
12721,1044,Tablet,1,1771.68,2024-09-18,Pending
12722,1414,Laptop,3,1637.34,2024-11-14,Cancelled
12723,1638,Phone,4,204.27,2024-10-18,Completed
12724,1913,Laptop,2,1604.66,2024-10-08,Cancelled
12725,1508,Monitor,2,1220.72,2024-03-27,Shipped
12726,1207,Laptop,4,361.03,2024-03-20,Completed
12727,1757,Laptop,1,540.85,2024-11-04,Cancelled
12728,1430,Phone,2,238.0,2024-12-31,Completed
12729,1142,Tablet,1,187.25,2024-07-23,Cancelled
12730,1229,Tablet,2,143.95,2024-07-05,Cancelled
12731,1834,Laptop,1,1406.03,2024-05-29,Completed
12732,1131,Laptop,4,917.02,2024-12-02,Cancelled
12733,1059,Tablet,4,266.63,2024-04-27,Shipped
12734,1921,Monitor,1,359.31,2024-09-29,Pending
12735,1844,Tablet,1,760.51,2024-12-28,Completed
12736,1232,Phone,3,1347.49,2024-12-04,Shipped
12737,1818,Mouse,1,1540.08,2024-12-24,Pending
12738,1304,Tablet,2,1069.18,2024-11-09,Completed
12739,1421,Phone,3,1308.56,2024-06-10,Completed
12740,1426,Keyboard,4,1353.29,2024-06-26,Cancelled
12741,1271,Monitor,3,1587.41,2024-09-09,Completed
12742,1729,Keyboard,3,1225.41,2024-11-07,Cancelled
12743,1743,Phone,2,1790.01,2024-09-19,Completed
12744,1915,Mouse,3,1202.77,2024-02-05,Cancelled
12745,1773,Laptop,4,693.09,2024-07-15,Completed
12746,1899,Monitor,2,1741.52,2024-10-21,Shipped
12747,1359,Mouse,1,1670.0,2024-11-17,Completed
12748,1452,Mouse,3,932.87,2024-06-18,Shipped
12749,1537,Keyboard,1,1698.14,2024-06-16,Cancelled
12750,1851,Monitor,4,281.92,2024-10-28,Completed
12751,1883,Mouse,4,340.0,2024-04-09,Cancelled
12752,1081,Mouse,4,1290.85,2024-06-29,Cancelled
12753,1636,Headphones,4,1574.79,2024-04-16,Completed
12754,1301,Headphones,4,1040.02,2024-02-22,Cancelled
12755,1703,Phone,1,414.39,2024-08-25,Pending
12756,1539,Tablet,3,1124.69,2024-07-13,Completed
12757,1260,Tablet,3,1010.07,2024-04-05,Completed
12758,1773,Tablet,1,1715.5,2024-03-04,Cancelled
12759,1522,Laptop,4,865.07,2024-02-20,Shipped
12760,1690,Monitor,1,1653.31,2024-03-13,Cancelled
12761,1171,Monitor,4,707.92,2024-06-05,Completed
12762,1615,Phone,1,136.04,2024-03-31,Shipped
12763,1859,Mouse,4,959.9,2024-02-23,Pending
12764,1727,Tablet,3,563.22,2024-12-02,Cancelled
12765,1858,Monitor,3,693.36,2024-09-25,Completed
12766,1384,Keyboard,2,836.21,2024-10-15,Completed
12767,1088,Headphones,2,1083.51,2024-03-06,Cancelled
12768,1854,Monitor,4,427.69,2024-01-24,Cancelled
12769,1121,Keyboard,3,430.58,2024-05-13,Completed
12770,1088,Keyboard,1,936.27,2024-10-31,Pending
12771,1033,Laptop,3,1569.18,2024-07-06,Completed
12772,1889,Monitor,3,481.91,2024-05-23,Shipped
12773,1564,Headphones,2,688.29,2024-07-29,Shipped
12774,1659,Keyboard,2,1559.26,2024-05-11,Completed
12775,1674,Mouse,1,812.19,2024-05-02,Cancelled
12776,1405,Phone,1,762.38,2024-06-15,Cancelled
12777,1148,Keyboard,4,1000.93,2024-01-24,Completed
12778,1487,Headphones,3,943.39,2024-12-05,Pending
12779,1020,Keyboard,4,668.82,2024-12-15,Shipped
12780,1033,Mouse,1,1612.6,2024-12-16,Shipped
12781,1030,Monitor,1,145.36,2024-12-19,Cancelled
12782,1640,Laptop,2,421.31,2024-11-06,Cancelled
12783,1473,Phone,4,729.43,2024-08-04,Pending
12784,1573,Keyboard,2,748.82,2024-11-08,Completed
12785,1889,Monitor,1,447.51,2024-05-03,Completed
12786,1562,Headphones,3,1676.6,2024-07-31,Shipped
12787,1703,Monitor,4,1567.31,2024-07-07,Completed
12788,1323,Tablet,3,1751.61,2024-07-10,Pending
12789,1524,Phone,4,1793.41,2024-04-29,Cancelled
12790,1038,Tablet,4,748.23,2024-12-08,Shipped
12791,1038,Keyboard,3,1634.15,2024-06-05,Completed
12792,1431,Monitor,2,1861.07,2024-10-29,Pending
12793,1924,Headphones,2,1701.92,2024-10-11,Pending
12794,1865,Mouse,4,1273.44,2024-10-10,Pending
12795,1804,Laptop,4,436.23,2024-03-21,Cancelled
12796,1406,Laptop,3,682.43,2024-02-02,Shipped
12797,1926,Headphones,3,1802.67,2024-08-20,Cancelled
12798,1009,Tablet,4,379.76,2024-09-29,Pending
12799,1202,Mouse,1,1525.58,2024-06-21,Pending
12800,1452,Keyboard,4,973.32,2024-09-28,Shipped
12801,1738,Phone,3,1700.01,2024-11-18,Pending
12802,1076,Monitor,2,640.41,2024-10-06,Cancelled
12803,1472,Keyboard,1,69.42,2024-02-06,Cancelled
12804,1292,Laptop,3,1537.04,2024-02-23,Completed
12805,1987,Tablet,3,622.58,2024-08-19,Completed
12806,1946,Headphones,2,141.15,2024-03-28,Cancelled
12807,1490,Monitor,4,271.58,2024-07-16,Pending
12808,1324,Keyboard,1,1375.22,2024-08-06,Cancelled
12809,1013,Headphones,3,1863.85,2024-05-31,Pending
12810,1241,Mouse,3,422.97,2024-08-10,Pending
12811,1489,Laptop,4,1078.63,2024-04-21,Pending
12812,1639,Keyboard,4,1329.88,2024-07-01,Completed
12813,1421,Tablet,2,1932.21,2024-08-22,Completed
12814,1079,Phone,3,1406.69,2024-01-26,Shipped
12815,1832,Phone,4,499.85,2024-12-22,Pending
12816,1842,Monitor,2,1974.93,2024-09-21,Shipped
12817,1395,Tablet,2,379.02,2024-04-29,Shipped
12818,1754,Headphones,2,779.81,2024-04-29,Shipped
12819,1667,Laptop,2,1891.93,2024-02-24,Pending
12820,1185,Laptop,3,605.51,2024-10-27,Pending
12821,1659,Mouse,3,1778.09,2024-02-24,Cancelled
12822,1178,Headphones,4,1918.8,2024-12-18,Cancelled
12823,1988,Phone,1,1641.72,2024-04-03,Pending
12824,1743,Phone,4,897.02,2024-12-27,Cancelled
12825,1800,Tablet,2,903.73,2024-02-01,Completed
12826,1341,Headphones,2,585.39,2024-11-15,Completed
12827,1152,Monitor,4,1071.42,2024-04-27,Pending
12828,1504,Mouse,1,1278.04,2024-12-25,Completed
12829,1351,Tablet,3,672.55,2024-09-09,Cancelled
12830,1337,Phone,4,482.63,2024-05-20,Cancelled
12831,1841,Laptop,1,1199.51,2024-01-19,Pending
12832,1684,Mouse,1,152.3,2024-07-17,Shipped
12833,1091,Headphones,1,436.33,2024-06-16,Shipped
12834,1885,Headphones,3,327.67,2024-07-27,Pending
12835,1248,Tablet,4,1897.35,2024-04-13,Completed
12836,1552,Tablet,4,1602.8,2024-05-22,Pending
12837,1830,Monitor,4,1755.63,2024-09-06,Shipped
12838,1600,Mouse,2,241.11,2024-12-17,Pending
12839,1976,Phone,2,797.82,2024-06-11,Completed
12840,1359,Tablet,4,1236.02,2024-03-27,Completed
12841,1398,Phone,1,654.54,2024-02-23,Shipped
12842,1925,Keyboard,4,1896.63,2024-05-07,Completed
12843,1884,Phone,2,112.59,2024-01-03,Pending
12844,1208,Keyboard,1,361.41,2024-05-04,Shipped
12845,1154,Laptop,3,430.98,2024-02-17,Cancelled
12846,1684,Tablet,2,319.19,2024-12-19,Shipped
12847,1180,Tablet,2,1906.72,2024-11-22,Cancelled
12848,1497,Tablet,1,284.56,2024-01-11,Shipped
12849,1933,Keyboard,4,1190.72,2024-08-10,Cancelled
12850,1283,Monitor,1,491.14,2024-11-04,Shipped
12851,1081,Tablet,3,862.33,2024-01-26,Completed
12852,1541,Monitor,3,1896.52,2024-03-26,Completed
12853,1168,Keyboard,4,1094.82,2024-12-22,Shipped
12854,1265,Laptop,1,605.61,2024-10-03,Completed
12855,1470,Laptop,3,76.96,2024-07-02,Shipped
12856,1749,Keyboard,3,1822.27,2024-01-20,Shipped
12857,1802,Tablet,3,182.1,2024-01-19,Cancelled
12858,1768,Headphones,4,1634.91,2024-04-29,Shipped
12859,1659,Phone,4,597.76,2024-08-11,Cancelled
12860,1959,Laptop,2,1128.58,2024-01-24,Completed
12861,1160,Mouse,1,1304.37,2024-06-28,Completed
12862,1779,Keyboard,1,577.55,2024-02-29,Shipped
12863,1677,Keyboard,3,820.27,2024-02-19,Shipped
12864,1530,Tablet,1,761.0,2024-07-20,Pending
12865,1268,Mouse,1,471.0,2024-06-17,Shipped
12866,1002,Tablet,1,1687.35,2024-04-05,Shipped
12867,1961,Laptop,2,1959.78,2024-07-24,Pending
12868,1798,Mouse,4,1750.29,2024-11-08,Shipped
12869,1978,Keyboard,2,1242.41,2024-08-31,Pending
12870,1080,Monitor,3,154.19,2024-05-16,Shipped
12871,1754,Mouse,2,1658.56,2024-07-14,Pending
12872,1989,Phone,3,1334.84,2024-02-09,Completed
12873,1609,Phone,4,1551.41,2024-10-08,Cancelled
12874,1204,Mouse,3,391.86,2024-06-20,Completed
12875,1544,Monitor,2,551.99,2024-01-10,Completed
12876,1977,Mouse,4,951.25,2024-04-08,Completed
12877,1939,Tablet,3,1011.08,2024-03-05,Pending
12878,1332,Headphones,3,620.12,2024-04-28,Completed
12879,1814,Phone,1,794.66,2024-02-25,Shipped
12880,1782,Tablet,3,283.09,2024-10-29,Shipped
12881,1889,Keyboard,3,455.73,2024-11-24,Cancelled
12882,1945,Laptop,1,449.32,2024-05-03,Cancelled
12883,1204,Phone,3,1003.11,2024-03-07,Completed
12884,1429,Tablet,1,407.98,2024-09-27,Pending
12885,1894,Keyboard,4,1852.07,2024-08-13,Cancelled
12886,1690,Keyboard,3,1252.33,2024-02-05,Cancelled
12887,1643,Headphones,1,774.37,2024-02-10,Cancelled
12888,1622,Laptop,1,137.99,2024-05-05,Completed
12889,1054,Headphones,4,1215.81,2024-02-29,Completed
12890,1697,Mouse,3,822.79,2024-08-31,Pending
12891,1749,Phone,3,736.9,2024-02-02,Pending
12892,1135,Laptop,2,962.61,2024-03-22,Pending
12893,1762,Tablet,4,561.21,2024-12-31,Shipped
12894,1134,Mouse,1,842.21,2024-04-27,Pending
12895,1695,Tablet,3,313.49,2024-07-28,Completed
12896,1851,Laptop,2,1965.61,2024-10-14,Pending
12897,1548,Tablet,1,960.9,2024-03-05,Pending
12898,1852,Monitor,1,1529.82,2024-01-23,Completed
12899,1134,Laptop,1,1122.8,2024-05-07,Pending
12900,1317,Mouse,1,1160.91,2024-07-31,Cancelled
12901,1140,Headphones,1,1821.93,2024-02-25,Shipped
12902,1008,Keyboard,1,987.97,2024-12-24,Shipped
12903,1953,Tablet,4,1730.75,2024-04-16,Completed
12904,1584,Laptop,2,805.38,2024-05-19,Cancelled
12905,1340,Monitor,1,228.44,2024-03-25,Pending
12906,1680,Monitor,4,860.73,2024-01-14,Pending
12907,1552,Laptop,2,101.94,2024-05-14,Pending
12908,1006,Mouse,4,1068.26,2024-09-01,Cancelled
12909,1459,Headphones,1,461.7,2024-04-03,Cancelled
12910,1200,Laptop,4,324.06,2024-01-15,Pending
12911,1186,Laptop,2,1184.74,2024-03-09,Pending
12912,1522,Phone,3,1418.39,2024-04-22,Completed
12913,1032,Headphones,2,668.14,2024-05-31,Shipped
12914,1135,Mouse,3,1721.48,2024-03-12,Shipped
12915,1871,Keyboard,2,1270.51,2024-07-11,Cancelled
12916,1149,Tablet,3,1174.89,2024-01-19,Shipped
12917,1627,Tablet,3,602.07,2024-08-13,Cancelled
12918,1270,Mouse,4,1602.37,2024-04-28,Completed
12919,1943,Headphones,2,780.48,2024-02-21,Shipped
12920,1265,Keyboard,1,1893.02,2024-04-14,Completed
12921,1612,Tablet,2,832.44,2024-01-28,Pending
12922,1479,Monitor,3,110.7,2024-02-08,Pending
12923,1175,Monitor,3,1445.85,2024-10-10,Completed
12924,1661,Phone,3,1458.5,2024-05-14,Shipped
12925,1531,Laptop,3,644.61,2024-01-19,Cancelled
12926,1104,Tablet,1,1104.54,2024-10-07,Shipped
12927,1231,Phone,3,475.17,2024-07-08,Shipped
12928,1299,Phone,1,1837.16,2024-12-15,Completed
12929,1901,Laptop,2,62.68,2024-02-24,Pending
12930,1302,Phone,4,505.34,2024-06-30,Cancelled
12931,1305,Keyboard,2,530.62,2024-07-19,Completed
12932,1224,Tablet,1,821.36,2024-05-03,Cancelled
12933,1598,Laptop,3,546.39,2024-05-26,Completed
12934,1483,Keyboard,1,1645.34,2024-12-06,Pending
12935,1578,Tablet,1,660.06,2024-10-06,Shipped
12936,1080,Headphones,3,161.28,2024-06-05,Shipped
12937,1837,Laptop,4,1859.65,2024-10-17,Shipped
12938,1757,Phone,3,1176.92,2024-08-10,Pending
12939,1309,Monitor,1,1885.07,2024-11-10,Pending
12940,1193,Headphones,3,1244.56,2024-06-26,Shipped
12941,1687,Phone,3,1860.36,2024-12-05,Shipped
12942,1188,Monitor,2,100.33,2024-11-28,Cancelled
12943,1440,Phone,1,1113.19,2024-10-23,Shipped
12944,1536,Mouse,4,1427.75,2024-08-22,Completed
12945,1164,Laptop,2,1799.7,2024-02-25,Cancelled
12946,1962,Laptop,1,1738.82,2024-12-09,Cancelled
12947,1953,Monitor,1,1742.85,2024-09-10,Completed
12948,1274,Monitor,2,1940.66,2024-08-21,Completed
12949,1548,Monitor,3,977.45,2024-01-31,Pending
12950,1231,Laptop,2,1932.74,2024-04-15,Shipped
12951,1722,Tablet,4,1793.62,2024-09-21,Shipped
12952,1399,Keyboard,3,989.44,2024-12-16,Completed
12953,1531,Laptop,2,424.66,2024-04-04,Completed
12954,1361,Mouse,3,398.22,2024-09-25,Pending
12955,1528,Phone,1,1545.65,2024-05-22,Completed
12956,1999,Tablet,1,429.87,2024-11-14,Completed
12957,1673,Headphones,1,191.31,2024-02-17,Completed
12958,1489,Monitor,4,700.21,2024-09-06,Cancelled
12959,1085,Keyboard,1,1712.41,2024-08-27,Completed
12960,1772,Tablet,3,1698.27,2024-05-31,Pending
12961,1007,Phone,2,750.54,2024-01-01,Shipped
12962,1191,Tablet,1,781.73,2024-05-26,Shipped
12963,1059,Headphones,3,1285.73,2024-04-11,Shipped
12964,1958,Keyboard,1,964.43,2024-07-30,Shipped
12965,1449,Phone,3,1938.39,2024-01-05,Shipped
12966,1573,Tablet,3,1698.14,2024-08-23,Shipped
12967,1301,Tablet,3,831.55,2024-09-18,Completed
12968,1552,Headphones,2,1696.35,2024-11-13,Cancelled
12969,1926,Keyboard,3,1008.25,2024-10-23,Cancelled
12970,1069,Monitor,1,1035.88,2024-02-11,Completed
12971,1715,Mouse,4,251.6,2024-07-04,Pending
12972,1575,Laptop,2,100.96,2024-09-13,Cancelled
12973,1888,Phone,4,1802.41,2024-08-01,Completed
12974,1011,Phone,3,1358.85,2024-11-30,Cancelled
12975,1635,Headphones,3,1940.05,2024-10-06,Completed
12976,1338,Tablet,3,568.93,2024-01-31,Shipped
12977,1703,Mouse,4,1090.58,2024-05-12,Cancelled
12978,1334,Monitor,1,1435.42,2024-07-29,Completed
12979,1562,Keyboard,4,615.95,2024-10-06,Shipped
12980,1757,Laptop,2,487.52,2024-09-26,Cancelled
12981,1678,Laptop,4,1123.05,2024-12-10,Completed
12982,1516,Monitor,4,86.12,2024-03-01,Completed
12983,1164,Headphones,3,1621.78,2024-04-19,Pending
12984,1946,Headphones,1,163.1,2024-02-26,Completed
12985,1522,Monitor,1,165.67,2024-02-03,Completed
12986,1685,Mouse,2,615.6,2024-03-04,Completed
12987,1793,Mouse,3,1826.22,2024-09-10,Completed
12988,1928,Laptop,1,456.49,2024-05-24,Completed
12989,1574,Laptop,2,1012.23,2024-11-24,Cancelled
12990,1297,Keyboard,1,1829.3,2024-01-19,Shipped
12991,1444,Headphones,1,911.38,2024-08-11,Pending
12992,1323,Tablet,2,1984.76,2024-01-11,Shipped
12993,1123,Tablet,3,1826.94,2024-03-16,Cancelled
12994,1105,Laptop,2,1111.34,2024-05-01,Cancelled
12995,1381,Monitor,3,274.74,2024-01-12,Shipped
12996,1240,Phone,4,1213.43,2024-05-10,Completed
12997,1990,Mouse,1,620.28,2024-03-19,Cancelled
12998,1845,Phone,4,1926.61,2024-04-08,Completed
12999,1960,Mouse,1,502.67,2024-09-05,Completed
13000,1982,Laptop,1,685.42,2024-05-09,Shipped
13001,1316,Headphones,4,1279.48,2024-06-09,Completed
13002,1863,Monitor,1,926.65,2024-11-23,Completed
13003,1966,Mouse,1,1297.39,2024-11-16,Cancelled
13004,1093,Mouse,1,712.4,2024-07-15,Cancelled
13005,1074,Keyboard,2,557.7,2024-09-23,Completed
13006,1136,Laptop,1,795.72,2024-11-11,Completed
13007,1088,Phone,3,1131.54,2024-05-02,Completed
13008,1182,Tablet,1,1476.03,2024-08-05,Cancelled
13009,1797,Keyboard,3,1068.11,2024-01-16,Completed
13010,1545,Tablet,1,987.2,2024-10-12,Completed
13011,1639,Laptop,3,637.43,2024-10-31,Pending
13012,1517,Keyboard,4,1305.27,2024-09-28,Completed
13013,1648,Headphones,3,1537.02,2024-12-31,Completed
13014,1466,Keyboard,3,958.89,2024-10-20,Cancelled
13015,1880,Tablet,4,128.43,2024-07-31,Pending
13016,1648,Laptop,1,1704.97,2024-05-17,Completed
13017,1200,Tablet,2,1742.35,2024-12-19,Shipped
13018,1600,Laptop,1,1541.53,2024-06-12,Cancelled
13019,1884,Mouse,4,1358.91,2024-08-13,Pending
13020,1747,Tablet,3,1510.2,2024-12-17,Pending
13021,1384,Phone,1,1929.51,2024-04-19,Completed
13022,1199,Laptop,2,105.97,2024-05-22,Completed
13023,1197,Laptop,3,592.73,2024-12-24,Pending
13024,1731,Headphones,2,1175.34,2024-08-18,Cancelled
13025,1514,Tablet,2,697.56,2024-06-10,Shipped
13026,1333,Tablet,2,1621.53,2024-11-07,Pending
13027,1093,Mouse,1,1464.24,2024-12-04,Pending
13028,1955,Keyboard,3,1987.7,2024-10-05,Cancelled
13029,1852,Tablet,2,915.84,2024-03-20,Completed
13030,1917,Tablet,1,277.53,2024-10-08,Shipped
13031,1279,Headphones,4,1224.86,2024-10-13,Completed
13032,1034,Headphones,1,622.24,2024-09-30,Shipped
13033,1979,Keyboard,2,1386.5,2024-07-10,Completed
13034,1794,Phone,3,1564.94,2024-09-21,Shipped
13035,1059,Monitor,2,285.94,2024-10-01,Cancelled
13036,1367,Monitor,3,1740.5,2024-08-16,Cancelled
13037,1701,Keyboard,3,534.07,2024-03-09,Shipped
13038,1238,Keyboard,4,1251.53,2024-02-02,Cancelled
13039,1906,Laptop,2,1947.07,2024-09-06,Cancelled
13040,1730,Laptop,1,221.92,2024-11-21,Cancelled
13041,1052,Phone,2,582.06,2024-09-23,Shipped
13042,1181,Headphones,3,1033.39,2024-08-01,Cancelled
13043,1345,Keyboard,3,1007.78,2024-03-04,Pending
13044,1185,Mouse,4,949.24,2024-11-23,Pending
13045,1502,Phone,4,869.24,2024-07-30,Shipped
13046,1140,Tablet,1,564.02,2024-02-20,Shipped
13047,1497,Tablet,1,1361.43,2024-08-01,Shipped
13048,1730,Tablet,3,673.87,2024-12-19,Cancelled
13049,1943,Tablet,2,823.7,2024-07-20,Cancelled
13050,1040,Laptop,3,119.41,2024-02-26,Cancelled
13051,1262,Monitor,4,530.02,2024-01-24,Pending
13052,1902,Laptop,1,1257.4,2024-06-06,Completed
13053,1735,Mouse,2,1402.25,2024-06-08,Completed
13054,1113,Keyboard,1,247.73,2024-10-08,Completed
13055,1745,Mouse,4,758.78,2024-06-25,Shipped
13056,1340,Laptop,3,839.59,2024-03-28,Shipped
13057,1994,Phone,4,1352.18,2024-01-09,Completed
13058,1137,Mouse,2,1729.73,2024-02-09,Completed
13059,1926,Tablet,1,142.66,2024-02-15,Cancelled
13060,1741,Laptop,4,500.89,2024-08-31,Cancelled
13061,1939,Laptop,3,1579.34,2024-04-04,Cancelled
13062,1688,Monitor,1,209.92,2024-05-06,Completed
13063,1825,Mouse,1,445.24,2024-09-25,Pending
13064,1810,Headphones,4,1430.14,2024-10-10,Shipped
13065,1378,Headphones,1,921.51,2024-07-09,Shipped
13066,1051,Monitor,2,1114.09,2024-09-17,Pending
13067,1951,Headphones,2,838.58,2024-03-08,Shipped
13068,1317,Laptop,4,1246.18,2024-06-20,Shipped
13069,1483,Tablet,1,855.54,2024-08-09,Shipped
13070,1478,Headphones,4,808.48,2024-06-17,Pending
13071,1632,Phone,3,1221.25,2024-07-25,Pending
13072,1318,Laptop,4,241.06,2024-11-09,Completed
13073,1803,Laptop,3,1946.69,2024-12-09,Completed
13074,1817,Keyboard,4,978.14,2024-11-03,Shipped
13075,1761,Phone,4,1523.7,2024-03-24,Completed
13076,1205,Monitor,3,370.53,2024-11-23,Pending
13077,1825,Phone,2,134.8,2024-11-04,Cancelled
13078,1504,Tablet,2,1669.72,2024-11-28,Pending
13079,1575,Laptop,1,786.64,2024-08-08,Completed
13080,1548,Monitor,3,941.91,2024-10-20,Shipped
13081,1745,Phone,1,468.38,2024-05-20,Pending
13082,1637,Headphones,4,1696.58,2024-02-27,Cancelled
13083,1033,Headphones,4,465.94,2024-07-31,Shipped
13084,1873,Keyboard,2,943.38,2024-07-29,Completed
13085,1478,Headphones,2,1514.92,2024-09-27,Completed
13086,1194,Tablet,4,1928.4,2024-11-17,Cancelled
13087,1549,Tablet,3,386.7,2024-01-29,Pending
13088,1060,Headphones,1,350.44,2024-05-31,Completed
13089,1336,Tablet,4,1937.71,2024-07-06,Completed
13090,1775,Headphones,4,1262.98,2024-03-12,Cancelled
13091,1579,Keyboard,3,676.54,2024-05-05,Cancelled
13092,1423,Monitor,3,1110.46,2024-08-25,Shipped
13093,1291,Tablet,2,1864.79,2024-10-09,Shipped
13094,1664,Mouse,4,1245.05,2024-10-20,Pending
13095,1446,Mouse,2,1370.21,2024-01-12,Pending
13096,1325,Monitor,1,1659.05,2024-01-13,Shipped
13097,1872,Phone,4,1283.81,2024-01-05,Completed
13098,1992,Laptop,3,611.57,2024-08-24,Shipped
13099,1292,Laptop,2,434.36,2024-09-17,Shipped
13100,1586,Monitor,2,1834.15,2024-08-04,Pending
13101,1046,Phone,2,210.21,2024-01-23,Cancelled
13102,1741,Tablet,3,1641.12,2024-02-02,Completed
13103,1841,Mouse,4,1217.86,2024-11-20,Pending
13104,1503,Laptop,3,658.72,2024-02-15,Cancelled
13105,1157,Monitor,3,978.72,2024-08-19,Cancelled
13106,1237,Tablet,1,59.78,2024-08-17,Pending
13107,1551,Mouse,1,1430.57,2024-03-15,Completed
13108,1273,Monitor,3,896.88,2024-08-07,Shipped
13109,1739,Headphones,3,1471.03,2024-02-29,Shipped
13110,1980,Phone,1,1457.41,2024-10-27,Cancelled
13111,1430,Mouse,3,282.33,2024-03-01,Shipped
13112,1324,Headphones,2,1971.48,2024-06-07,Shipped
13113,1785,Headphones,3,1935.07,2024-08-28,Shipped
13114,1444,Monitor,3,1181.57,2024-02-28,Pending
13115,1788,Monitor,3,978.36,2024-11-06,Completed
13116,1313,Phone,2,1651.24,2024-11-16,Cancelled
13117,1754,Keyboard,2,480.87,2024-06-19,Completed
13118,1856,Laptop,3,1027.78,2024-02-29,Pending
13119,1588,Headphones,2,1463.97,2024-11-13,Completed
13120,1660,Phone,2,1817.51,2024-11-16,Completed
13121,1911,Phone,4,1191.36,2024-07-30,Cancelled
13122,1779,Keyboard,1,1583.75,2024-12-08,Shipped
13123,1155,Mouse,2,134.88,2024-12-02,Completed
13124,1736,Mouse,3,522.35,2024-02-02,Shipped
13125,1198,Headphones,3,586.01,2024-10-05,Pending
13126,1919,Mouse,1,1907.46,2024-12-22,Cancelled
13127,1904,Phone,1,741.92,2024-12-12,Completed
13128,1535,Mouse,4,1713.19,2024-03-17,Pending
13129,1426,Mouse,1,149.03,2024-06-06,Pending
13130,1989,Headphones,3,319.1,2024-04-19,Completed
13131,1473,Laptop,3,1074.39,2024-06-01,Completed
13132,1674,Keyboard,1,501.5,2024-03-15,Pending
13133,1687,Tablet,3,596.29,2024-02-19,Cancelled
13134,1256,Monitor,1,931.26,2024-12-22,Completed
13135,1994,Phone,3,1788.67,2024-01-12,Completed
13136,1292,Tablet,1,1602.85,2024-07-06,Completed
13137,1626,Tablet,2,384.53,2024-11-05,Pending
13138,1837,Phone,4,1781.66,2024-07-05,Cancelled
13139,1569,Monitor,4,961.47,2024-01-29,Shipped
13140,1263,Headphones,2,1598.11,2024-07-28,Shipped
13141,1774,Laptop,2,1189.53,2024-01-02,Completed
13142,1174,Keyboard,4,1040.73,2024-10-08,Cancelled
13143,1155,Keyboard,2,638.66,2024-11-14,Shipped
13144,1569,Laptop,1,1197.43,2024-08-30,Shipped
13145,1163,Mouse,3,886.65,2024-11-12,Cancelled
13146,1833,Phone,4,1383.59,2024-09-22,Cancelled
13147,1282,Monitor,3,1423.65,2024-12-10,Pending
13148,1690,Laptop,1,1030.81,2024-12-11,Pending
13149,1348,Headphones,2,444.4,2024-11-05,Cancelled
13150,1417,Headphones,1,1373.74,2024-09-26,Pending
13151,1412,Mouse,1,1280.58,2024-10-07,Completed
13152,1511,Tablet,4,1020.83,2024-12-29,Pending
13153,1949,Mouse,3,537.09,2024-10-16,Cancelled
13154,1396,Monitor,3,1610.16,2024-07-18,Shipped
13155,1458,Phone,3,770.4,2024-12-11,Shipped
13156,1267,Tablet,3,249.91,2024-07-06,Completed
13157,1250,Phone,1,1683.29,2024-10-04,Shipped
13158,1609,Laptop,4,1557.96,2024-10-25,Completed
13159,1502,Keyboard,4,248.58,2024-10-17,Shipped
13160,1051,Phone,2,644.66,2024-07-01,Completed
13161,1250,Headphones,1,1247.63,2024-04-25,Pending
13162,1608,Phone,4,1618.56,2024-12-04,Cancelled
13163,1732,Laptop,4,1761.97,2024-01-27,Cancelled
13164,1692,Phone,3,1642.73,2024-10-11,Shipped
13165,1712,Mouse,2,1803.51,2024-11-01,Completed
13166,1714,Laptop,1,987.17,2024-05-04,Completed
13167,1860,Laptop,3,401.1,2024-08-01,Shipped
13168,1837,Tablet,4,1788.48,2024-06-29,Shipped
13169,1070,Keyboard,2,1835.56,2024-11-22,Pending
13170,1421,Phone,4,1588.07,2024-07-15,Completed
13171,1546,Laptop,3,1334.28,2024-01-23,Cancelled
13172,1694,Laptop,3,685.54,2024-10-05,Shipped
13173,1219,Laptop,4,1400.57,2024-08-28,Cancelled
13174,1410,Mouse,3,145.28,2024-11-23,Completed
13175,1879,Mouse,4,1854.8,2024-12-24,Completed
13176,1463,Tablet,1,1995.7,2024-07-06,Shipped
13177,1623,Tablet,4,1955.58,2024-12-07,Completed
13178,1795,Mouse,4,439.71,2024-06-29,Shipped
13179,1943,Headphones,1,372.03,2024-02-11,Shipped
13180,1679,Tablet,3,1470.18,2024-08-12,Pending
13181,1578,Monitor,2,499.49,2024-04-14,Shipped
13182,1700,Keyboard,4,1206.14,2024-06-18,Shipped
13183,1063,Keyboard,2,1246.45,2024-01-02,Shipped
13184,1129,Laptop,2,1386.34,2024-12-08,Cancelled
13185,1597,Tablet,1,1136.79,2024-08-02,Shipped
13186,1949,Mouse,1,260.08,2024-05-01,Pending
13187,1864,Tablet,4,454.31,2024-08-22,Completed
13188,1383,Keyboard,4,113.06,2024-04-14,Cancelled
13189,1261,Monitor,2,1471.12,2024-05-21,Completed
13190,1575,Keyboard,2,478.25,2024-08-09,Completed
13191,1702,Mouse,1,1668.63,2024-07-04,Shipped
13192,1378,Mouse,2,1626.69,2024-04-12,Cancelled
13193,1603,Monitor,1,1837.18,2024-05-20,Cancelled
13194,1171,Headphones,3,1911.79,2024-05-08,Pending
13195,1050,Monitor,3,1313.43,2024-10-15,Completed
13196,1879,Mouse,1,1762.41,2024-07-22,Shipped
13197,1659,Monitor,2,1261.07,2024-11-08,Completed
13198,1948,Headphones,2,728.48,2024-02-29,Pending
13199,1018,Laptop,2,1898.35,2024-10-14,Shipped
13200,1982,Phone,3,608.61,2024-08-12,Completed
13201,1802,Headphones,1,611.02,2024-09-07,Shipped
13202,1934,Headphones,2,543.99,2024-12-22,Shipped
13203,1383,Keyboard,4,641.28,2024-04-15,Completed
13204,1846,Headphones,4,97.68,2024-10-13,Cancelled
13205,1734,Laptop,4,407.07,2024-03-20,Cancelled
13206,1031,Mouse,1,1553.39,2024-12-29,Completed
13207,1016,Phone,4,989.15,2024-02-13,Pending
13208,1362,Headphones,2,1685.41,2024-02-15,Completed
13209,1266,Tablet,1,301.21,2024-12-03,Shipped
13210,1829,Phone,2,1495.3,2024-01-27,Cancelled
13211,1384,Laptop,3,427.82,2024-02-03,Cancelled
13212,1086,Monitor,4,1923.86,2024-01-17,Cancelled
13213,1030,Phone,2,397.9,2024-07-29,Cancelled
13214,1479,Monitor,4,1257.36,2024-08-25,Completed
13215,1612,Tablet,4,1410.76,2024-09-04,Shipped
13216,1817,Headphones,1,775.63,2024-01-29,Completed
13217,1777,Tablet,1,1308.3,2024-07-03,Cancelled
13218,1084,Monitor,2,849.71,2024-05-22,Pending
13219,1046,Headphones,2,1349.3,2024-08-23,Completed
13220,1637,Keyboard,2,1297.83,2024-01-10,Shipped
13221,1205,Keyboard,4,755.91,2024-10-18,Shipped
13222,1499,Phone,1,1347.26,2024-09-27,Completed
13223,1073,Phone,4,1877.67,2024-08-14,Pending
13224,1513,Mouse,4,1989.03,2024-03-29,Completed
13225,1108,Keyboard,1,149.11,2024-06-08,Pending
13226,1078,Keyboard,1,889.75,2024-01-01,Cancelled
13227,1500,Phone,2,127.04,2024-04-11,Cancelled
13228,1124,Keyboard,3,890.1,2024-10-27,Cancelled
13229,1107,Headphones,1,1153.06,2024-03-20,Completed
13230,1646,Phone,4,1694.54,2024-03-15,Cancelled
13231,1630,Laptop,4,1337.68,2024-04-04,Completed
13232,1030,Headphones,1,1576.57,2024-03-27,Cancelled
13233,1632,Mouse,3,1180.75,2024-03-27,Shipped
13234,1598,Headphones,1,1028.58,2024-05-16,Shipped
13235,1236,Mouse,1,1748.95,2024-08-21,Shipped
13236,1112,Monitor,3,319.75,2024-12-07,Cancelled
13237,1057,Phone,1,810.88,2024-12-16,Cancelled
13238,1849,Keyboard,2,444.78,2024-01-22,Pending
13239,1955,Tablet,4,1036.82,2024-12-13,Pending
13240,1642,Headphones,2,219.05,2024-12-12,Cancelled
13241,1675,Headphones,3,531.58,2024-04-25,Cancelled
13242,1866,Tablet,1,1265.76,2024-08-15,Pending
13243,1073,Headphones,1,1756.15,2024-10-08,Shipped
13244,1113,Phone,4,101.26,2024-02-28,Cancelled
13245,1121,Laptop,3,1293.18,2024-01-03,Cancelled
13246,1824,Mouse,3,1853.18,2024-02-19,Completed
13247,1065,Tablet,1,669.28,2024-12-01,Completed
13248,1270,Headphones,2,80.52,2024-01-09,Pending
13249,1526,Phone,4,428.58,2024-09-23,Cancelled
13250,1914,Monitor,3,510.68,2024-04-26,Cancelled
13251,1332,Phone,3,834.45,2024-12-25,Shipped
13252,1241,Keyboard,3,1391.2,2024-01-10,Pending
13253,1665,Headphones,2,1124.27,2024-07-02,Shipped
13254,1793,Headphones,3,788.43,2024-08-13,Shipped
13255,1000,Tablet,2,1691.01,2024-08-08,Completed
13256,1038,Tablet,1,1083.53,2024-04-23,Pending
13257,1636,Monitor,2,1304.04,2024-08-08,Cancelled
13258,1847,Tablet,3,389.59,2024-02-19,Shipped
13259,1360,Headphones,1,629.8,2024-02-21,Completed
13260,1914,Monitor,2,832.29,2024-04-04,Completed
13261,1800,Tablet,2,705.76,2024-08-12,Pending
13262,1620,Phone,4,1109.57,2024-01-18,Cancelled
13263,1945,Headphones,4,1641.92,2024-08-31,Pending
13264,1618,Mouse,4,1258.25,2024-06-27,Cancelled
13265,1303,Monitor,1,1092.7,2024-03-18,Completed
13266,1105,Laptop,3,175.27,2024-10-26,Cancelled
13267,1357,Headphones,3,1836.41,2024-12-15,Completed
13268,1426,Laptop,4,1473.88,2024-05-05,Shipped
13269,1683,Laptop,2,402.91,2024-01-18,Completed
13270,1322,Laptop,2,1384.72,2024-06-18,Shipped
13271,1199,Mouse,4,344.54,2024-07-14,Cancelled
13272,1525,Monitor,1,484.02,2024-06-26,Completed
13273,1842,Keyboard,3,786.65,2024-11-18,Completed
13274,1401,Tablet,3,976.56,2024-10-02,Shipped
13275,1118,Headphones,1,269.32,2024-10-31,Completed
13276,1215,Mouse,2,667.99,2024-01-22,Cancelled
13277,1836,Tablet,3,1603.14,2024-05-13,Shipped
13278,1102,Mouse,3,183.82,2024-04-05,Pending
13279,1304,Phone,1,978.24,2024-08-15,Completed
13280,1100,Laptop,3,135.32,2024-07-04,Completed
13281,1577,Headphones,3,807.47,2024-06-14,Completed
13282,1624,Monitor,3,1565.23,2024-12-15,Completed
13283,1601,Phone,2,229.88,2024-03-12,Shipped
13284,1597,Laptop,2,1268.18,2024-08-14,Completed
13285,1663,Headphones,2,566.48,2024-02-05,Cancelled
13286,1742,Monitor,3,1093.28,2024-04-16,Shipped
13287,1327,Headphones,2,718.57,2024-02-01,Cancelled
13288,1231,Mouse,4,1033.86,2024-02-08,Completed
13289,1085,Laptop,2,501.66,2024-05-25,Pending
13290,1178,Mouse,2,308.23,2024-07-06,Cancelled
13291,1269,Mouse,2,1571.08,2024-04-14,Pending
13292,1257,Phone,1,1431.56,2024-12-13,Shipped
13293,1012,Laptop,1,377.82,2024-03-25,Cancelled
13294,1162,Headphones,2,800.69,2024-05-30,Completed
13295,1323,Monitor,4,1356.95,2024-06-28,Cancelled
13296,1892,Tablet,4,112.37,2024-01-14,Cancelled
13297,1230,Keyboard,4,1008.71,2024-10-01,Pending
13298,1628,Phone,3,793.13,2024-02-16,Cancelled
13299,1849,Laptop,4,1399.26,2024-06-20,Pending
13300,1374,Phone,4,806.63,2024-01-28,Shipped
13301,1176,Headphones,4,983.31,2024-09-13,Completed
13302,1189,Mouse,1,679.27,2024-01-06,Shipped
13303,1937,Monitor,4,1577.41,2024-09-07,Shipped
13304,1673,Phone,4,1818.31,2024-05-31,Shipped
13305,1943,Phone,4,1505.09,2024-02-18,Completed
13306,1862,Mouse,1,929.48,2024-08-05,Cancelled
13307,1563,Monitor,1,169.79,2024-03-16,Completed
13308,1582,Tablet,4,1357.95,2024-10-09,Pending
13309,1094,Mouse,3,1486.83,2024-06-23,Shipped
13310,1474,Mouse,3,519.02,2024-05-14,Shipped
13311,1198,Mouse,2,512.11,2024-01-12,Shipped
13312,1918,Tablet,1,1220.03,2024-10-24,Shipped
13313,1782,Monitor,1,420.17,2024-12-30,Cancelled
13314,1016,Laptop,3,875.38,2024-12-29,Completed
13315,1111,Tablet,2,1990.28,2024-09-03,Pending
13316,1565,Phone,2,991.09,2024-08-16,Completed
13317,1509,Keyboard,2,328.43,2024-12-11,Cancelled
13318,1049,Mouse,3,1313.29,2024-05-21,Completed
13319,1085,Laptop,3,1539.32,2024-04-21,Cancelled
13320,1454,Headphones,4,1317.92,2024-06-07,Pending
13321,1148,Headphones,3,1877.96,2024-02-19,Pending
13322,1693,Phone,1,1019.13,2024-01-29,Cancelled
13323,1908,Monitor,2,128.63,2024-03-08,Shipped
13324,1002,Headphones,4,551.5,2024-04-23,Completed
13325,1414,Tablet,2,1587.68,2024-02-15,Completed
13326,1418,Tablet,4,750.82,2024-04-18,Pending
13327,1514,Keyboard,4,529.29,2024-12-24,Pending
13328,1445,Tablet,2,545.56,2024-11-30,Cancelled
13329,1207,Mouse,2,1973.16,2024-01-19,Pending
13330,1879,Keyboard,4,1834.28,2024-04-10,Completed
13331,1951,Phone,2,275.94,2024-05-20,Completed
13332,1517,Monitor,1,569.5,2024-03-18,Shipped
13333,1491,Monitor,3,469.98,2024-10-11,Pending
13334,1345,Laptop,2,239.77,2024-01-09,Cancelled
13335,1540,Headphones,2,1788.85,2024-02-07,Pending
13336,1725,Monitor,2,442.06,2024-07-11,Cancelled
13337,1502,Phone,2,600.57,2024-08-09,Shipped
13338,1323,Tablet,4,1336.0,2024-12-02,Shipped
13339,1676,Keyboard,1,696.39,2024-10-28,Completed
13340,1164,Tablet,1,75.0,2024-03-06,Shipped
13341,1804,Tablet,2,152.75,2024-11-24,Shipped
13342,1719,Laptop,2,1245.53,2024-06-03,Completed
13343,1379,Headphones,3,1241.33,2024-05-24,Cancelled
13344,1998,Mouse,4,1252.84,2024-07-08,Cancelled
13345,1321,Headphones,4,372.08,2024-12-12,Pending
13346,1424,Tablet,4,172.57,2024-01-07,Cancelled
13347,1524,Keyboard,2,301.2,2024-10-16,Completed
13348,1856,Laptop,4,138.62,2024-12-20,Completed
13349,1432,Mouse,1,1556.02,2024-11-04,Pending
13350,1534,Phone,1,1536.22,2024-07-06,Pending
13351,1255,Headphones,2,330.5,2024-07-29,Completed
13352,1723,Phone,3,318.33,2024-09-11,Cancelled
13353,1827,Keyboard,4,1182.66,2024-08-10,Pending
13354,1741,Mouse,4,1309.44,2024-12-02,Cancelled
13355,1549,Monitor,2,539.94,2024-08-01,Pending
13356,1936,Monitor,3,1193.25,2024-01-18,Cancelled
13357,1740,Laptop,2,1831.14,2024-05-29,Completed
13358,1440,Laptop,4,1684.72,2024-01-03,Completed
13359,1008,Mouse,4,1926.04,2024-05-18,Cancelled
13360,1128,Laptop,4,518.56,2024-08-23,Completed
13361,1175,Mouse,4,1713.56,2024-11-08,Pending
13362,1921,Tablet,3,267.39,2024-06-21,Pending
13363,1302,Laptop,4,907.42,2024-06-11,Shipped
13364,1956,Tablet,1,1493.63,2024-02-17,Completed
13365,1841,Keyboard,4,1165.49,2024-08-27,Completed
13366,1882,Keyboard,3,1040.22,2024-01-27,Cancelled
13367,1243,Laptop,1,948.27,2024-07-21,Pending
13368,1719,Tablet,1,728.39,2024-07-18,Completed
13369,1432,Phone,3,1336.46,2024-08-20,Pending
13370,1022,Phone,1,404.32,2024-03-29,Cancelled
13371,1952,Tablet,3,1517.74,2024-02-12,Cancelled
13372,1188,Laptop,2,793.06,2024-06-08,Pending
13373,1918,Headphones,1,151.69,2024-05-11,Completed
13374,1518,Monitor,2,139.37,2024-09-02,Pending
13375,1497,Keyboard,3,1623.92,2024-07-22,Shipped
13376,1749,Phone,4,107.44,2024-05-07,Pending
13377,1086,Laptop,1,1686.5,2024-03-04,Cancelled
13378,1785,Laptop,3,1647.59,2024-05-30,Completed
13379,1207,Keyboard,2,1138.88,2024-11-23,Shipped
13380,1915,Phone,3,1946.74,2024-03-28,Completed
13381,1515,Tablet,1,594.71,2024-10-24,Completed
13382,1994,Monitor,3,880.66,2024-03-12,Completed
13383,1934,Headphones,2,642.81,2024-11-24,Completed
13384,1552,Keyboard,1,1173.7,2024-04-13,Shipped
13385,1649,Keyboard,2,633.01,2024-06-17,Completed
13386,1019,Monitor,2,1262.41,2024-03-24,Shipped
13387,1060,Headphones,4,195.11,2024-06-25,Cancelled
13388,1144,Phone,1,1358.0,2024-12-18,Completed
13389,1974,Headphones,3,1669.01,2024-10-04,Cancelled
13390,1643,Headphones,2,1662.0,2024-04-22,Cancelled
13391,1995,Monitor,4,1780.27,2024-01-03,Shipped
13392,1142,Keyboard,3,1173.67,2024-07-02,Cancelled
13393,1015,Tablet,2,1634.67,2024-03-23,Completed
13394,1714,Laptop,3,446.25,2024-04-06,Cancelled
13395,1891,Keyboard,1,1050.06,2024-11-12,Cancelled
13396,1331,Monitor,3,442.28,2024-05-18,Shipped
13397,1427,Keyboard,4,1986.98,2024-06-13,Cancelled
13398,1381,Tablet,1,1122.26,2024-12-25,Pending
13399,1212,Tablet,2,1543.37,2024-11-13,Cancelled
13400,1339,Headphones,4,229.93,2024-06-14,Shipped
13401,1391,Mouse,1,893.38,2024-09-26,Cancelled
13402,1363,Laptop,2,192.69,2024-12-29,Cancelled
13403,1624,Headphones,3,1176.3,2024-06-10,Completed
13404,1086,Keyboard,1,457.46,2024-01-31,Shipped
13405,1410,Tablet,3,812.44,2024-10-01,Shipped
13406,1263,Headphones,1,753.67,2024-12-08,Shipped
13407,1491,Phone,1,159.11,2024-07-26,Pending
13408,1246,Mouse,4,190.05,2024-01-27,Cancelled
13409,1379,Phone,3,591.29,2024-06-14,Cancelled
13410,1105,Monitor,3,1248.38,2024-08-03,Cancelled
13411,1615,Tablet,2,1240.57,2024-03-29,Cancelled
13412,1344,Monitor,1,673.05,2024-02-28,Shipped
13413,1984,Headphones,3,127.97,2024-07-31,Shipped
13414,1299,Tablet,4,333.34,2024-10-25,Cancelled
13415,1611,Monitor,3,1296.39,2024-01-25,Cancelled
13416,1158,Tablet,4,151.46,2024-05-01,Shipped
13417,1844,Tablet,1,834.34,2024-12-22,Pending
13418,1605,Phone,2,1847.36,2024-02-04,Shipped
13419,1660,Keyboard,1,109.28,2024-08-03,Shipped
13420,1045,Monitor,3,775.94,2024-02-27,Shipped
13421,1130,Phone,3,801.16,2024-12-31,Shipped
13422,1069,Phone,1,894.74,2024-01-31,Cancelled
13423,1760,Keyboard,3,1966.0,2024-12-22,Shipped
13424,1977,Headphones,1,57.94,2024-11-29,Pending
13425,1525,Monitor,4,793.82,2024-05-14,Cancelled
13426,1108,Keyboard,4,1820.6,2024-03-23,Cancelled
13427,1345,Keyboard,1,263.05,2024-08-30,Completed
13428,1517,Laptop,1,1474.8,2024-08-11,Completed
13429,1300,Keyboard,4,1540.97,2024-01-07,Pending
13430,1302,Monitor,3,668.15,2024-02-11,Shipped
13431,1586,Phone,3,1882.67,2024-01-25,Pending
13432,1230,Monitor,2,1258.23,2024-07-12,Pending
13433,1296,Laptop,4,948.34,2024-07-20,Completed
13434,1047,Headphones,1,1724.89,2024-09-04,Cancelled
13435,1869,Tablet,2,1061.33,2024-02-11,Shipped
13436,1332,Keyboard,3,216.88,2024-02-16,Shipped
13437,1527,Phone,3,315.25,2024-01-04,Completed
13438,1388,Laptop,1,1016.03,2024-10-05,Pending
13439,1106,Phone,3,892.17,2024-04-16,Shipped
13440,1476,Tablet,3,1466.33,2024-09-26,Shipped
13441,1055,Mouse,4,1881.9,2024-01-29,Shipped
13442,1772,Keyboard,1,1445.58,2024-12-26,Pending
13443,1341,Laptop,3,490.0,2024-10-09,Cancelled
13444,1167,Phone,1,1331.52,2024-06-19,Pending
13445,1323,Mouse,3,255.05,2024-07-30,Shipped
13446,1475,Phone,3,903.25,2024-11-25,Cancelled
13447,1775,Mouse,2,856.06,2024-07-29,Completed
13448,1225,Laptop,4,1981.48,2024-06-09,Cancelled
13449,1637,Phone,4,1270.53,2024-11-26,Completed
13450,1713,Tablet,3,1454.26,2024-12-29,Shipped
13451,1984,Monitor,1,1028.1,2024-04-15,Shipped
13452,1033,Laptop,4,1858.47,2024-03-11,Cancelled
13453,1252,Phone,2,1457.55,2024-10-21,Pending
13454,1254,Mouse,4,1624.83,2024-03-09,Cancelled
13455,1504,Phone,4,1198.05,2024-01-27,Pending
13456,1330,Monitor,4,539.88,2024-06-06,Pending
13457,1143,Laptop,3,1240.29,2024-05-03,Shipped
13458,1600,Tablet,3,647.71,2024-02-18,Pending
13459,1558,Tablet,3,1533.2,2024-09-18,Cancelled
13460,1085,Phone,3,1879.9,2024-06-21,Shipped
13461,1151,Laptop,3,1112.77,2024-12-10,Pending
13462,1216,Phone,1,1159.33,2024-01-14,Cancelled
13463,1903,Keyboard,2,979.13,2024-07-05,Pending
13464,1346,Headphones,4,855.44,2024-03-02,Shipped
13465,1886,Phone,1,102.62,2024-02-01,Completed
13466,1761,Keyboard,1,516.15,2024-07-22,Cancelled
13467,1435,Laptop,1,1834.94,2024-01-07,Cancelled
13468,1439,Monitor,1,1960.47,2024-12-04,Completed
13469,1866,Keyboard,4,260.76,2024-08-09,Completed
13470,1252,Headphones,1,1505.98,2024-02-07,Cancelled
13471,1446,Tablet,1,272.23,2024-11-12,Pending
13472,1870,Tablet,2,1400.94,2024-12-12,Cancelled
13473,1656,Laptop,2,74.5,2024-12-06,Cancelled
13474,1802,Headphones,4,973.89,2024-02-24,Cancelled
13475,1905,Keyboard,2,886.44,2024-03-03,Cancelled
13476,1645,Monitor,1,831.65,2024-01-11,Pending
13477,1547,Monitor,4,729.5,2024-04-25,Shipped
13478,1588,Laptop,1,594.28,2024-03-12,Cancelled
13479,1607,Keyboard,1,117.5,2024-09-02,Shipped
13480,1384,Keyboard,2,201.35,2024-02-14,Cancelled
13481,1837,Headphones,1,1770.37,2024-01-17,Completed
13482,1901,Mouse,2,1361.75,2024-05-08,Completed
13483,1522,Mouse,4,1234.24,2024-02-18,Pending
13484,1225,Tablet,3,1006.07,2024-06-29,Cancelled
13485,1466,Phone,4,1420.58,2024-10-04,Completed
13486,1088,Tablet,1,143.63,2024-09-10,Completed
13487,1642,Phone,2,275.08,2024-07-03,Shipped
13488,1412,Phone,4,1094.28,2024-07-03,Shipped
13489,1997,Phone,3,972.55,2024-11-17,Shipped
13490,1435,Laptop,4,291.77,2024-05-15,Shipped
13491,1685,Monitor,4,188.53,2024-09-12,Pending
13492,1600,Monitor,3,1907.53,2024-04-19,Pending
13493,1325,Monitor,2,1711.67,2024-09-15,Cancelled
13494,1301,Keyboard,4,1441.0,2024-10-01,Cancelled
13495,1562,Keyboard,4,540.68,2024-07-07,Pending
13496,1294,Mouse,3,96.99,2024-07-26,Pending
13497,1530,Mouse,2,961.9,2024-10-16,Pending
13498,1222,Keyboard,2,1362.98,2024-01-25,Pending
13499,1760,Keyboard,3,1760.68,2024-11-17,Cancelled
13500,1800,Monitor,1,1896.23,2024-03-12,Completed
13501,1287,Mouse,4,1740.52,2024-03-05,Shipped
13502,1430,Keyboard,2,1269.21,2024-04-15,Cancelled
13503,1800,Monitor,3,1528.98,2024-07-02,Pending
13504,1693,Laptop,1,760.18,2024-06-24,Pending
13505,1632,Tablet,4,148.68,2024-07-11,Cancelled
13506,1627,Mouse,3,951.51,2024-09-21,Cancelled
13507,1210,Phone,2,660.15,2024-12-31,Completed
13508,1719,Headphones,1,1388.33,2024-01-22,Completed
13509,1940,Headphones,3,600.06,2024-04-16,Pending
13510,1182,Laptop,2,658.66,2024-12-03,Completed
13511,1832,Tablet,4,1129.04,2024-12-23,Shipped
13512,1700,Laptop,4,284.14,2024-11-08,Cancelled
13513,1466,Phone,2,818.02,2024-08-18,Pending
13514,1394,Phone,1,1928.93,2024-04-09,Cancelled
13515,1430,Laptop,2,440.29,2024-07-17,Completed
13516,1869,Monitor,3,854.57,2024-06-23,Pending
13517,1127,Tablet,3,239.93,2024-06-16,Cancelled
13518,1803,Mouse,1,766.73,2024-12-16,Cancelled
13519,1765,Keyboard,3,175.15,2024-01-12,Pending
13520,1823,Monitor,3,1394.53,2024-12-25,Cancelled
13521,1345,Keyboard,1,1746.56,2024-05-23,Completed
13522,1979,Headphones,4,1122.81,2024-08-31,Shipped
13523,1099,Monitor,4,1801.85,2024-11-23,Cancelled
13524,1404,Monitor,1,1925.67,2024-10-11,Completed
13525,1332,Tablet,2,636.68,2024-07-02,Cancelled
13526,1481,Phone,1,1649.79,2024-07-19,Pending
13527,1684,Keyboard,1,148.67,2024-12-05,Shipped
13528,1900,Keyboard,1,1814.05,2024-06-03,Shipped
13529,1361,Laptop,4,618.38,2024-01-20,Pending
13530,1429,Keyboard,3,1013.63,2024-06-07,Cancelled
13531,1299,Keyboard,1,1393.08,2024-11-09,Pending
13532,1459,Mouse,3,473.8,2024-11-22,Shipped
13533,1059,Tablet,2,1341.69,2024-04-20,Completed
13534,1985,Mouse,3,137.3,2024-05-14,Shipped
13535,1371,Keyboard,1,1804.5,2024-02-23,Cancelled
13536,1646,Keyboard,3,354.77,2024-09-13,Shipped
13537,1634,Headphones,4,364.2,2024-09-22,Shipped
13538,1475,Headphones,2,317.78,2024-05-17,Cancelled
13539,1446,Tablet,1,1193.55,2024-11-08,Cancelled
13540,1891,Phone,3,1490.83,2024-12-29,Shipped
13541,1204,Tablet,4,1938.11,2024-06-10,Pending
13542,1118,Laptop,3,862.7,2024-07-26,Cancelled
13543,1598,Phone,3,83.75,2024-10-08,Cancelled
13544,1729,Monitor,1,320.41,2024-06-01,Completed
13545,1057,Headphones,2,1883.46,2024-09-05,Completed
13546,1774,Keyboard,4,1484.08,2024-10-05,Pending
13547,1479,Phone,2,1678.35,2024-10-09,Cancelled
13548,1378,Mouse,2,871.31,2024-01-08,Pending
13549,1039,Monitor,2,1108.38,2024-04-05,Pending
13550,1986,Monitor,4,667.82,2024-10-26,Completed
13551,1694,Tablet,4,1023.81,2024-10-09,Shipped
13552,1895,Laptop,2,1090.61,2024-12-07,Completed
13553,1062,Mouse,1,1602.57,2024-07-27,Shipped
13554,1004,Phone,3,790.08,2024-05-02,Completed
13555,1336,Monitor,3,1593.69,2024-11-07,Completed
13556,1198,Mouse,2,373.71,2024-09-18,Completed
13557,1732,Laptop,1,988.4,2024-08-14,Cancelled
13558,1172,Monitor,2,1371.69,2024-04-08,Cancelled
13559,1332,Keyboard,3,1763.65,2024-11-19,Pending
13560,1972,Tablet,3,53.63,2024-09-24,Shipped
13561,1760,Monitor,2,731.16,2024-10-23,Cancelled
13562,1219,Keyboard,4,154.87,2024-05-05,Completed
13563,1017,Mouse,4,1342.49,2024-12-28,Pending
13564,1027,Monitor,3,1907.65,2024-04-12,Completed
13565,1289,Keyboard,4,240.97,2024-08-27,Shipped
13566,1888,Phone,1,161.67,2024-05-18,Pending
13567,1026,Phone,3,571.31,2024-07-08,Completed
13568,1569,Laptop,2,1507.04,2024-03-09,Pending
13569,1515,Headphones,3,1940.69,2024-10-28,Shipped
13570,1874,Mouse,4,1831.68,2024-10-22,Pending
13571,1900,Laptop,1,1668.0,2024-11-05,Shipped
13572,1846,Keyboard,3,1038.39,2024-01-19,Cancelled
13573,1933,Laptop,4,733.55,2024-02-26,Completed
13574,1429,Keyboard,1,1295.5,2024-01-04,Shipped
13575,1470,Keyboard,4,1167.92,2024-07-18,Cancelled
13576,1771,Phone,1,1941.85,2024-07-18,Shipped
13577,1184,Tablet,1,1247.6,2024-11-04,Pending
13578,1502,Mouse,3,884.42,2024-11-25,Completed
13579,1971,Monitor,4,1225.43,2024-05-15,Completed
13580,1700,Phone,2,608.11,2024-07-21,Cancelled
13581,1518,Laptop,2,1958.49,2024-11-05,Shipped
13582,1655,Keyboard,3,725.25,2024-04-06,Cancelled
13583,1771,Phone,4,1184.64,2024-12-13,Cancelled
13584,1947,Headphones,2,1351.12,2024-10-13,Pending
13585,1089,Mouse,4,992.28,2024-11-08,Cancelled
13586,1848,Keyboard,2,1552.34,2024-09-29,Shipped
13587,1097,Tablet,1,392.46,2024-01-20,Cancelled
13588,1496,Keyboard,4,1716.79,2024-06-11,Pending
13589,1856,Laptop,1,953.56,2024-01-26,Pending
13590,1268,Mouse,4,647.89,2024-12-30,Shipped
13591,1079,Tablet,2,1253.81,2024-01-15,Pending
13592,1120,Tablet,4,970.34,2024-11-21,Cancelled
13593,1269,Mouse,4,311.41,2024-11-23,Shipped
13594,1921,Laptop,2,1798.49,2024-03-01,Shipped
13595,1557,Mouse,4,679.9,2024-07-17,Shipped
13596,1046,Phone,1,1191.77,2024-08-21,Shipped
13597,1811,Mouse,4,1162.51,2024-06-06,Pending
13598,1035,Tablet,3,575.64,2024-08-06,Pending
13599,1589,Keyboard,2,1586.38,2024-07-14,Cancelled
13600,1187,Monitor,4,1110.59,2024-03-30,Pending
13601,1151,Laptop,4,1070.54,2024-04-18,Completed
13602,1681,Laptop,1,87.82,2024-10-14,Completed
13603,1492,Phone,4,1056.13,2024-06-30,Pending
13604,1150,Phone,3,504.21,2024-04-14,Completed
13605,1145,Phone,2,729.3,2024-01-15,Shipped
13606,1502,Monitor,2,1178.33,2024-09-21,Shipped
13607,1483,Tablet,2,688.58,2024-08-07,Shipped
13608,1469,Tablet,1,279.16,2024-01-25,Shipped
13609,1047,Tablet,2,1564.54,2024-06-30,Cancelled
13610,1679,Laptop,2,1502.19,2024-09-08,Pending
13611,1683,Phone,1,367.31,2024-12-25,Shipped
13612,1415,Keyboard,1,528.52,2024-11-16,Pending
13613,1628,Laptop,2,1051.88,2024-09-03,Cancelled
13614,1091,Tablet,4,1803.42,2024-07-09,Cancelled
13615,1762,Monitor,1,465.75,2024-02-09,Pending
13616,1376,Laptop,1,1538.07,2024-10-08,Pending
13617,1590,Headphones,2,705.38,2024-08-07,Cancelled
13618,1870,Phone,1,672.11,2024-06-29,Completed
13619,1134,Headphones,2,937.67,2024-09-29,Completed
13620,1371,Keyboard,1,290.81,2024-11-30,Completed
13621,1624,Monitor,4,66.79,2024-12-31,Shipped
13622,1581,Monitor,2,850.16,2024-10-14,Pending
13623,1163,Mouse,4,1637.11,2024-05-21,Cancelled
13624,1249,Monitor,2,1461.86,2024-09-21,Cancelled
13625,1689,Keyboard,4,1718.9,2024-03-25,Cancelled
13626,1203,Tablet,3,225.13,2024-09-03,Completed
13627,1714,Laptop,4,1546.36,2024-12-16,Pending
13628,1209,Laptop,2,1418.6,2024-10-30,Cancelled
13629,1835,Keyboard,4,1647.92,2024-03-22,Completed
13630,1700,Phone,1,489.37,2024-02-19,Cancelled
13631,1120,Phone,3,844.66,2024-08-24,Cancelled
13632,1267,Laptop,1,1516.05,2024-11-18,Pending
13633,1766,Tablet,4,788.11,2024-03-12,Shipped
13634,1919,Monitor,1,705.33,2024-10-03,Shipped
13635,1472,Monitor,2,1240.53,2024-06-05,Completed
13636,1070,Mouse,1,821.38,2024-01-10,Completed
13637,1302,Phone,2,797.26,2024-07-04,Cancelled
13638,1468,Phone,3,1440.76,2024-04-17,Cancelled
13639,1021,Monitor,3,1169.75,2024-12-20,Pending
13640,1104,Headphones,1,1940.82,2024-08-13,Pending
13641,1910,Tablet,2,1549.45,2024-03-13,Shipped
13642,1593,Keyboard,1,196.41,2024-08-17,Completed
13643,1610,Tablet,4,681.82,2024-03-29,Completed
13644,1047,Laptop,1,1490.23,2024-08-10,Pending
13645,1293,Tablet,3,965.58,2024-09-19,Shipped
13646,1166,Laptop,2,1256.87,2024-05-06,Pending
13647,1620,Keyboard,3,315.65,2024-04-16,Pending
13648,1373,Keyboard,2,956.95,2024-07-25,Shipped
13649,1020,Phone,1,1058.08,2024-09-11,Shipped
13650,1686,Phone,1,1109.5,2024-10-12,Completed
13651,1948,Phone,1,974.05,2024-04-21,Pending
13652,1815,Phone,1,1588.13,2024-11-08,Completed
13653,1095,Laptop,4,1849.11,2024-01-07,Cancelled
13654,1493,Headphones,4,268.55,2024-04-21,Cancelled
13655,1618,Monitor,4,1851.54,2024-12-19,Cancelled
13656,1435,Tablet,1,1230.53,2024-08-16,Cancelled
13657,1281,Phone,4,1138.79,2024-11-18,Pending
13658,1541,Headphones,3,968.88,2024-12-26,Pending
13659,1773,Tablet,4,1015.26,2024-05-31,Completed
13660,1996,Laptop,4,1812.97,2024-11-07,Shipped
13661,1278,Headphones,2,1226.91,2024-07-12,Completed
13662,1537,Headphones,4,678.13,2024-07-13,Cancelled
13663,1495,Monitor,2,1300.49,2024-07-11,Shipped
13664,1402,Laptop,3,1708.84,2024-04-11,Pending
13665,1320,Laptop,2,1851.44,2024-03-10,Cancelled
13666,1440,Headphones,2,1439.44,2024-07-11,Shipped
13667,1556,Keyboard,1,1119.28,2024-11-07,Cancelled
13668,1415,Laptop,1,578.81,2024-11-01,Shipped
13669,1710,Laptop,3,1629.0,2024-12-05,Cancelled
13670,1578,Monitor,3,221.56,2024-09-17,Shipped
13671,1667,Tablet,3,1295.57,2024-02-06,Cancelled
13672,1868,Headphones,4,213.02,2024-08-27,Cancelled
13673,1847,Monitor,2,175.74,2024-06-23,Pending
13674,1714,Laptop,1,164.54,2024-09-09,Shipped
13675,1246,Phone,4,328.99,2024-07-24,Completed
13676,1026,Monitor,2,1972.89,2024-12-13,Cancelled
13677,1469,Monitor,2,1460.7,2024-03-12,Completed
13678,1985,Phone,3,988.43,2024-11-18,Pending
13679,1019,Headphones,2,1285.11,2024-08-24,Cancelled
13680,1284,Headphones,2,1213.34,2024-05-13,Shipped
13681,1835,Phone,1,1964.74,2024-08-05,Cancelled
13682,1357,Keyboard,1,1251.07,2024-04-26,Shipped
13683,1068,Mouse,3,505.07,2024-08-17,Cancelled
13684,1525,Tablet,2,413.93,2024-04-28,Cancelled
13685,1358,Mouse,1,1115.23,2024-09-05,Pending
13686,1978,Monitor,3,1342.59,2024-06-09,Cancelled
13687,1959,Laptop,3,601.12,2024-09-26,Cancelled
13688,1413,Monitor,3,309.24,2024-10-19,Completed
13689,1395,Phone,1,990.71,2024-09-07,Shipped
13690,1947,Tablet,1,61.34,2024-07-13,Cancelled
13691,1725,Phone,1,1127.82,2024-08-07,Completed
13692,1009,Mouse,3,1701.36,2024-09-18,Completed
13693,1629,Laptop,1,740.45,2024-11-20,Completed
13694,1502,Monitor,4,1658.42,2024-09-22,Pending
13695,1397,Phone,4,55.63,2024-05-02,Pending
13696,1996,Headphones,2,991.24,2024-12-02,Completed
13697,1685,Headphones,3,1797.41,2024-03-12,Cancelled
13698,1880,Tablet,1,1352.99,2024-07-12,Shipped
13699,1191,Laptop,1,1459.85,2024-11-28,Pending
13700,1150,Mouse,1,1797.85,2024-12-28,Shipped
13701,1252,Laptop,2,1207.96,2024-04-17,Pending
13702,1512,Tablet,2,1940.53,2024-10-12,Pending
13703,1255,Monitor,4,1161.39,2024-09-04,Completed
13704,1598,Phone,2,749.26,2024-10-21,Cancelled
13705,1225,Tablet,4,795.39,2024-04-23,Completed
13706,1654,Phone,4,632.87,2024-12-25,Completed
13707,1059,Keyboard,2,1531.61,2024-06-05,Cancelled
13708,1928,Keyboard,1,242.73,2024-02-28,Cancelled
13709,1809,Monitor,3,1047.64,2024-03-31,Cancelled
13710,1170,Phone,3,1999.45,2024-10-09,Shipped
13711,1390,Tablet,4,1881.14,2024-11-14,Pending
13712,1544,Laptop,3,623.42,2024-08-14,Completed
13713,1941,Keyboard,4,273.08,2024-12-18,Completed
13714,1556,Mouse,1,1545.76,2024-12-15,Shipped
13715,1084,Tablet,4,1311.03,2024-11-14,Shipped
13716,1443,Phone,2,1349.71,2024-07-29,Pending
13717,1175,Phone,4,1223.76,2024-12-09,Shipped
13718,1697,Phone,2,939.07,2024-06-28,Completed
13719,1944,Phone,4,434.47,2024-12-28,Completed
13720,1759,Mouse,2,644.13,2024-05-04,Shipped
13721,1793,Laptop,3,1199.72,2024-09-09,Shipped
13722,1886,Keyboard,4,557.38,2024-05-20,Shipped
13723,1956,Laptop,1,963.64,2024-08-12,Completed
13724,1134,Phone,1,1485.0,2024-12-02,Pending
13725,1552,Laptop,1,1505.59,2024-11-19,Completed
13726,1010,Mouse,4,1341.18,2024-03-04,Cancelled
13727,1726,Keyboard,1,811.99,2024-12-18,Cancelled
13728,1751,Tablet,1,1264.55,2024-05-18,Pending
13729,1550,Headphones,2,62.52,2024-07-10,Pending
13730,1216,Mouse,3,288.16,2024-11-18,Pending
13731,1911,Keyboard,1,257.91,2024-01-29,Pending
13732,1993,Mouse,4,1419.11,2024-06-18,Pending
13733,1820,Laptop,3,359.33,2024-08-12,Cancelled
13734,1454,Phone,1,154.1,2024-01-19,Shipped
13735,1887,Phone,4,359.66,2024-05-30,Completed
13736,1012,Phone,1,1939.32,2024-09-07,Pending
13737,1695,Keyboard,3,1420.13,2024-02-11,Cancelled
13738,1992,Tablet,1,860.12,2024-04-19,Pending
13739,1459,Tablet,1,873.6,2024-02-14,Shipped
13740,1967,Tablet,2,917.42,2024-11-25,Shipped
13741,1350,Phone,3,921.66,2024-09-11,Cancelled
13742,1987,Monitor,1,76.16,2024-05-16,Pending
13743,1669,Headphones,4,869.45,2024-12-16,Cancelled
13744,1819,Phone,1,1193.31,2024-01-11,Pending
13745,1406,Phone,3,79.55,2024-12-03,Shipped
13746,1054,Tablet,3,1538.41,2024-02-19,Pending
13747,1211,Keyboard,4,1429.54,2024-01-16,Cancelled
13748,1591,Monitor,2,1875.02,2024-01-09,Pending
13749,1407,Laptop,4,924.01,2024-06-07,Cancelled
13750,1200,Mouse,1,300.09,2024-11-20,Completed
13751,1992,Phone,2,562.15,2024-07-06,Cancelled
13752,1286,Mouse,3,786.55,2024-08-25,Pending
13753,1702,Mouse,1,996.65,2024-12-11,Completed
13754,1749,Mouse,4,981.08,2024-03-30,Pending
13755,1790,Phone,1,1922.12,2024-09-09,Shipped
13756,1064,Phone,4,402.98,2024-03-14,Shipped
13757,1290,Phone,1,944.51,2024-08-09,Cancelled
13758,1482,Monitor,4,310.02,2024-08-10,Pending
13759,1425,Phone,2,1223.03,2024-04-19,Completed
13760,1214,Monitor,3,1600.46,2024-10-18,Completed
13761,1736,Tablet,2,950.26,2024-11-15,Completed
13762,1207,Tablet,1,842.74,2024-08-11,Shipped
13763,1069,Phone,4,471.51,2024-02-24,Shipped
13764,1477,Headphones,2,567.06,2024-04-01,Shipped
13765,1798,Mouse,2,923.33,2024-05-20,Completed
13766,1044,Laptop,3,1323.23,2024-09-04,Cancelled
13767,1889,Keyboard,1,609.37,2024-09-12,Shipped
13768,1845,Phone,3,538.45,2024-03-02,Pending
13769,1871,Keyboard,2,1328.68,2024-03-03,Completed
13770,1695,Mouse,4,792.46,2024-12-06,Cancelled
13771,1970,Monitor,3,292.26,2024-03-07,Completed
13772,1649,Headphones,1,1638.63,2024-08-22,Cancelled
13773,1244,Mouse,2,1053.94,2024-10-05,Pending
13774,1563,Mouse,2,760.75,2024-10-21,Shipped
13775,1369,Keyboard,3,689.4,2024-04-29,Cancelled
13776,1914,Tablet,3,1114.61,2024-04-01,Cancelled
13777,1097,Headphones,1,811.59,2024-05-25,Shipped
13778,1565,Headphones,4,1101.17,2024-11-23,Pending
13779,1705,Phone,2,313.99,2024-02-13,Pending
13780,1235,Phone,4,175.12,2024-03-28,Completed
13781,1526,Monitor,4,1421.35,2024-12-28,Shipped
13782,1325,Keyboard,2,166.56,2024-07-05,Cancelled
13783,1005,Tablet,2,103.41,2024-03-30,Shipped
13784,1916,Phone,2,1908.02,2024-08-17,Completed
13785,1830,Phone,2,1355.71,2024-01-24,Pending
13786,1642,Keyboard,1,239.08,2024-12-10,Shipped
13787,1796,Keyboard,3,1000.34,2024-10-04,Completed
13788,1585,Keyboard,2,1318.33,2024-07-14,Completed
13789,1778,Keyboard,1,1545.34,2024-05-16,Completed
13790,1629,Tablet,2,1792.73,2024-11-02,Completed
13791,1534,Mouse,1,1383.04,2024-06-09,Completed
13792,1659,Monitor,4,1536.96,2024-03-31,Shipped
13793,1186,Laptop,3,1109.91,2024-04-27,Shipped
13794,1421,Headphones,2,376.25,2024-10-14,Shipped
13795,1761,Phone,2,1728.07,2024-12-27,Pending
13796,1207,Tablet,1,371.95,2024-12-26,Shipped
13797,1267,Mouse,1,837.02,2024-02-21,Cancelled
13798,1692,Phone,2,208.0,2024-01-30,Shipped
13799,1326,Monitor,1,1389.87,2024-01-04,Cancelled
13800,1605,Keyboard,2,799.2,2024-12-26,Completed
13801,1917,Mouse,4,487.12,2024-05-15,Completed
13802,1288,Keyboard,4,716.11,2024-11-01,Shipped
13803,1707,Headphones,3,969.16,2024-09-07,Cancelled
13804,1389,Keyboard,3,999.35,2024-01-03,Completed
13805,1416,Mouse,1,896.91,2024-06-24,Completed
13806,1236,Tablet,1,894.13,2024-01-09,Pending
13807,1795,Mouse,2,787.27,2024-08-28,Pending
13808,1872,Monitor,2,1951.67,2024-04-02,Cancelled
13809,1180,Tablet,3,340.22,2024-11-26,Shipped
13810,1112,Headphones,3,523.91,2024-11-13,Cancelled
13811,1667,Laptop,4,919.71,2024-09-25,Pending
13812,1372,Phone,1,568.71,2024-10-06,Pending
13813,1192,Laptop,4,1830.1,2024-02-26,Completed
13814,1980,Tablet,2,1237.15,2024-09-17,Shipped
13815,1789,Monitor,4,1595.15,2024-05-06,Cancelled
13816,1677,Tablet,1,241.16,2024-07-15,Completed
13817,1067,Headphones,4,168.22,2024-04-09,Cancelled
13818,1340,Monitor,2,626.73,2024-05-01,Completed
13819,1716,Monitor,2,1084.7,2024-02-10,Pending
13820,1820,Monitor,2,1452.77,2024-12-22,Pending
13821,1237,Monitor,1,753.42,2024-06-04,Completed
13822,1153,Keyboard,3,693.08,2024-11-25,Completed
13823,1752,Keyboard,3,439.83,2024-08-09,Pending
13824,1019,Monitor,4,831.01,2024-02-25,Completed
13825,1084,Laptop,1,149.6,2024-06-08,Pending
13826,1114,Laptop,2,1481.74,2024-10-25,Shipped
13827,1488,Phone,1,1383.92,2024-01-02,Shipped
13828,1001,Monitor,3,1572.85,2024-05-05,Pending
13829,1700,Monitor,4,1729.08,2024-05-04,Pending
13830,1695,Laptop,3,204.65,2024-05-17,Completed
13831,1443,Mouse,3,1277.18,2024-01-07,Shipped
13832,1974,Monitor,1,746.74,2024-12-10,Shipped
13833,1363,Laptop,3,786.0,2024-01-08,Pending
13834,1440,Tablet,1,907.01,2024-09-09,Shipped
13835,1744,Headphones,4,395.72,2024-10-19,Shipped
13836,1939,Phone,3,1498.18,2024-03-07,Completed
13837,1133,Monitor,1,1296.33,2024-05-18,Pending
13838,1386,Mouse,4,1090.38,2024-04-30,Pending
13839,1175,Phone,3,1432.03,2024-08-04,Completed
13840,1756,Phone,4,1969.97,2024-07-27,Cancelled
13841,1912,Laptop,4,214.2,2024-08-19,Shipped
13842,1154,Laptop,2,1044.09,2024-09-18,Pending
13843,1489,Phone,1,225.57,2024-03-26,Cancelled
13844,1670,Headphones,2,640.96,2024-10-14,Completed
13845,1078,Phone,3,1233.83,2024-11-15,Completed
13846,1833,Headphones,4,696.14,2024-08-25,Cancelled
13847,1975,Phone,1,1858.54,2024-05-18,Pending
13848,1854,Headphones,2,1867.12,2024-08-06,Pending
13849,1865,Laptop,1,1549.14,2024-08-31,Completed
13850,1194,Keyboard,2,1108.14,2024-09-06,Pending
13851,1349,Monitor,1,1664.46,2024-12-12,Shipped
13852,1056,Mouse,3,1992.09,2024-06-17,Pending
13853,1486,Keyboard,2,1487.77,2024-08-31,Shipped
13854,1491,Laptop,4,1636.42,2024-03-17,Pending
13855,1004,Tablet,4,1584.62,2024-02-25,Shipped
13856,1558,Headphones,1,1182.32,2024-06-21,Pending
13857,1764,Headphones,3,1835.34,2024-01-26,Shipped
13858,1646,Keyboard,1,1221.87,2024-01-14,Cancelled
13859,1980,Mouse,4,1558.31,2024-10-30,Shipped
13860,1198,Phone,3,1662.55,2024-01-16,Completed
13861,1813,Mouse,1,264.55,2024-05-08,Pending
13862,1501,Monitor,3,362.58,2024-06-15,Pending
13863,1836,Monitor,1,799.64,2024-01-11,Cancelled
13864,1166,Phone,1,1786.83,2024-02-05,Cancelled
13865,1279,Monitor,1,412.12,2024-09-06,Pending
13866,1723,Keyboard,4,773.27,2024-03-29,Cancelled
13867,1567,Phone,4,1074.96,2024-06-14,Shipped
13868,1793,Mouse,4,1049.91,2024-06-01,Completed
13869,1764,Headphones,4,902.72,2024-08-24,Shipped
13870,1187,Phone,3,1485.34,2024-07-28,Shipped
13871,1933,Laptop,1,1933.65,2024-07-03,Cancelled
13872,1025,Phone,4,1929.3,2024-05-14,Cancelled
13873,1868,Phone,1,1828.02,2024-11-24,Cancelled
13874,1958,Headphones,4,1697.98,2024-12-21,Cancelled
13875,1674,Keyboard,1,1991.0,2024-06-24,Cancelled
13876,1311,Keyboard,4,1719.5,2024-11-15,Shipped
13877,1748,Laptop,3,1750.95,2024-03-26,Pending
13878,1327,Tablet,2,1936.93,2024-01-22,Completed
13879,1495,Headphones,1,1532.39,2024-06-06,Shipped
13880,1158,Laptop,3,389.98,2024-05-03,Cancelled
13881,1016,Headphones,1,1189.44,2024-07-15,Pending
13882,1592,Phone,1,599.51,2024-02-01,Cancelled
13883,1529,Mouse,4,424.17,2024-09-04,Shipped
13884,1457,Mouse,3,935.89,2024-08-16,Cancelled
13885,1504,Mouse,1,1254.87,2024-06-01,Pending
13886,1268,Keyboard,1,988.62,2024-12-09,Cancelled
13887,1873,Monitor,2,71.67,2024-01-24,Cancelled
13888,1380,Phone,1,1215.72,2024-08-30,Pending
13889,1111,Monitor,4,1803.72,2024-12-04,Cancelled
13890,1110,Phone,2,1937.97,2024-11-22,Completed
13891,1449,Monitor,2,311.04,2024-03-06,Completed
13892,1874,Tablet,4,1387.8,2024-07-20,Cancelled
13893,1466,Tablet,1,1074.48,2024-10-14,Completed
13894,1439,Laptop,1,625.0,2024-02-21,Cancelled
13895,1770,Headphones,4,328.64,2024-09-29,Completed
13896,1269,Laptop,3,367.68,2024-02-02,Pending
13897,1659,Keyboard,4,1482.04,2024-11-24,Completed
13898,1559,Monitor,4,918.49,2024-10-25,Cancelled
13899,1420,Keyboard,1,1977.07,2024-05-08,Shipped
13900,1193,Mouse,4,1510.12,2024-09-26,Cancelled
13901,1836,Tablet,4,1707.02,2024-03-23,Pending
13902,1643,Keyboard,2,663.07,2024-02-24,Pending
13903,1572,Tablet,1,970.47,2024-07-09,Cancelled
13904,1743,Phone,4,708.55,2024-08-22,Completed
13905,1613,Headphones,2,1422.46,2024-10-16,Cancelled
13906,1211,Headphones,3,1543.13,2024-11-22,Cancelled
13907,1416,Monitor,1,1654.53,2024-01-23,Cancelled
13908,1943,Phone,3,826.39,2024-12-05,Shipped
13909,1909,Headphones,1,908.83,2024-01-12,Completed
13910,1197,Phone,4,1689.05,2024-10-24,Completed
13911,1541,Headphones,1,666.7,2024-12-10,Cancelled
13912,1874,Phone,4,680.8,2024-01-31,Cancelled
13913,1543,Phone,4,1971.55,2024-03-13,Shipped
13914,1273,Headphones,1,839.49,2024-04-10,Pending
13915,1424,Monitor,2,1142.12,2024-06-27,Pending
13916,1130,Headphones,1,1001.36,2024-08-13,Cancelled
13917,1865,Phone,2,1252.45,2024-02-06,Completed
13918,1956,Monitor,2,1975.57,2024-05-14,Completed
13919,1983,Monitor,3,72.71,2024-11-02,Pending
13920,1868,Mouse,1,1860.53,2024-09-13,Shipped
13921,1432,Keyboard,1,822.86,2024-05-29,Completed
13922,1882,Keyboard,2,357.17,2024-07-18,Pending
13923,1855,Phone,1,823.9,2024-04-30,Completed
13924,1387,Headphones,2,1290.47,2024-03-14,Pending
13925,1413,Tablet,2,145.61,2024-10-01,Pending
13926,1618,Tablet,3,1351.51,2024-11-26,Pending
13927,1515,Headphones,1,89.16,2024-07-02,Shipped
13928,1070,Tablet,3,502.8,2024-07-29,Shipped
13929,1145,Phone,1,589.63,2024-06-09,Completed
13930,1803,Laptop,1,844.87,2024-04-16,Cancelled
13931,1624,Laptop,3,1293.55,2024-10-19,Pending
13932,1213,Laptop,3,1148.86,2024-10-02,Pending
13933,1565,Mouse,1,543.25,2024-03-26,Completed
13934,1608,Phone,4,1238.32,2024-07-29,Cancelled
13935,1663,Keyboard,4,185.06,2024-04-12,Completed
13936,1323,Keyboard,2,262.89,2024-01-21,Cancelled
13937,1300,Tablet,3,1721.0,2024-05-27,Cancelled
13938,1713,Tablet,4,116.84,2024-07-05,Cancelled
13939,1750,Laptop,2,1673.55,2024-07-11,Pending
13940,1782,Tablet,1,1286.86,2024-12-07,Cancelled
13941,1205,Tablet,2,1902.24,2024-12-14,Cancelled
13942,1651,Phone,2,1665.24,2024-11-27,Shipped
13943,1675,Monitor,2,1027.11,2024-12-13,Shipped
13944,1669,Laptop,4,722.42,2024-12-26,Completed
13945,1671,Tablet,2,371.41,2024-04-15,Pending
13946,1107,Phone,4,1221.26,2024-09-03,Completed
13947,1407,Laptop,2,1363.65,2024-03-18,Cancelled
13948,1143,Headphones,1,1071.18,2024-08-30,Pending
13949,1562,Phone,1,423.73,2024-12-19,Completed
13950,1995,Phone,1,476.03,2024-02-08,Cancelled
13951,1725,Mouse,4,1242.28,2024-03-21,Pending
13952,1339,Phone,3,1088.28,2024-10-23,Cancelled
13953,1708,Keyboard,1,1078.43,2024-04-10,Completed
13954,1029,Headphones,3,937.56,2024-11-18,Completed
13955,1778,Mouse,4,321.74,2024-03-08,Completed
13956,1486,Headphones,2,1198.08,2024-01-27,Pending
13957,1230,Laptop,1,1830.65,2024-10-25,Pending
13958,1331,Phone,4,447.33,2024-02-10,Completed
13959,1556,Tablet,2,881.93,2024-04-27,Shipped
13960,1528,Laptop,3,1152.89,2024-06-05,Completed
13961,1934,Monitor,4,148.76,2024-12-24,Completed
13962,1690,Keyboard,4,1699.24,2024-10-24,Shipped
13963,1688,Mouse,1,208.73,2024-08-03,Pending
13964,1025,Headphones,1,893.64,2024-10-12,Completed
13965,1769,Headphones,2,96.85,2024-03-29,Pending
13966,1094,Laptop,1,314.91,2024-01-31,Completed
13967,1067,Tablet,1,1453.24,2024-07-13,Cancelled
13968,1448,Laptop,1,505.57,2024-01-01,Completed
13969,1326,Monitor,2,1849.35,2024-09-08,Completed
13970,1374,Tablet,1,1327.72,2024-05-30,Shipped
13971,1267,Laptop,3,721.31,2024-01-22,Pending
13972,1020,Tablet,1,857.26,2024-08-13,Pending
13973,1443,Phone,2,873.36,2024-12-30,Cancelled
13974,1161,Laptop,1,875.05,2024-03-31,Cancelled
13975,1459,Phone,1,950.64,2024-07-16,Shipped
13976,1571,Keyboard,3,550.37,2024-11-22,Completed
13977,1091,Phone,4,1640.51,2024-02-09,Shipped
13978,1536,Headphones,3,1080.14,2024-02-17,Completed
13979,1411,Keyboard,2,1668.33,2024-02-18,Cancelled
13980,1404,Mouse,3,1140.79,2024-07-19,Shipped
13981,1553,Keyboard,1,1387.66,2024-05-31,Shipped
13982,1311,Laptop,4,52.81,2024-11-24,Shipped
13983,1105,Monitor,2,1586.19,2024-05-27,Shipped
13984,1559,Headphones,2,102.72,2024-03-28,Cancelled
13985,1518,Tablet,4,566.44,2024-12-17,Completed
13986,1072,Keyboard,2,168.08,2024-05-20,Pending
13987,1204,Phone,3,1240.77,2024-05-06,Cancelled
13988,1235,Laptop,3,1761.82,2024-01-02,Shipped
13989,1019,Headphones,3,1266.84,2024-10-08,Completed
13990,1321,Mouse,2,1534.72,2024-02-09,Shipped
13991,1773,Mouse,1,1155.79,2024-12-26,Pending
13992,1466,Tablet,2,546.85,2024-03-30,Completed
13993,1129,Laptop,2,106.79,2024-01-25,Completed
13994,1130,Phone,1,912.21,2024-12-17,Cancelled
13995,1296,Laptop,2,1537.33,2024-06-13,Completed
13996,1798,Phone,3,152.16,2024-02-14,Shipped
13997,1535,Phone,2,1213.66,2024-12-07,Pending
13998,1435,Headphones,2,427.99,2024-06-17,Completed
13999,1022,Tablet,1,285.08,2024-11-19,Completed
14000,1559,Mouse,3,722.06,2024-03-10,Shipped
14001,1768,Headphones,4,404.45,2024-02-23,Shipped
14002,1019,Phone,4,1802.45,2024-01-31,Completed
14003,1323,Mouse,2,1689.92,2024-04-22,Cancelled
14004,1776,Phone,2,689.49,2024-08-13,Shipped
14005,1261,Laptop,4,1270.39,2024-09-03,Completed
14006,1941,Laptop,2,680.48,2024-12-24,Shipped
14007,1070,Phone,2,457.89,2024-08-14,Cancelled
14008,1208,Tablet,4,312.06,2024-06-02,Cancelled
14009,1669,Tablet,3,1534.23,2024-08-02,Pending
14010,1684,Headphones,2,1494.07,2024-06-19,Completed
14011,1807,Phone,1,1041.12,2024-03-13,Shipped
14012,1137,Phone,3,1877.38,2024-10-17,Cancelled
14013,1852,Keyboard,3,792.11,2024-07-16,Completed
14014,1149,Mouse,1,818.49,2024-05-01,Shipped
14015,1317,Mouse,2,377.09,2024-06-17,Shipped
14016,1033,Monitor,4,1123.61,2024-03-24,Completed
14017,1016,Laptop,3,331.41,2024-11-27,Pending
14018,1832,Tablet,1,1301.91,2024-06-02,Shipped
14019,1281,Keyboard,4,1238.27,2024-12-15,Shipped
14020,1317,Monitor,3,163.98,2024-02-01,Cancelled
14021,1886,Mouse,4,1268.55,2024-11-04,Cancelled
14022,1810,Headphones,4,142.6,2024-11-07,Shipped
14023,1965,Headphones,1,1177.92,2024-12-03,Shipped
14024,1146,Headphones,3,478.0,2024-11-02,Completed
14025,1130,Mouse,2,1516.26,2024-04-19,Cancelled
14026,1658,Laptop,1,1035.39,2024-06-22,Pending
14027,1656,Mouse,4,1922.25,2024-01-11,Cancelled
14028,1325,Headphones,2,184.46,2024-03-08,Completed
14029,1080,Phone,1,1078.91,2024-02-12,Pending
14030,1866,Mouse,3,1790.22,2024-09-17,Cancelled
14031,1744,Monitor,1,1408.31,2024-12-13,Completed
14032,1274,Monitor,4,105.22,2024-06-05,Completed
14033,1808,Mouse,1,1644.03,2024-09-05,Completed
14034,1564,Mouse,3,1864.5,2024-12-31,Pending
14035,1991,Tablet,4,350.55,2024-07-30,Shipped
14036,1336,Phone,3,781.92,2024-12-24,Completed
14037,1178,Laptop,1,733.01,2024-02-11,Pending
14038,1815,Keyboard,3,1001.55,2024-05-15,Completed
14039,1293,Laptop,2,1178.24,2024-03-15,Shipped
14040,1350,Mouse,4,949.6,2024-11-24,Completed
14041,1314,Keyboard,2,904.79,2024-09-09,Shipped
14042,1058,Laptop,2,1784.82,2024-02-07,Pending
14043,1307,Laptop,1,439.56,2024-03-04,Completed
14044,1637,Headphones,1,1796.41,2024-12-18,Shipped
14045,1885,Laptop,4,153.07,2024-03-18,Pending
14046,1561,Headphones,3,268.56,2024-09-25,Shipped
14047,1889,Phone,4,1395.96,2024-02-17,Pending
14048,1594,Phone,3,416.58,2024-11-08,Shipped
14049,1614,Headphones,4,879.56,2024-06-01,Pending
14050,1136,Monitor,2,1677.59,2024-06-22,Pending
14051,1844,Laptop,1,1233.78,2024-07-03,Shipped
14052,1279,Tablet,3,1495.28,2024-08-24,Shipped
14053,1972,Keyboard,4,1405.33,2024-01-08,Completed
14054,1025,Tablet,4,841.85,2024-01-22,Cancelled
14055,1268,Keyboard,1,758.01,2024-03-31,Completed
14056,1544,Phone,1,656.32,2024-09-06,Shipped
14057,1450,Phone,3,257.15,2024-07-22,Pending
14058,1114,Keyboard,4,211.81,2024-01-27,Cancelled
14059,1726,Monitor,1,257.37,2024-10-29,Shipped
14060,1754,Headphones,2,1691.8,2024-03-21,Shipped
14061,1155,Phone,3,974.81,2024-04-30,Pending
14062,1849,Tablet,4,649.47,2024-04-28,Cancelled
14063,1332,Phone,2,790.59,2024-03-27,Pending
14064,1318,Keyboard,4,1640.28,2024-10-02,Shipped
14065,1662,Phone,4,1513.94,2024-09-11,Pending
14066,1019,Keyboard,3,752.86,2024-05-18,Pending
14067,1033,Keyboard,4,384.98,2024-01-01,Completed
14068,1682,Headphones,1,282.89,2024-09-26,Pending
14069,1769,Headphones,4,1622.0,2024-10-12,Pending
14070,1757,Laptop,1,1172.58,2024-06-02,Completed
14071,1817,Headphones,2,1789.2,2024-07-06,Pending
14072,1542,Laptop,1,447.51,2024-09-02,Cancelled
14073,1192,Laptop,2,1632.16,2024-03-04,Shipped
14074,1676,Keyboard,3,525.31,2024-06-14,Shipped
14075,1860,Phone,2,951.11,2024-10-08,Cancelled
14076,1480,Mouse,2,1788.47,2024-05-21,Completed
14077,1479,Mouse,3,1882.81,2024-07-17,Shipped
14078,1008,Tablet,4,121.5,2024-04-20,Pending
14079,1598,Mouse,2,1332.46,2024-10-11,Completed
14080,1591,Monitor,2,1130.96,2024-09-13,Cancelled
14081,1009,Mouse,2,709.33,2024-06-25,Completed
14082,1415,Tablet,4,1805.19,2024-02-10,Shipped
14083,1530,Keyboard,2,896.58,2024-08-23,Shipped
14084,1524,Phone,3,698.95,2024-10-16,Shipped
14085,1461,Mouse,1,904.38,2024-08-27,Completed
14086,1083,Phone,2,1232.02,2024-08-23,Completed
14087,1727,Monitor,1,1411.76,2024-10-19,Cancelled
14088,1099,Mouse,4,487.49,2024-11-03,Cancelled
14089,1212,Monitor,3,1474.92,2024-10-18,Cancelled
14090,1326,Keyboard,2,1294.16,2024-05-09,Pending
14091,1153,Mouse,3,1356.79,2024-10-13,Shipped
14092,1374,Keyboard,1,1108.31,2024-04-08,Shipped
14093,1171,Headphones,2,341.18,2024-10-11,Completed
14094,1503,Phone,1,149.94,2024-11-27,Shipped
14095,1172,Mouse,4,1361.29,2024-02-13,Pending
14096,1859,Laptop,3,878.29,2024-04-02,Completed
14097,1642,Keyboard,2,240.2,2024-09-12,Shipped
14098,1974,Mouse,4,1766.44,2024-06-27,Shipped
14099,1817,Laptop,2,1566.1,2024-05-27,Cancelled
14100,1494,Tablet,1,1676.24,2024-05-25,Pending
14101,1083,Monitor,3,834.6,2024-11-06,Shipped
14102,1907,Phone,1,134.28,2024-01-11,Cancelled
14103,1921,Phone,2,1607.75,2024-01-27,Completed
14104,1272,Mouse,3,915.96,2024-10-14,Shipped
14105,1023,Mouse,3,1599.07,2024-04-07,Shipped
14106,1240,Tablet,4,1829.67,2024-04-06,Pending
14107,1234,Phone,1,957.41,2024-03-21,Shipped
14108,1029,Monitor,3,162.16,2024-10-01,Shipped
14109,1621,Mouse,1,703.17,2024-07-19,Shipped
14110,1766,Mouse,3,1088.88,2024-09-20,Completed
14111,1311,Keyboard,1,555.06,2024-05-25,Shipped
14112,1584,Laptop,4,148.71,2024-11-03,Pending
14113,1059,Tablet,3,1870.25,2024-03-15,Cancelled
14114,1966,Monitor,1,1034.2,2024-05-25,Shipped
14115,1659,Keyboard,4,1962.67,2024-10-16,Shipped
14116,1156,Laptop,3,908.43,2024-11-25,Cancelled
14117,1686,Monitor,1,1225.83,2024-04-21,Completed
14118,1232,Tablet,4,1646.81,2024-01-29,Shipped
14119,1112,Monitor,2,1306.78,2024-04-06,Shipped
14120,1118,Phone,4,1355.96,2024-04-11,Shipped
14121,1836,Monitor,2,238.92,2024-12-02,Shipped
14122,1364,Laptop,2,665.47,2024-08-15,Pending
14123,1702,Phone,1,568.55,2024-08-01,Shipped
14124,1225,Tablet,4,1889.42,2024-12-03,Completed
14125,1946,Mouse,3,95.48,2024-03-10,Cancelled
14126,1606,Laptop,3,1459.03,2024-11-15,Cancelled
14127,1040,Tablet,2,1229.57,2024-04-19,Completed
14128,1059,Keyboard,4,1068.64,2024-10-27,Cancelled
14129,1717,Keyboard,4,1037.45,2024-05-25,Pending
14130,1556,Tablet,3,1532.79,2024-01-05,Pending
14131,1153,Phone,2,290.62,2024-03-01,Pending
14132,1690,Mouse,1,1111.28,2024-11-11,Pending
14133,1384,Mouse,2,1617.07,2024-04-16,Completed
14134,1719,Monitor,4,1629.22,2024-10-31,Cancelled
14135,1355,Monitor,1,832.96,2024-01-10,Pending
14136,1596,Tablet,4,277.29,2024-01-12,Cancelled
14137,1759,Tablet,2,1683.82,2024-07-16,Shipped
14138,1992,Monitor,2,1401.28,2024-10-31,Pending
14139,1709,Headphones,3,1819.02,2024-06-05,Cancelled
14140,1333,Monitor,4,829.77,2024-11-03,Pending
14141,1330,Laptop,3,1267.49,2024-08-14,Cancelled
14142,1790,Tablet,4,53.38,2024-05-05,Pending
14143,1040,Headphones,1,973.37,2024-01-25,Shipped
14144,1420,Mouse,2,871.46,2024-04-21,Shipped
14145,1657,Mouse,4,249.18,2024-06-08,Shipped
14146,1042,Phone,4,1965.5,2024-11-25,Pending
14147,1361,Headphones,1,1252.65,2024-05-16,Cancelled
14148,1525,Keyboard,3,1099.73,2024-01-04,Cancelled
14149,1314,Phone,3,1860.65,2024-12-10,Completed
14150,1472,Mouse,3,997.81,2024-12-15,Pending
14151,1436,Monitor,2,1252.26,2024-11-24,Shipped
14152,1493,Laptop,3,202.12,2024-11-20,Completed
14153,1476,Phone,4,169.4,2024-10-22,Cancelled
14154,1630,Laptop,1,459.24,2024-11-17,Cancelled
14155,1271,Mouse,1,1561.84,2024-08-16,Shipped
14156,1167,Mouse,3,556.91,2024-10-19,Cancelled
14157,1973,Monitor,2,873.32,2024-07-17,Pending
14158,1401,Monitor,4,854.61,2024-05-27,Cancelled
14159,1921,Headphones,1,565.63,2024-10-06,Completed
14160,1285,Keyboard,3,547.69,2024-02-09,Shipped
14161,1512,Tablet,2,1425.02,2024-01-01,Completed
14162,1371,Laptop,2,543.05,2024-02-18,Completed
14163,1908,Phone,4,881.31,2024-03-22,Completed
14164,1353,Mouse,2,1682.92,2024-12-20,Cancelled
14165,1460,Laptop,3,1636.44,2024-04-01,Pending
14166,1383,Monitor,1,63.75,2024-10-09,Pending
14167,1684,Keyboard,4,1764.43,2024-12-29,Completed
14168,1976,Phone,4,1714.63,2024-05-23,Shipped
14169,1584,Keyboard,2,651.01,2024-05-11,Pending
14170,1811,Headphones,1,253.61,2024-10-07,Completed
14171,1036,Laptop,3,194.06,2024-01-11,Shipped
14172,1582,Keyboard,4,448.29,2024-05-17,Pending
14173,1720,Monitor,4,639.76,2024-01-08,Completed
14174,1155,Mouse,3,504.6,2024-08-16,Cancelled
14175,1239,Phone,1,943.96,2024-09-29,Shipped
14176,1362,Monitor,1,1769.22,2024-02-20,Completed
14177,1937,Headphones,1,1084.92,2024-10-28,Completed
14178,1611,Phone,1,1177.06,2024-02-01,Pending
14179,1599,Laptop,3,736.46,2024-09-14,Pending
14180,1385,Mouse,3,672.45,2024-01-26,Cancelled
14181,1155,Keyboard,2,832.45,2024-11-08,Pending
14182,1088,Phone,2,1954.42,2024-10-29,Shipped
14183,1446,Keyboard,4,1353.83,2024-02-12,Cancelled
14184,1056,Headphones,4,820.82,2024-04-22,Cancelled
14185,1075,Tablet,4,106.46,2024-09-08,Shipped
14186,1966,Monitor,4,398.85,2024-04-16,Completed
14187,1217,Laptop,2,573.66,2024-05-05,Completed
14188,1761,Mouse,1,223.3,2024-08-25,Shipped
14189,1901,Monitor,1,1224.16,2024-10-19,Cancelled
14190,1220,Tablet,3,1650.42,2024-07-20,Shipped
14191,1709,Keyboard,4,1305.11,2024-06-12,Cancelled
14192,1846,Keyboard,2,1936.87,2024-07-23,Shipped
14193,1139,Laptop,4,1139.28,2024-11-28,Completed
14194,1712,Keyboard,1,1338.81,2024-03-02,Completed
14195,1959,Tablet,4,1656.1,2024-03-08,Cancelled
14196,1956,Tablet,4,408.74,2024-11-18,Cancelled
14197,1976,Headphones,2,832.78,2024-11-25,Completed
14198,1459,Headphones,4,1602.2,2024-06-24,Shipped
14199,1612,Laptop,4,1113.6,2024-06-02,Completed
14200,1433,Keyboard,2,109.4,2024-05-15,Cancelled
14201,1129,Phone,4,1355.43,2024-11-15,Completed
14202,1322,Laptop,2,772.68,2024-10-09,Completed
14203,1426,Monitor,2,474.39,2024-04-14,Completed
14204,1826,Phone,1,412.17,2024-11-23,Shipped
14205,1262,Mouse,3,483.6,2024-08-05,Pending
14206,1159,Phone,1,657.83,2024-01-04,Completed
14207,1203,Phone,2,67.87,2024-02-26,Cancelled
14208,1026,Monitor,3,630.23,2024-03-31,Pending
14209,1366,Mouse,1,1126.89,2024-11-05,Completed
14210,1529,Laptop,1,646.73,2024-01-19,Completed
14211,1885,Laptop,4,332.27,2024-12-03,Pending
14212,1374,Monitor,3,1812.04,2024-08-11,Completed
14213,1266,Tablet,1,877.8,2024-01-27,Shipped
14214,1129,Laptop,1,1630.4,2024-11-19,Pending
14215,1390,Mouse,2,1874.23,2024-06-27,Shipped
14216,1670,Mouse,4,116.66,2024-12-02,Completed
14217,1703,Tablet,3,1044.6,2024-09-24,Cancelled
14218,1824,Laptop,4,172.18,2024-01-20,Shipped
14219,1423,Headphones,4,1672.17,2024-01-12,Completed
14220,1886,Mouse,2,1383.43,2024-12-28,Pending
14221,1044,Headphones,3,454.36,2024-05-16,Completed
14222,1461,Laptop,1,922.56,2024-08-29,Pending
14223,1032,Headphones,3,1359.27,2024-09-02,Shipped
14224,1435,Phone,4,265.51,2024-01-08,Cancelled
14225,1768,Laptop,4,653.75,2024-11-04,Shipped
14226,1455,Tablet,4,1839.07,2024-12-20,Shipped
14227,1252,Keyboard,4,1240.34,2024-09-09,Completed
14228,1336,Phone,4,1228.02,2024-10-19,Shipped
14229,1963,Monitor,1,1603.97,2024-03-25,Pending
14230,1870,Laptop,1,1651.86,2024-04-09,Pending
14231,1225,Headphones,1,1078.97,2024-05-26,Completed
14232,1936,Keyboard,2,104.93,2024-08-26,Shipped
14233,1720,Tablet,3,1088.0,2024-12-29,Completed
14234,1172,Monitor,2,1184.92,2024-02-13,Completed
14235,1033,Keyboard,4,1354.46,2024-09-11,Shipped
14236,1608,Headphones,1,433.67,2024-10-08,Shipped
14237,1761,Laptop,2,732.07,2024-07-17,Pending
14238,1021,Monitor,4,988.67,2024-05-26,Pending
14239,1564,Tablet,3,596.42,2024-12-03,Cancelled
14240,1388,Phone,4,715.57,2024-03-30,Cancelled
14241,1593,Tablet,1,743.1,2024-05-06,Cancelled
14242,1728,Monitor,3,719.34,2024-06-27,Completed
14243,1317,Phone,4,1599.97,2024-08-23,Shipped
14244,1944,Headphones,2,1422.84,2024-10-10,Shipped
14245,1777,Headphones,3,53.11,2024-10-19,Pending
14246,1339,Keyboard,4,51.1,2024-04-07,Shipped
14247,1316,Phone,4,1864.2,2024-03-08,Completed
14248,1407,Laptop,1,1147.88,2024-03-22,Shipped
14249,1002,Mouse,3,320.25,2024-08-23,Completed
14250,1159,Laptop,4,735.67,2024-01-26,Pending
14251,1723,Monitor,4,223.1,2024-05-05,Completed
14252,1750,Monitor,3,1026.46,2024-03-05,Pending
14253,1086,Mouse,1,397.43,2024-07-18,Completed
14254,1662,Monitor,3,1207.74,2024-07-13,Pending
14255,1273,Headphones,1,1032.81,2024-05-08,Cancelled
14256,1048,Tablet,4,1815.71,2024-10-26,Pending
14257,1400,Headphones,1,170.16,2024-08-13,Completed
14258,1603,Laptop,3,520.52,2024-10-28,Cancelled
14259,1914,Headphones,4,54.25,2024-11-09,Completed
14260,1898,Tablet,3,1898.1,2024-01-24,Shipped
14261,1726,Keyboard,4,373.07,2024-09-06,Cancelled
14262,1225,Monitor,2,1199.14,2024-01-09,Pending
14263,1106,Mouse,3,1565.27,2024-10-19,Completed
14264,1697,Laptop,4,165.36,2024-09-20,Cancelled
14265,1316,Keyboard,3,399.7,2024-03-14,Pending
14266,1442,Headphones,2,801.14,2024-11-29,Pending
14267,1370,Headphones,2,418.91,2024-04-30,Completed
14268,1852,Headphones,1,1510.54,2024-06-24,Shipped
14269,1758,Laptop,1,1550.89,2024-12-10,Pending
14270,1234,Phone,3,1318.99,2024-11-17,Cancelled
14271,1784,Mouse,1,459.07,2024-05-15,Pending
14272,1573,Headphones,3,438.34,2024-03-22,Cancelled
14273,1313,Laptop,2,1287.22,2024-03-27,Cancelled
14274,1306,Mouse,2,1479.05,2024-12-02,Pending
14275,1545,Mouse,2,1789.14,2024-05-22,Cancelled
14276,1046,Keyboard,2,1740.86,2024-11-01,Shipped
14277,1239,Headphones,3,1286.34,2024-09-29,Pending
14278,1516,Tablet,1,454.88,2024-12-02,Pending
14279,1693,Headphones,2,363.8,2024-01-14,Completed
14280,1149,Laptop,4,1372.44,2024-08-12,Pending
14281,1851,Phone,4,714.76,2024-10-24,Pending
14282,1554,Tablet,2,636.57,2024-01-17,Pending
14283,1506,Mouse,2,1703.25,2024-04-23,Cancelled
14284,1024,Monitor,4,1059.42,2024-01-26,Cancelled
14285,1393,Headphones,3,83.98,2024-05-17,Pending
14286,1208,Mouse,2,208.74,2024-03-14,Pending
14287,1369,Monitor,2,1960.58,2024-10-19,Completed
14288,1249,Headphones,4,1069.14,2024-02-24,Shipped
14289,1685,Monitor,4,1895.18,2024-09-06,Shipped
14290,1059,Headphones,4,908.7,2024-12-13,Completed
14291,1319,Laptop,2,966.5,2024-02-29,Pending
14292,1563,Keyboard,1,1743.14,2024-02-03,Cancelled
14293,1091,Laptop,1,1090.86,2024-11-06,Shipped
14294,1467,Monitor,4,707.85,2024-04-19,Pending
14295,1998,Headphones,3,1164.43,2024-05-28,Completed
14296,1012,Phone,2,558.26,2024-09-23,Completed
14297,1208,Headphones,4,1099.49,2024-01-15,Shipped
14298,1697,Headphones,4,1010.69,2024-10-19,Completed
14299,1654,Keyboard,3,1226.02,2024-03-03,Cancelled
14300,1599,Monitor,1,1370.9,2024-06-15,Completed
14301,1697,Tablet,2,1460.73,2024-08-12,Shipped
14302,1522,Phone,3,845.47,2024-01-29,Pending
14303,1547,Tablet,1,183.01,2024-12-13,Shipped
14304,1889,Tablet,4,1114.03,2024-11-15,Cancelled
14305,1868,Keyboard,2,1821.26,2024-07-01,Cancelled
14306,1767,Mouse,3,1025.6,2024-03-05,Cancelled
14307,1456,Keyboard,3,492.72,2024-01-07,Pending
14308,1647,Mouse,3,325.31,2024-05-09,Completed
14309,1952,Tablet,2,1104.15,2024-08-28,Cancelled
14310,1750,Tablet,3,1888.13,2024-10-24,Pending
14311,1721,Phone,2,648.7,2024-02-04,Shipped
14312,1223,Laptop,3,85.85,2024-10-25,Pending
14313,1204,Mouse,3,1002.32,2024-03-12,Completed
14314,1112,Headphones,3,1768.89,2024-05-05,Shipped
14315,1517,Headphones,4,267.49,2024-11-01,Pending
14316,1387,Monitor,3,1553.7,2024-09-23,Shipped
14317,1952,Laptop,1,1938.87,2024-05-15,Shipped
14318,1054,Mouse,2,775.98,2024-03-25,Cancelled
14319,1709,Laptop,2,1498.09,2024-03-04,Completed
14320,1892,Keyboard,1,1791.78,2024-12-01,Completed
14321,1530,Tablet,4,1745.21,2024-11-12,Cancelled
14322,1128,Headphones,2,1326.9,2024-07-24,Cancelled
14323,1153,Monitor,2,902.32,2024-03-19,Completed
14324,1041,Laptop,3,976.19,2024-02-25,Cancelled
14325,1726,Keyboard,4,671.0,2024-09-28,Completed
14326,1868,Headphones,4,1802.21,2024-07-20,Cancelled
14327,1413,Mouse,1,1572.05,2024-01-23,Completed
14328,1838,Headphones,2,1120.32,2024-03-08,Cancelled
14329,1054,Laptop,1,676.93,2024-12-26,Cancelled
14330,1707,Headphones,1,1077.16,2024-09-26,Shipped
14331,1507,Keyboard,3,116.32,2024-11-04,Completed
14332,1457,Laptop,3,1429.88,2024-04-18,Shipped
14333,1677,Headphones,4,93.06,2024-11-17,Pending
14334,1044,Mouse,1,1199.15,2024-08-16,Cancelled
14335,1997,Monitor,3,1947.5,2024-08-12,Shipped
14336,1263,Headphones,2,964.47,2024-07-14,Shipped
14337,1654,Monitor,3,672.49,2024-02-03,Completed
14338,1891,Phone,4,1031.41,2024-03-08,Completed
14339,1325,Monitor,1,234.19,2024-06-24,Cancelled
14340,1226,Tablet,1,1905.13,2024-06-11,Cancelled
14341,1594,Phone,2,1538.53,2024-10-29,Pending
14342,1100,Mouse,3,586.57,2024-01-21,Shipped
14343,1742,Monitor,4,750.01,2024-04-11,Cancelled
14344,1842,Phone,2,1017.07,2024-04-28,Shipped
14345,1735,Tablet,2,1057.84,2024-08-22,Shipped
14346,1077,Headphones,4,1873.03,2024-11-08,Pending
14347,1434,Headphones,3,305.85,2024-06-14,Completed
14348,1744,Mouse,2,361.85,2024-04-08,Cancelled
14349,1063,Mouse,1,1942.87,2024-11-19,Completed
14350,1606,Monitor,2,1637.59,2024-06-05,Pending
14351,1609,Keyboard,1,1442.84,2024-02-03,Shipped
14352,1720,Keyboard,4,1493.47,2024-04-10,Shipped
14353,1011,Mouse,1,1739.1,2024-06-11,Cancelled
14354,1138,Headphones,1,425.34,2024-02-01,Shipped
14355,1565,Tablet,3,1564.29,2024-05-28,Pending
14356,1525,Keyboard,2,170.95,2024-07-08,Pending
14357,1266,Laptop,3,783.3,2024-04-26,Cancelled
14358,1600,Keyboard,4,1584.27,2024-12-22,Shipped
14359,1385,Headphones,1,1849.94,2024-09-09,Pending
14360,1174,Phone,1,1564.67,2024-09-23,Shipped
14361,1579,Headphones,2,429.61,2024-05-13,Shipped
14362,1898,Phone,3,904.07,2024-03-27,Pending
14363,1338,Phone,1,1652.21,2024-06-18,Completed
14364,1362,Laptop,3,213.0,2024-05-06,Shipped
14365,1595,Phone,3,1432.88,2024-02-27,Cancelled
14366,1348,Phone,1,1380.31,2024-02-03,Cancelled
14367,1933,Monitor,1,1638.18,2024-07-13,Shipped
14368,1539,Phone,1,1701.7,2024-10-31,Cancelled
14369,1037,Phone,2,160.58,2024-12-24,Shipped
14370,1495,Laptop,4,1812.28,2024-10-13,Completed
14371,1397,Tablet,2,921.16,2024-12-06,Completed
14372,1654,Laptop,1,95.76,2024-03-04,Completed
14373,1241,Phone,1,604.4,2024-08-05,Pending
14374,1069,Tablet,1,1127.99,2024-03-13,Cancelled
14375,1543,Headphones,3,1485.64,2024-09-24,Shipped
14376,1304,Monitor,3,569.74,2024-11-14,Completed
14377,1665,Laptop,4,1278.52,2024-07-30,Completed
14378,1334,Monitor,2,338.3,2024-09-25,Completed
14379,1302,Monitor,2,1382.81,2024-04-11,Pending
14380,1558,Monitor,1,1702.6,2024-11-11,Pending
14381,1068,Monitor,4,1233.18,2024-10-06,Cancelled
14382,1115,Monitor,4,504.48,2024-12-17,Completed
14383,1535,Keyboard,2,1671.97,2024-11-04,Completed
14384,1393,Tablet,1,474.21,2024-12-31,Pending
14385,1759,Mouse,3,1241.68,2024-09-23,Completed
14386,1795,Headphones,3,1282.5,2024-05-17,Shipped
14387,1235,Tablet,2,1165.52,2024-10-28,Cancelled
14388,1755,Headphones,1,1192.11,2024-01-22,Cancelled
14389,1375,Laptop,4,570.98,2024-04-22,Cancelled
14390,1897,Tablet,2,1455.51,2024-06-30,Shipped
14391,1129,Keyboard,2,1273.38,2024-08-31,Completed
14392,1495,Laptop,3,990.79,2024-01-28,Completed
14393,1795,Phone,1,1695.42,2024-02-18,Cancelled
14394,1251,Tablet,4,370.95,2024-01-21,Shipped
14395,1978,Headphones,2,826.84,2024-10-19,Shipped
14396,1615,Headphones,3,1831.61,2024-02-09,Pending
14397,1734,Monitor,4,990.66,2024-06-26,Shipped
14398,1169,Mouse,3,1438.4,2024-04-22,Cancelled
14399,1073,Tablet,2,441.46,2024-04-10,Completed
14400,1923,Monitor,1,928.31,2024-12-03,Cancelled
14401,1761,Phone,1,1836.37,2024-11-03,Pending
14402,1552,Phone,1,595.79,2024-08-02,Pending
14403,1152,Phone,1,542.07,2024-06-25,Cancelled
14404,1557,Phone,1,890.36,2024-02-14,Shipped
14405,1679,Headphones,3,1850.62,2024-09-28,Completed
14406,1784,Tablet,3,340.8,2024-11-07,Cancelled
14407,1336,Headphones,4,625.83,2024-06-15,Completed
14408,1479,Phone,3,1421.2,2024-08-30,Pending
14409,1684,Phone,3,919.89,2024-04-30,Cancelled
14410,1644,Phone,2,437.02,2024-01-15,Cancelled
14411,1347,Tablet,4,1584.66,2024-03-31,Shipped
14412,1335,Mouse,2,797.83,2024-09-05,Cancelled
14413,1529,Tablet,2,662.24,2024-12-21,Shipped
14414,1824,Headphones,1,620.11,2024-12-18,Pending
14415,1374,Mouse,1,242.86,2024-10-19,Completed
14416,1343,Phone,1,1593.58,2024-03-22,Pending
14417,1312,Mouse,3,86.19,2024-10-04,Pending
14418,1333,Tablet,4,58.78,2024-05-04,Pending
14419,1269,Monitor,2,1591.06,2024-12-14,Shipped
14420,1208,Monitor,3,1239.96,2024-06-09,Pending
14421,1765,Headphones,3,491.62,2024-01-08,Pending
14422,1867,Laptop,2,321.53,2024-01-25,Shipped
14423,1448,Headphones,3,394.86,2024-01-31,Shipped
14424,1494,Headphones,4,1395.09,2024-08-01,Completed
14425,1027,Keyboard,1,1340.46,2024-09-05,Cancelled
14426,1668,Laptop,1,426.26,2024-07-05,Cancelled
14427,1914,Tablet,3,1384.05,2024-12-18,Pending
14428,1582,Phone,3,521.01,2024-08-24,Pending
14429,1927,Mouse,1,147.01,2024-02-28,Shipped
14430,1167,Laptop,3,1736.99,2024-06-19,Completed
14431,1655,Monitor,2,617.19,2024-05-03,Pending
14432,1440,Tablet,1,1750.47,2024-10-07,Shipped
14433,1983,Tablet,2,1297.62,2024-04-30,Completed
14434,1811,Headphones,2,1385.51,2024-05-09,Completed
14435,1970,Keyboard,4,1236.81,2024-06-11,Pending
14436,1423,Phone,2,1280.48,2024-04-02,Cancelled
14437,1592,Laptop,3,1128.43,2024-09-21,Shipped
14438,1813,Laptop,2,208.09,2024-05-31,Completed
14439,1780,Keyboard,3,1957.45,2024-08-31,Completed
14440,1763,Tablet,4,83.12,2024-02-26,Cancelled
14441,1460,Keyboard,1,368.76,2024-05-24,Pending
14442,1985,Monitor,3,1537.56,2024-12-31,Pending
14443,1379,Tablet,1,570.13,2024-12-02,Completed
14444,1244,Phone,4,450.68,2024-11-19,Cancelled
14445,1407,Phone,3,255.23,2024-02-28,Completed
14446,1280,Headphones,1,338.02,2024-08-23,Pending
14447,1966,Monitor,2,1726.52,2024-05-17,Pending
14448,1913,Keyboard,2,120.48,2024-10-03,Completed
14449,1413,Monitor,4,1558.93,2024-11-20,Shipped
14450,1178,Mouse,4,1735.05,2024-01-20,Pending
14451,1499,Laptop,2,375.12,2024-06-03,Completed
14452,1158,Laptop,4,316.43,2024-05-12,Cancelled
14453,1900,Headphones,2,754.29,2024-02-05,Shipped
14454,1200,Headphones,2,537.37,2024-04-12,Cancelled
14455,1390,Mouse,1,935.12,2024-03-31,Completed
14456,1651,Headphones,3,1484.75,2024-04-06,Shipped
14457,1154,Tablet,2,879.33,2024-12-18,Pending
14458,1645,Laptop,4,753.31,2024-12-31,Cancelled
14459,1745,Headphones,2,1068.14,2024-05-19,Shipped
14460,1695,Monitor,1,834.93,2024-08-04,Cancelled
14461,1220,Tablet,3,1117.59,2024-03-31,Shipped
14462,1758,Tablet,3,1846.52,2024-11-21,Shipped
14463,1511,Mouse,1,1932.51,2024-04-25,Shipped
14464,1375,Tablet,3,1908.15,2024-10-16,Shipped
14465,1520,Laptop,2,1783.16,2024-02-01,Cancelled
14466,1462,Monitor,3,513.12,2024-03-19,Cancelled
14467,1795,Phone,1,1480.13,2024-06-08,Cancelled
14468,1614,Headphones,3,1357.94,2024-08-26,Cancelled
14469,1301,Phone,4,1208.2,2024-07-20,Pending
14470,1190,Phone,1,336.42,2024-07-30,Completed
14471,1227,Keyboard,3,597.76,2024-07-08,Cancelled
14472,1453,Headphones,4,1090.44,2024-10-07,Completed
14473,1748,Monitor,2,1860.98,2024-05-18,Completed
14474,1256,Tablet,4,1899.79,2024-02-20,Completed
14475,1811,Tablet,4,853.05,2024-05-21,Completed
14476,1974,Laptop,2,1001.87,2024-08-18,Shipped
14477,1660,Keyboard,4,304.17,2024-11-24,Shipped
14478,1899,Phone,4,952.53,2024-04-24,Shipped
14479,1373,Tablet,1,1354.74,2024-05-14,Pending
14480,1586,Tablet,3,1348.02,2024-08-04,Cancelled
14481,1980,Tablet,2,1660.88,2024-08-02,Completed
14482,1751,Tablet,4,1035.86,2024-04-01,Cancelled
14483,1908,Phone,3,1338.08,2024-11-24,Completed
14484,1003,Phone,2,228.61,2024-01-30,Shipped
14485,1770,Headphones,1,1107.73,2024-08-08,Cancelled
14486,1577,Laptop,1,542.2,2024-07-04,Cancelled
14487,1752,Phone,4,913.9,2024-03-05,Completed
14488,1697,Monitor,3,1438.55,2024-09-11,Completed
14489,1091,Phone,1,1459.35,2024-10-22,Shipped
14490,1346,Tablet,1,818.53,2024-09-26,Pending
14491,1920,Laptop,4,899.38,2024-08-04,Pending
14492,1991,Monitor,3,833.1,2024-04-15,Completed
14493,1150,Laptop,4,1968.23,2024-07-30,Cancelled
14494,1079,Mouse,1,1271.35,2024-06-03,Shipped
14495,1187,Headphones,4,1054.04,2024-01-11,Shipped
14496,1309,Mouse,3,1653.01,2024-01-13,Pending
14497,1286,Laptop,4,524.34,2024-09-25,Pending
14498,1551,Tablet,1,1562.03,2024-02-28,Shipped
14499,1500,Headphones,2,508.03,2024-07-11,Shipped
14500,1297,Headphones,1,298.79,2024-09-01,Completed
14501,1932,Monitor,2,1908.22,2024-11-09,Completed
14502,1454,Phone,2,515.94,2024-08-04,Shipped
14503,1643,Laptop,1,158.95,2024-11-09,Completed
14504,1826,Monitor,1,465.37,2024-11-12,Completed
14505,1866,Keyboard,3,1858.73,2024-10-19,Pending
14506,1472,Headphones,3,1098.41,2024-06-20,Pending
14507,1837,Laptop,3,1447.75,2024-11-28,Cancelled
14508,1211,Tablet,1,1793.69,2024-03-27,Pending
14509,1165,Mouse,3,1023.77,2024-03-21,Completed
14510,1576,Phone,2,936.45,2024-01-17,Cancelled
14511,1369,Headphones,2,1118.01,2024-03-12,Shipped
14512,1180,Tablet,1,711.0,2024-12-01,Completed
14513,1973,Phone,1,625.99,2024-05-28,Pending
14514,1165,Phone,1,1972.82,2024-11-28,Completed
14515,1338,Headphones,3,77.33,2024-10-16,Completed
14516,1229,Laptop,1,299.23,2024-08-01,Pending
14517,1066,Mouse,3,172.52,2024-12-31,Completed
14518,1630,Tablet,4,420.38,2024-06-06,Cancelled
14519,1320,Laptop,4,705.53,2024-11-15,Pending
14520,1561,Phone,2,1920.08,2024-06-11,Pending
14521,1657,Phone,2,790.22,2024-11-13,Cancelled
14522,1715,Monitor,1,1269.37,2024-12-03,Cancelled
14523,1525,Laptop,1,427.38,2024-11-30,Pending
14524,1706,Mouse,3,1065.65,2024-10-12,Completed
14525,1652,Headphones,1,1019.11,2024-11-28,Pending
14526,1605,Headphones,2,1860.95,2024-06-28,Cancelled
14527,1161,Headphones,3,797.1,2024-06-24,Cancelled
14528,1502,Headphones,2,332.63,2024-04-30,Cancelled
14529,1275,Keyboard,3,1179.9,2024-04-17,Completed
14530,1211,Monitor,2,1225.93,2024-12-08,Cancelled
14531,1499,Mouse,3,269.13,2024-07-20,Shipped
14532,1054,Phone,2,1661.2,2024-10-20,Shipped
14533,1881,Keyboard,3,1354.62,2024-07-07,Shipped
14534,1752,Mouse,3,545.45,2024-09-08,Completed
14535,1372,Monitor,1,475.92,2024-09-05,Shipped
14536,1416,Phone,4,832.01,2024-02-06,Shipped
14537,1249,Tablet,2,514.53,2024-08-25,Shipped
14538,1701,Keyboard,2,435.86,2024-12-26,Cancelled
14539,1365,Mouse,1,299.73,2024-01-13,Pending
14540,1069,Phone,2,1972.59,2024-01-18,Pending
14541,1346,Laptop,3,579.35,2024-01-17,Shipped
14542,1092,Laptop,1,643.49,2024-03-27,Completed
14543,1785,Mouse,2,856.83,2024-06-21,Shipped
14544,1550,Monitor,2,1249.25,2024-11-19,Cancelled
14545,1252,Monitor,3,838.54,2024-03-18,Cancelled
14546,1586,Monitor,3,535.82,2024-09-11,Pending
14547,1992,Tablet,4,1379.35,2024-11-20,Completed
14548,1612,Tablet,2,179.28,2024-08-31,Cancelled
14549,1103,Phone,1,465.04,2024-08-06,Shipped
14550,1671,Mouse,2,1804.35,2024-02-27,Cancelled
14551,1523,Phone,3,1145.27,2024-05-30,Cancelled
14552,1090,Laptop,4,1734.3,2024-07-09,Cancelled
14553,1937,Headphones,2,1886.22,2024-07-21,Cancelled
14554,1751,Phone,1,1761.36,2024-02-16,Completed
14555,1966,Phone,3,70.8,2024-04-12,Shipped
14556,1627,Phone,1,1229.45,2024-08-24,Shipped
14557,1455,Keyboard,1,644.21,2024-01-19,Cancelled
14558,1091,Monitor,3,673.94,2024-07-01,Pending
14559,1138,Monitor,1,854.46,2024-10-19,Cancelled
14560,1192,Laptop,1,190.98,2024-10-03,Completed
14561,1931,Monitor,1,1546.33,2024-03-06,Completed
14562,1964,Keyboard,4,58.76,2024-03-31,Cancelled
14563,1976,Phone,3,1969.17,2024-10-22,Cancelled
14564,1457,Mouse,2,1852.4,2024-03-12,Pending
14565,1634,Tablet,1,1282.04,2024-05-24,Completed
14566,1350,Monitor,1,1638.67,2024-11-26,Shipped
14567,1363,Tablet,4,1697.15,2024-02-29,Cancelled
14568,1522,Monitor,3,1475.4,2024-12-25,Shipped
14569,1076,Laptop,3,1177.24,2024-04-07,Shipped
14570,1639,Laptop,1,140.08,2024-02-17,Shipped
14571,1742,Monitor,1,1844.33,2024-09-09,Pending
14572,1074,Keyboard,1,157.88,2024-11-30,Cancelled
14573,1432,Headphones,3,456.26,2024-10-20,Shipped
14574,1608,Phone,4,909.58,2024-07-13,Pending
14575,1428,Laptop,2,1700.03,2024-07-23,Completed
14576,1159,Keyboard,1,886.2,2024-04-03,Pending
14577,1707,Laptop,3,1161.82,2024-08-18,Pending
14578,1706,Tablet,3,923.42,2024-12-31,Shipped
14579,1263,Phone,4,251.07,2024-01-15,Cancelled
14580,1450,Tablet,3,735.76,2024-11-18,Pending
14581,1921,Headphones,4,1169.47,2024-11-14,Shipped
14582,1805,Mouse,1,1418.97,2024-07-23,Completed
14583,1733,Mouse,3,184.82,2024-11-11,Pending
14584,1573,Laptop,2,306.46,2024-05-20,Completed
14585,1438,Monitor,4,1077.08,2024-02-05,Shipped
14586,1371,Mouse,3,890.18,2024-10-01,Cancelled
14587,1171,Phone,1,1566.1,2024-02-19,Shipped
14588,1902,Laptop,3,159.65,2024-01-14,Completed
14589,1424,Phone,2,1108.46,2024-06-10,Cancelled
14590,1143,Phone,1,1336.3,2024-12-21,Pending
14591,1808,Mouse,4,1393.05,2024-01-23,Cancelled
14592,1022,Mouse,3,457.46,2024-07-12,Shipped
14593,1406,Tablet,3,368.74,2024-02-25,Completed
14594,1148,Monitor,2,1154.08,2024-03-12,Cancelled
14595,1390,Keyboard,3,1695.16,2024-07-16,Shipped
14596,1327,Laptop,4,1603.54,2024-12-23,Completed
14597,1115,Tablet,1,129.62,2024-05-23,Shipped
14598,1324,Mouse,1,487.76,2024-10-20,Completed
14599,1873,Headphones,4,394.42,2024-10-18,Cancelled
14600,1873,Tablet,2,510.01,2024-12-15,Cancelled
14601,1656,Keyboard,3,803.75,2024-01-12,Cancelled
14602,1749,Phone,1,1358.91,2024-02-03,Completed
14603,1142,Tablet,1,289.15,2024-03-20,Shipped
14604,1496,Mouse,2,1637.2,2024-08-31,Completed
14605,1556,Monitor,2,1641.89,2024-03-28,Pending
14606,1349,Mouse,1,273.69,2024-04-28,Cancelled
14607,1818,Laptop,4,1744.55,2024-01-16,Pending
14608,1165,Laptop,3,1331.48,2024-10-09,Cancelled
14609,1054,Mouse,1,1652.25,2024-12-12,Shipped
14610,1208,Phone,4,1807.08,2024-03-12,Pending
14611,1366,Phone,4,537.54,2024-07-21,Pending
14612,1937,Headphones,2,1058.43,2024-12-16,Cancelled
14613,1548,Phone,1,132.68,2024-02-28,Cancelled
14614,1904,Mouse,2,309.87,2024-09-28,Pending
14615,1734,Mouse,2,1925.29,2024-10-21,Completed
14616,1646,Keyboard,4,260.07,2024-02-03,Shipped
14617,1879,Keyboard,2,530.46,2024-12-19,Shipped
14618,1988,Keyboard,1,1376.59,2024-04-10,Completed
14619,1224,Monitor,1,1582.08,2024-04-23,Completed
14620,1887,Phone,2,945.76,2024-12-23,Shipped
14621,1517,Mouse,3,1175.73,2024-10-23,Cancelled
14622,1956,Monitor,2,1465.12,2024-04-12,Completed
14623,1604,Headphones,3,1345.15,2024-06-02,Shipped
14624,1757,Tablet,1,144.47,2024-01-17,Pending
14625,1066,Laptop,3,586.63,2024-09-01,Shipped
14626,1494,Mouse,2,354.14,2024-02-28,Cancelled
14627,1456,Tablet,3,1635.55,2024-04-25,Pending
14628,1146,Monitor,3,1828.32,2024-10-24,Shipped
14629,1001,Monitor,2,638.28,2024-05-26,Shipped
14630,1502,Mouse,3,1874.06,2024-08-27,Shipped
14631,1464,Laptop,2,1854.44,2024-01-09,Completed
14632,1200,Tablet,4,1103.46,2024-08-07,Pending
14633,1319,Mouse,2,937.94,2024-09-23,Shipped
14634,1068,Keyboard,4,284.15,2024-12-06,Cancelled
14635,1554,Keyboard,4,1133.96,2024-10-07,Pending
14636,1729,Headphones,4,766.64,2024-02-17,Shipped
14637,1957,Keyboard,2,593.62,2024-05-16,Shipped
14638,1391,Phone,4,1342.12,2024-08-23,Pending
14639,1628,Headphones,4,1830.45,2024-01-18,Cancelled
14640,1572,Keyboard,2,1787.47,2024-10-31,Shipped
14641,1417,Laptop,2,1128.25,2024-01-05,Cancelled
14642,1455,Laptop,2,216.69,2024-06-02,Cancelled
14643,1622,Monitor,3,1011.69,2024-02-12,Completed
14644,1941,Mouse,4,628.49,2024-11-13,Completed
14645,1822,Mouse,4,1017.34,2024-04-21,Shipped
14646,1424,Headphones,3,1661.1,2024-02-11,Pending
14647,1591,Tablet,2,1379.5,2024-02-05,Completed
14648,1783,Headphones,2,1127.8,2024-04-18,Pending
14649,1126,Phone,2,1172.86,2024-08-19,Shipped
14650,1481,Laptop,3,1799.4,2024-08-05,Shipped
14651,1585,Monitor,2,282.67,2024-12-03,Shipped
14652,1648,Tablet,3,917.95,2024-01-29,Cancelled
14653,1441,Mouse,3,753.98,2024-03-03,Pending
14654,1605,Tablet,2,1469.22,2024-08-13,Completed
14655,1942,Tablet,4,1957.93,2024-01-21,Cancelled
14656,1221,Tablet,2,1381.7,2024-12-01,Pending
14657,1746,Phone,3,1873.67,2024-12-19,Cancelled
14658,1423,Mouse,4,246.59,2024-12-19,Shipped
14659,1863,Monitor,2,1139.5,2024-08-23,Shipped
14660,1603,Tablet,2,1662.0,2024-08-29,Shipped
14661,1630,Keyboard,3,594.56,2024-01-26,Pending
14662,1827,Phone,2,1873.72,2024-06-04,Pending
14663,1478,Keyboard,4,867.24,2024-09-09,Cancelled
14664,1554,Monitor,2,1631.62,2024-09-23,Pending
14665,1501,Phone,2,496.82,2024-10-06,Completed
14666,1943,Headphones,4,245.67,2024-03-16,Shipped
14667,1334,Headphones,3,809.97,2024-12-18,Completed
14668,1877,Headphones,2,1510.36,2024-04-12,Pending
14669,1464,Mouse,1,1067.34,2024-12-02,Cancelled
14670,1573,Monitor,3,699.05,2024-01-25,Cancelled
14671,1582,Mouse,1,1012.58,2024-02-01,Shipped
14672,1971,Headphones,1,733.77,2024-08-31,Cancelled
14673,1050,Monitor,3,875.19,2024-03-28,Completed
14674,1833,Tablet,3,1807.68,2024-01-28,Shipped
14675,1065,Keyboard,1,1020.86,2024-09-10,Shipped
14676,1483,Tablet,3,1838.06,2024-01-05,Completed
14677,1260,Headphones,3,1280.77,2024-07-09,Shipped
14678,1052,Laptop,2,1361.38,2024-07-17,Shipped
14679,1133,Phone,4,236.83,2024-05-30,Completed
14680,1829,Phone,4,1923.85,2024-01-26,Completed
14681,1739,Mouse,3,1770.74,2024-03-04,Pending
14682,1477,Phone,1,301.07,2024-04-06,Shipped
14683,1977,Laptop,3,1588.49,2024-09-08,Pending
14684,1186,Tablet,1,763.81,2024-11-19,Completed
14685,1799,Phone,3,707.98,2024-12-15,Pending
14686,1665,Headphones,1,1536.88,2024-09-24,Completed
14687,1533,Monitor,3,973.13,2024-04-24,Pending
14688,1582,Mouse,4,226.94,2024-08-18,Completed
14689,1391,Laptop,2,1077.82,2024-10-18,Completed
14690,1820,Headphones,4,119.52,2024-02-22,Shipped
14691,1557,Tablet,1,1846.93,2024-05-10,Cancelled
14692,1011,Monitor,1,1164.3,2024-05-08,Completed
14693,1293,Keyboard,3,1459.34,2024-08-05,Shipped
14694,1255,Tablet,3,1668.64,2024-11-06,Cancelled
14695,1696,Keyboard,4,1612.92,2024-01-23,Cancelled
14696,1048,Monitor,2,1566.55,2024-12-10,Completed
14697,1512,Phone,1,1555.47,2024-08-11,Shipped
14698,1621,Laptop,3,1423.73,2024-03-10,Pending
14699,1985,Laptop,3,1661.55,2024-10-10,Pending
14700,1908,Mouse,4,590.38,2024-09-22,Completed
14701,1623,Mouse,1,1033.49,2024-09-22,Shipped
14702,1791,Headphones,4,1494.37,2024-07-24,Pending
14703,1577,Headphones,1,939.68,2024-01-01,Pending
14704,1364,Tablet,4,986.35,2024-07-07,Cancelled
14705,1335,Headphones,2,902.66,2024-08-10,Shipped
14706,1508,Laptop,2,1646.07,2024-11-26,Cancelled
14707,1748,Mouse,4,1264.0,2024-05-12,Pending
14708,1753,Phone,2,930.21,2024-06-14,Completed
14709,1182,Tablet,1,862.98,2024-05-03,Pending
14710,1516,Tablet,3,871.87,2024-11-07,Cancelled
14711,1076,Tablet,2,253.35,2024-07-27,Completed
14712,1480,Phone,3,1667.33,2024-05-24,Cancelled
14713,1926,Phone,3,921.66,2024-05-01,Pending
14714,1509,Laptop,4,454.44,2024-05-01,Completed
14715,1455,Headphones,1,572.91,2024-04-04,Shipped
14716,1436,Tablet,4,509.79,2024-08-16,Pending
14717,1545,Tablet,3,1144.54,2024-09-20,Pending
14718,1725,Keyboard,1,1425.03,2024-09-03,Pending
14719,1907,Headphones,4,1635.88,2024-01-23,Shipped
14720,1273,Phone,2,362.27,2024-03-21,Completed
14721,1488,Monitor,1,1021.98,2024-02-21,Shipped
14722,1702,Monitor,2,985.12,2024-08-08,Pending
14723,1625,Phone,4,689.64,2024-07-26,Cancelled
14724,1161,Laptop,1,625.9,2024-02-19,Cancelled
14725,1130,Monitor,3,899.02,2024-02-23,Cancelled
14726,1233,Mouse,4,375.95,2024-02-07,Completed
14727,1908,Headphones,2,1014.78,2024-04-28,Cancelled
14728,1998,Headphones,3,259.83,2024-12-11,Cancelled
14729,1849,Headphones,3,1091.36,2024-11-04,Shipped
14730,1273,Mouse,2,759.92,2024-02-12,Completed
14731,1990,Laptop,2,1215.94,2024-02-05,Shipped
14732,1381,Keyboard,4,884.58,2024-11-11,Pending
14733,1205,Mouse,1,339.4,2024-06-29,Cancelled
14734,1202,Mouse,4,709.63,2024-02-10,Shipped
14735,1377,Mouse,2,1499.69,2024-07-03,Shipped
14736,1204,Phone,1,1036.34,2024-07-12,Completed
14737,1410,Mouse,1,643.41,2024-07-30,Cancelled
14738,1121,Mouse,4,1064.87,2024-08-16,Cancelled
14739,1217,Headphones,1,244.62,2024-04-02,Shipped
14740,1759,Keyboard,4,1437.41,2024-05-26,Completed
14741,1810,Tablet,3,1776.07,2024-06-28,Cancelled
14742,1225,Keyboard,1,969.37,2024-01-17,Cancelled
14743,1600,Monitor,3,1366.39,2024-01-10,Cancelled
14744,1733,Mouse,4,1098.65,2024-08-12,Shipped
14745,1645,Headphones,4,999.46,2024-11-02,Shipped
14746,1120,Laptop,1,759.27,2024-04-18,Cancelled
14747,1565,Phone,2,490.14,2024-09-24,Completed
14748,1375,Phone,3,210.39,2024-10-14,Pending
14749,1150,Tablet,4,528.89,2024-03-03,Shipped
14750,1490,Headphones,4,1987.28,2024-04-06,Pending
14751,1594,Tablet,1,834.36,2024-09-18,Completed
14752,1750,Phone,4,1144.53,2024-11-09,Completed
14753,1218,Headphones,4,1714.08,2024-08-02,Completed
14754,1824,Headphones,4,1974.53,2024-02-03,Shipped
14755,1419,Mouse,1,1882.86,2024-03-11,Shipped
14756,1651,Tablet,2,1830.83,2024-12-29,Pending
14757,1054,Laptop,4,453.28,2024-10-16,Shipped
14758,1119,Keyboard,4,909.28,2024-01-31,Completed
14759,1539,Tablet,1,715.79,2024-12-06,Shipped
14760,1411,Keyboard,3,634.73,2024-06-29,Shipped
14761,1390,Headphones,1,1049.64,2024-10-15,Shipped
14762,1399,Monitor,1,1626.93,2024-09-02,Completed
14763,1824,Keyboard,2,1855.66,2024-03-02,Pending
14764,1461,Keyboard,3,1894.68,2024-11-19,Shipped
14765,1193,Headphones,3,236.46,2024-12-14,Cancelled
14766,1314,Phone,2,1447.3,2024-12-10,Shipped
14767,1987,Phone,3,578.75,2024-05-09,Completed
14768,1340,Headphones,3,904.78,2024-10-22,Completed
14769,1488,Phone,2,1992.1,2024-10-27,Completed
14770,1241,Keyboard,1,1216.46,2024-06-19,Cancelled
14771,1489,Headphones,2,599.9,2024-07-27,Completed
14772,1329,Tablet,3,343.0,2024-03-09,Completed
14773,1487,Monitor,3,1344.87,2024-12-22,Cancelled
14774,1957,Laptop,3,1664.61,2024-03-06,Pending
14775,1935,Phone,2,1616.32,2024-08-18,Cancelled
14776,1020,Headphones,2,570.5,2024-11-12,Completed
14777,1632,Monitor,3,1412.54,2024-09-23,Completed
14778,1657,Laptop,1,1493.8,2024-07-31,Completed
14779,1802,Phone,3,1209.39,2024-09-21,Pending
14780,1888,Phone,1,1425.23,2024-10-03,Shipped
14781,1357,Tablet,4,216.15,2024-12-05,Shipped
14782,1393,Monitor,1,1065.67,2024-03-20,Shipped
14783,1178,Keyboard,4,834.72,2024-01-27,Cancelled
14784,1923,Headphones,1,85.44,2024-01-07,Completed
14785,1054,Headphones,1,1962.63,2024-05-10,Shipped
14786,1719,Phone,2,1111.91,2024-10-07,Pending
14787,1739,Monitor,3,1773.75,2024-05-21,Completed
14788,1733,Phone,3,397.66,2024-05-04,Shipped
14789,1056,Laptop,1,1754.21,2024-01-15,Pending
14790,1472,Keyboard,3,943.9,2024-06-05,Completed
14791,1473,Laptop,3,184.6,2024-08-22,Completed
14792,1943,Headphones,3,1364.42,2024-11-21,Pending
14793,1983,Headphones,3,1819.26,2024-10-18,Shipped
14794,1506,Headphones,3,375.2,2024-11-21,Cancelled
14795,1697,Monitor,1,804.4,2024-05-04,Shipped
14796,1783,Keyboard,2,1887.41,2024-07-16,Completed
14797,1425,Mouse,3,1175.18,2024-02-12,Completed
14798,1519,Keyboard,4,1329.35,2024-07-13,Shipped
14799,1810,Keyboard,3,861.97,2024-04-28,Completed
14800,1862,Headphones,1,1261.36,2024-03-24,Shipped
14801,1182,Tablet,3,1171.5,2024-09-22,Completed
14802,1425,Keyboard,3,1076.43,2024-01-24,Shipped
14803,1033,Headphones,2,907.56,2024-03-08,Cancelled
14804,1075,Phone,4,1899.25,2024-12-20,Cancelled
14805,1399,Mouse,2,1110.75,2024-11-01,Shipped
14806,1051,Keyboard,4,915.61,2024-09-12,Shipped
14807,1738,Phone,3,1042.5,2024-06-26,Cancelled
14808,1409,Monitor,3,1309.67,2024-07-26,Cancelled
14809,1528,Laptop,4,137.13,2024-10-29,Cancelled
14810,1779,Mouse,4,422.06,2024-07-09,Cancelled
14811,1691,Mouse,4,1356.2,2024-10-13,Completed
14812,1094,Mouse,1,210.57,2024-03-21,Completed
14813,1731,Monitor,2,1469.13,2024-10-16,Pending
14814,1963,Tablet,1,259.58,2024-01-10,Completed
14815,1770,Headphones,2,645.87,2024-08-01,Completed
14816,1996,Monitor,3,896.05,2024-10-29,Pending
14817,1228,Keyboard,3,176.2,2024-08-06,Completed
14818,1115,Monitor,4,203.03,2024-06-29,Pending
14819,1604,Headphones,1,1103.84,2024-10-10,Cancelled
14820,1323,Headphones,1,932.46,2024-06-11,Shipped
14821,1099,Headphones,1,633.75,2024-06-12,Cancelled
14822,1362,Tablet,2,448.0,2024-02-02,Cancelled
14823,1616,Headphones,2,1580.69,2024-03-21,Pending
14824,1741,Mouse,4,1806.54,2024-08-24,Pending
14825,1271,Tablet,3,1439.39,2024-09-22,Cancelled
14826,1893,Laptop,2,792.49,2024-02-26,Completed
14827,1830,Keyboard,4,1322.26,2024-07-26,Pending
14828,1726,Keyboard,4,1774.36,2024-03-19,Cancelled
14829,1688,Tablet,1,302.51,2024-02-16,Cancelled
14830,1517,Laptop,2,1019.41,2024-07-21,Shipped
14831,1573,Monitor,2,1356.35,2024-02-20,Completed
14832,1552,Tablet,4,463.87,2024-10-10,Shipped
14833,1738,Phone,1,793.12,2024-02-05,Cancelled
14834,1804,Tablet,1,953.14,2024-11-14,Cancelled
14835,1360,Tablet,4,1611.72,2024-05-18,Pending
14836,1977,Laptop,4,853.37,2024-05-15,Completed
14837,1524,Headphones,1,925.03,2024-02-02,Pending
14838,1742,Mouse,3,564.96,2024-01-18,Pending
14839,1270,Headphones,4,768.66,2024-05-03,Pending
14840,1695,Phone,2,1979.0,2024-09-17,Completed
14841,1575,Tablet,3,278.9,2024-04-20,Shipped
14842,1304,Laptop,4,870.03,2024-11-04,Completed
14843,1436,Laptop,1,1722.21,2024-09-19,Pending
14844,1681,Mouse,1,1760.62,2024-02-10,Pending
14845,1815,Laptop,4,372.39,2024-05-09,Pending
14846,1472,Mouse,2,1628.19,2024-08-15,Cancelled
14847,1025,Phone,1,1975.56,2024-07-19,Cancelled
14848,1133,Headphones,2,1598.91,2024-07-25,Cancelled
14849,1982,Mouse,1,701.3,2024-08-06,Shipped
14850,1911,Keyboard,3,1325.42,2024-12-19,Shipped
14851,1492,Headphones,4,1551.19,2024-07-05,Pending
14852,1372,Mouse,4,169.99,2024-03-04,Cancelled
14853,1189,Tablet,3,1906.11,2024-09-24,Shipped
14854,1976,Keyboard,3,612.6,2024-08-24,Shipped
14855,1182,Laptop,2,288.8,2024-07-25,Pending
14856,1384,Tablet,2,1531.97,2024-07-19,Completed
14857,1091,Phone,4,1946.6,2024-08-04,Cancelled
14858,1768,Tablet,2,1223.92,2024-09-09,Cancelled
14859,1543,Monitor,4,916.57,2024-10-27,Shipped
14860,1000,Keyboard,2,1067.74,2024-09-14,Completed
14861,1241,Mouse,4,162.45,2024-05-31,Shipped
14862,1777,Keyboard,4,590.63,2024-08-09,Completed
14863,1675,Phone,1,204.62,2024-02-01,Pending
14864,1020,Keyboard,1,1177.32,2024-08-21,Shipped
14865,1928,Mouse,2,893.87,2024-05-07,Cancelled
14866,1648,Headphones,2,713.79,2024-08-29,Completed
14867,1375,Headphones,1,1779.32,2024-09-23,Shipped
14868,1244,Phone,4,1392.19,2024-11-28,Shipped
14869,1466,Mouse,4,1612.38,2024-07-23,Completed
14870,1161,Tablet,2,1026.96,2024-03-18,Shipped
14871,1032,Mouse,1,645.8,2024-11-11,Cancelled
14872,1525,Phone,1,872.85,2024-04-18,Shipped
14873,1613,Keyboard,2,646.62,2024-01-29,Shipped
14874,1685,Keyboard,4,712.53,2024-11-07,Completed
14875,1945,Phone,2,1571.94,2024-09-25,Completed
14876,1843,Tablet,1,213.63,2024-01-21,Completed
14877,1237,Keyboard,4,1269.15,2024-04-06,Pending
14878,1146,Keyboard,2,1217.37,2024-05-17,Pending
14879,1481,Monitor,3,1354.02,2024-10-14,Completed
14880,1007,Tablet,2,1855.32,2024-02-09,Completed
14881,1910,Laptop,2,872.16,2024-07-14,Shipped
14882,1736,Keyboard,1,937.7,2024-04-07,Pending
14883,1578,Tablet,3,479.62,2024-10-26,Completed
14884,1908,Tablet,2,1798.46,2024-09-13,Completed
14885,1404,Phone,3,1998.12,2024-08-09,Cancelled
14886,1897,Phone,3,1978.34,2024-07-29,Cancelled
14887,1577,Laptop,4,1432.76,2024-08-25,Cancelled
14888,1103,Mouse,4,1078.45,2024-02-28,Cancelled
14889,1854,Keyboard,2,1099.11,2024-01-09,Pending
14890,1886,Monitor,1,1286.21,2024-07-12,Completed
14891,1406,Mouse,4,406.67,2024-04-24,Completed
14892,1145,Monitor,1,1661.91,2024-08-01,Cancelled
14893,1531,Headphones,3,802.0,2024-04-23,Shipped
14894,1898,Tablet,4,58.11,2024-02-24,Completed
14895,1334,Tablet,4,1231.93,2024-09-04,Cancelled
14896,1246,Phone,2,229.92,2024-10-05,Completed
14897,1620,Tablet,1,621.82,2024-08-02,Shipped
14898,1410,Monitor,1,1975.68,2024-05-09,Shipped
14899,1797,Mouse,1,467.55,2024-03-18,Cancelled
14900,1832,Phone,2,1830.7,2024-12-26,Completed
14901,1752,Keyboard,2,533.02,2024-04-07,Pending
14902,1585,Headphones,4,1458.28,2024-03-18,Completed
14903,1948,Keyboard,1,1606.84,2024-07-20,Pending
14904,1270,Mouse,1,1263.47,2024-12-17,Cancelled
14905,1941,Mouse,3,1465.92,2024-07-05,Pending
14906,1083,Headphones,4,742.56,2024-04-03,Completed
14907,1720,Keyboard,3,1794.76,2024-01-02,Pending
14908,1966,Phone,2,1375.23,2024-10-25,Shipped
14909,1118,Phone,3,1945.78,2024-01-23,Shipped
14910,1153,Keyboard,2,1697.65,2024-02-28,Shipped
14911,1208,Laptop,1,742.94,2024-11-18,Shipped
14912,1067,Monitor,2,1816.74,2024-11-02,Pending
14913,1892,Monitor,3,1495.04,2024-11-21,Completed
14914,1583,Headphones,2,811.26,2024-09-02,Shipped
14915,1459,Phone,4,241.7,2024-02-27,Shipped
14916,1937,Phone,3,312.94,2024-12-01,Pending
14917,1539,Headphones,3,1577.25,2024-05-24,Pending
14918,1645,Phone,4,808.63,2024-02-07,Completed
14919,1366,Keyboard,2,1758.58,2024-08-03,Pending
14920,1012,Keyboard,2,1897.73,2024-11-27,Completed
14921,1477,Tablet,4,679.73,2024-12-04,Pending
14922,1146,Keyboard,2,743.36,2024-11-04,Shipped
14923,1917,Keyboard,3,499.09,2024-09-12,Cancelled
14924,1726,Monitor,1,1806.6,2024-07-12,Pending
14925,1156,Keyboard,2,1433.61,2024-03-10,Shipped
14926,1935,Keyboard,4,805.9,2024-11-07,Shipped
14927,1489,Monitor,1,1637.12,2024-01-18,Completed
14928,1349,Keyboard,4,1872.09,2024-10-27,Shipped
14929,1202,Mouse,1,429.37,2024-08-11,Cancelled
14930,1880,Laptop,3,336.54,2024-10-09,Cancelled
14931,1556,Mouse,4,1526.11,2024-07-25,Pending
14932,1948,Phone,2,1356.82,2024-05-23,Pending
14933,1573,Laptop,4,1443.68,2024-06-10,Pending
14934,1665,Headphones,1,309.81,2024-06-22,Pending
14935,1955,Monitor,1,1457.05,2024-06-01,Cancelled
14936,1743,Keyboard,2,1610.91,2024-01-13,Pending
14937,1872,Phone,3,1845.73,2024-05-17,Cancelled
14938,1535,Phone,2,1222.83,2024-06-03,Pending
14939,1487,Laptop,4,1772.08,2024-03-18,Pending
14940,1908,Mouse,4,314.25,2024-03-14,Shipped
14941,1333,Keyboard,2,846.22,2024-12-14,Pending
14942,1653,Phone,3,1815.95,2024-09-01,Pending
14943,1671,Phone,3,1029.66,2024-04-06,Completed
14944,1325,Tablet,2,258.1,2024-05-05,Shipped
14945,1750,Phone,4,1983.01,2024-06-30,Cancelled
14946,1971,Phone,3,1052.91,2024-01-05,Pending
14947,1830,Headphones,4,702.93,2024-07-03,Completed
14948,1188,Mouse,3,1542.49,2024-07-19,Shipped
14949,1335,Laptop,4,725.75,2024-12-24,Cancelled
14950,1514,Monitor,1,569.82,2024-08-02,Cancelled
14951,1686,Monitor,3,639.86,2024-05-13,Cancelled
14952,1336,Phone,3,1598.75,2024-09-13,Shipped
14953,1399,Phone,3,1458.57,2024-11-26,Pending
14954,1050,Laptop,3,1296.35,2024-08-12,Pending
14955,1336,Laptop,2,157.58,2024-09-25,Completed
14956,1768,Monitor,2,1525.31,2024-11-07,Completed
14957,1956,Phone,3,1071.13,2024-09-07,Pending
14958,1819,Mouse,1,1105.05,2024-12-05,Shipped
14959,1646,Tablet,4,1029.44,2024-05-22,Shipped
14960,1958,Phone,3,1124.31,2024-02-17,Shipped
14961,1514,Headphones,1,1862.17,2024-11-25,Pending
14962,1011,Monitor,3,1397.58,2024-01-25,Pending
14963,1089,Headphones,4,376.42,2024-09-16,Pending
14964,1840,Laptop,1,627.44,2024-01-07,Cancelled
14965,1769,Tablet,2,549.58,2024-02-08,Shipped
14966,1315,Phone,3,940.89,2024-08-12,Completed
14967,1156,Phone,3,1691.46,2024-03-05,Completed
14968,1194,Keyboard,1,76.62,2024-05-25,Cancelled
14969,1635,Mouse,4,388.29,2024-10-07,Completed
14970,1971,Tablet,2,1565.46,2024-12-29,Pending
14971,1055,Keyboard,2,1378.85,2024-09-03,Pending
14972,1521,Monitor,2,382.17,2024-09-05,Pending
14973,1615,Laptop,4,676.0,2024-06-17,Shipped
14974,1213,Mouse,4,513.33,2024-08-29,Completed
14975,1412,Headphones,1,494.07,2024-04-05,Shipped
14976,1853,Headphones,2,1861.9,2024-01-14,Pending
14977,1670,Tablet,2,355.74,2024-08-09,Completed
14978,1496,Keyboard,3,1441.07,2024-11-01,Cancelled
14979,1711,Mouse,4,1488.46,2024-10-09,Cancelled
14980,1449,Tablet,3,1588.95,2024-03-13,Pending
14981,1781,Headphones,4,1642.82,2024-09-15,Pending
14982,1352,Tablet,4,458.92,2024-12-13,Completed
14983,1618,Monitor,4,284.25,2024-03-09,Pending
14984,1731,Monitor,1,462.31,2024-04-19,Pending
14985,1235,Monitor,3,277.84,2024-07-19,Completed
14986,1028,Mouse,4,247.99,2024-11-07,Cancelled
14987,1757,Monitor,1,1006.4,2024-09-12,Completed
14988,1179,Mouse,3,1906.02,2024-04-10,Pending
14989,1244,Tablet,3,1036.62,2024-03-13,Shipped
14990,1398,Mouse,3,218.36,2024-12-28,Cancelled
14991,1686,Laptop,2,92.24,2024-12-08,Completed
14992,1576,Mouse,4,193.12,2024-11-09,Shipped
14993,1462,Laptop,2,1404.34,2024-11-09,Pending
14994,1577,Phone,4,532.01,2024-09-06,Shipped
14995,1844,Keyboard,2,335.27,2024-03-11,Cancelled
14996,1560,Laptop,2,1723.47,2024-05-14,Pending
14997,1609,Monitor,1,1462.46,2024-02-19,Pending
14998,1717,Monitor,3,54.38,2024-08-03,Cancelled
14999,1834,Headphones,3,413.01,2024-03-03,Completed
15000,1398,Keyboard,3,1943.82,2024-01-08,Cancelled
15001,1710,Laptop,4,481.81,2024-07-17,Cancelled
15002,1268,Phone,4,1666.21,2024-12-06,Completed
15003,1729,Laptop,1,1633.66,2024-12-11,Completed
15004,1123,Tablet,2,1141.92,2024-04-08,Completed
15005,1946,Keyboard,2,200.66,2024-11-24,Cancelled
15006,1728,Monitor,2,254.47,2024-06-04,Cancelled
15007,1121,Monitor,4,582.82,2024-04-15,Completed
15008,1378,Phone,1,631.92,2024-03-22,Completed
15009,1222,Monitor,4,580.76,2024-08-30,Cancelled
15010,1616,Monitor,2,1285.31,2024-06-23,Cancelled
15011,1140,Keyboard,2,426.26,2024-04-11,Pending
15012,1506,Tablet,1,1610.22,2024-06-18,Shipped
15013,1310,Monitor,4,207.14,2024-05-08,Cancelled
15014,1726,Laptop,1,191.61,2024-02-03,Pending
15015,1131,Monitor,4,1206.89,2024-01-04,Completed
15016,1066,Keyboard,4,1947.41,2024-09-19,Shipped
15017,1062,Phone,1,378.18,2024-09-01,Cancelled
15018,1980,Phone,3,312.46,2024-02-06,Completed
15019,1681,Monitor,1,235.54,2024-03-28,Cancelled
15020,1544,Monitor,1,897.15,2024-09-27,Completed
15021,1229,Tablet,4,393.13,2024-09-08,Pending
15022,1578,Tablet,4,1903.49,2024-07-23,Cancelled
15023,1436,Laptop,2,1246.78,2024-03-04,Pending
15024,1948,Mouse,3,147.94,2024-09-30,Pending
15025,1291,Keyboard,1,382.78,2024-06-02,Completed
15026,1570,Tablet,4,501.99,2024-08-31,Completed
15027,1240,Mouse,3,292.56,2024-09-29,Completed
15028,1143,Laptop,4,1770.69,2024-05-10,Cancelled
15029,1248,Phone,4,649.93,2024-12-30,Shipped
15030,1389,Monitor,4,278.87,2024-04-08,Pending
15031,1504,Mouse,2,826.74,2024-05-27,Pending
15032,1804,Keyboard,2,370.66,2024-03-03,Pending
15033,1560,Tablet,1,121.57,2024-05-13,Shipped
15034,1367,Headphones,3,923.44,2024-08-02,Shipped
15035,1838,Headphones,3,651.48,2024-10-24,Shipped
15036,1965,Laptop,2,215.09,2024-01-02,Shipped
15037,1005,Headphones,1,378.77,2024-10-21,Pending
15038,1460,Phone,3,594.05,2024-08-21,Completed
15039,1547,Laptop,3,1130.17,2024-05-25,Shipped
15040,1697,Laptop,4,716.25,2024-07-21,Completed
15041,1604,Headphones,3,1097.64,2024-01-16,Pending
15042,1718,Mouse,4,1994.06,2024-03-20,Completed
15043,1410,Mouse,4,1855.13,2024-08-08,Cancelled
15044,1082,Headphones,1,1745.43,2024-09-15,Shipped
15045,1346,Monitor,2,1076.44,2024-04-18,Completed
15046,1286,Mouse,2,1021.64,2024-07-17,Completed
15047,1861,Tablet,3,1571.62,2024-10-19,Pending
15048,1049,Mouse,1,734.18,2024-03-20,Completed
15049,1760,Laptop,3,734.42,2024-11-11,Completed
15050,1294,Headphones,3,684.68,2024-04-19,Shipped
15051,1133,Monitor,2,1978.91,2024-09-12,Pending
15052,1277,Headphones,4,479.0,2024-10-07,Cancelled
15053,1329,Laptop,2,145.48,2024-02-02,Cancelled
15054,1589,Monitor,2,1301.58,2024-11-08,Shipped
15055,1479,Headphones,2,1810.88,2024-10-16,Completed
15056,1941,Keyboard,4,383.66,2024-08-20,Cancelled
15057,1063,Headphones,4,1480.66,2024-03-17,Shipped
15058,1918,Headphones,3,1491.04,2024-06-25,Cancelled
15059,1294,Laptop,2,1473.4,2024-11-26,Pending
15060,1386,Laptop,4,1923.18,2024-03-01,Cancelled
15061,1562,Keyboard,4,159.56,2024-01-24,Cancelled
15062,1989,Headphones,1,799.4,2024-12-09,Cancelled
15063,1478,Tablet,3,1472.03,2024-11-03,Shipped
15064,1756,Monitor,3,647.47,2024-08-16,Cancelled
15065,1590,Mouse,4,1719.13,2024-07-18,Cancelled
15066,1689,Laptop,3,206.2,2024-11-10,Cancelled
15067,1936,Headphones,2,708.61,2024-10-10,Shipped
15068,1701,Headphones,3,1237.73,2024-09-13,Cancelled
15069,1133,Monitor,2,1881.25,2024-11-25,Pending
15070,1151,Tablet,3,1544.63,2024-05-05,Completed
15071,1612,Mouse,2,465.02,2024-10-25,Shipped
15072,1491,Laptop,2,1645.14,2024-10-07,Shipped
15073,1478,Headphones,4,1714.92,2024-08-16,Pending
15074,1680,Mouse,4,1340.81,2024-09-28,Completed
15075,1662,Tablet,2,853.74,2024-04-01,Shipped
15076,1322,Headphones,1,1874.21,2024-09-05,Completed
15077,1689,Mouse,2,1425.89,2024-08-31,Shipped
15078,1305,Headphones,4,456.72,2024-12-08,Cancelled
15079,1547,Monitor,2,255.3,2024-11-24,Cancelled
15080,1366,Laptop,4,213.44,2024-10-25,Completed
15081,1698,Keyboard,1,1652.51,2024-05-07,Shipped
15082,1259,Tablet,2,1462.68,2024-12-30,Pending
15083,1696,Headphones,4,127.44,2024-12-11,Cancelled
15084,1423,Monitor,1,188.15,2024-05-14,Pending
15085,1848,Headphones,2,718.22,2024-01-23,Pending
15086,1183,Tablet,4,747.16,2024-05-22,Cancelled
15087,1510,Tablet,4,436.67,2024-11-23,Pending
15088,1273,Laptop,3,891.43,2024-04-21,Completed
15089,1410,Phone,2,1262.65,2024-07-26,Pending
15090,1371,Mouse,3,205.13,2024-03-31,Pending
15091,1452,Phone,4,1443.96,2024-02-27,Pending
15092,1555,Mouse,1,961.08,2024-06-17,Pending
15093,1526,Phone,2,1378.46,2024-04-27,Cancelled
15094,1099,Laptop,2,509.74,2024-09-08,Completed
15095,1151,Tablet,4,1451.13,2024-04-30,Shipped
15096,1237,Monitor,1,1585.26,2024-05-21,Cancelled
15097,1012,Phone,1,513.0,2024-04-29,Cancelled
15098,1361,Headphones,1,914.42,2024-01-24,Pending
15099,1058,Headphones,4,1791.87,2024-01-14,Completed
15100,1487,Mouse,2,1400.06,2024-06-24,Pending
15101,1691,Phone,4,163.79,2024-02-07,Cancelled
15102,1211,Monitor,1,1043.59,2024-09-13,Cancelled
15103,1238,Tablet,1,1611.19,2024-06-12,Shipped
15104,1580,Tablet,4,820.53,2024-08-31,Pending
15105,1069,Laptop,4,741.45,2024-04-09,Completed
15106,1077,Monitor,2,784.77,2024-06-02,Completed
15107,1033,Phone,1,1415.95,2024-04-25,Completed
15108,1884,Mouse,2,1862.06,2024-04-21,Cancelled
15109,1313,Keyboard,1,1182.52,2024-11-03,Cancelled
15110,1234,Laptop,2,634.31,2024-09-06,Completed
15111,1822,Mouse,1,1142.29,2024-10-23,Cancelled
15112,1629,Tablet,3,1333.24,2024-12-12,Pending
15113,1013,Tablet,2,1834.0,2024-10-09,Shipped
15114,1076,Headphones,3,438.34,2024-03-22,Pending
15115,1281,Monitor,1,1492.58,2024-07-31,Pending
15116,1594,Tablet,1,164.55,2024-12-13,Pending
15117,1629,Mouse,4,1624.08,2024-06-08,Pending
15118,1076,Laptop,3,270.71,2024-10-23,Completed
15119,1186,Phone,2,1749.07,2024-04-14,Cancelled
15120,1934,Tablet,3,1875.98,2024-06-07,Cancelled
15121,1028,Keyboard,1,365.6,2024-01-09,Cancelled
15122,1552,Keyboard,2,1856.06,2024-04-13,Pending
15123,1663,Headphones,2,1152.76,2024-03-13,Cancelled
15124,1134,Phone,1,199.13,2024-11-05,Cancelled
15125,1482,Laptop,3,484.18,2024-06-22,Shipped
15126,1825,Monitor,2,1091.75,2024-06-10,Pending
15127,1181,Monitor,4,1981.75,2024-03-08,Shipped
15128,1703,Tablet,3,1730.17,2024-12-25,Completed
15129,1465,Headphones,2,1221.56,2024-09-06,Cancelled
15130,1353,Keyboard,2,66.33,2024-10-09,Completed
15131,1177,Laptop,2,1307.82,2024-07-15,Shipped
15132,1991,Headphones,1,1663.23,2024-08-04,Completed
15133,1577,Headphones,4,955.56,2024-11-20,Pending
15134,1849,Keyboard,3,1671.92,2024-03-18,Pending
15135,1715,Monitor,2,276.18,2024-09-18,Shipped
15136,1485,Headphones,4,1751.57,2024-07-15,Shipped
15137,1189,Monitor,1,174.86,2024-07-05,Cancelled
15138,1736,Phone,3,179.62,2024-04-30,Cancelled
15139,1301,Mouse,4,407.98,2024-11-03,Shipped
15140,1277,Headphones,4,1651.62,2024-12-01,Pending
15141,1667,Tablet,1,1324.02,2024-08-19,Cancelled
15142,1184,Monitor,1,935.08,2024-02-20,Cancelled
15143,1809,Keyboard,2,330.85,2024-12-23,Completed
15144,1580,Tablet,2,1554.45,2024-06-13,Completed
15145,1484,Headphones,3,904.54,2024-02-17,Completed
15146,1340,Phone,2,1678.88,2024-01-13,Cancelled
15147,1680,Laptop,3,1513.28,2024-03-26,Shipped
15148,1557,Tablet,2,820.77,2024-12-26,Shipped
15149,1621,Tablet,1,1127.72,2024-10-26,Shipped
15150,1302,Phone,1,317.29,2024-07-09,Shipped
15151,1503,Laptop,3,1195.84,2024-01-22,Shipped
15152,1184,Keyboard,3,352.0,2024-04-22,Completed
15153,1378,Monitor,1,1917.76,2024-09-20,Completed
15154,1605,Phone,1,837.26,2024-06-03,Pending
15155,1143,Phone,3,1694.57,2024-12-02,Cancelled
15156,1959,Monitor,2,1721.39,2024-09-19,Completed
15157,1564,Monitor,3,1990.85,2024-06-11,Pending
15158,1292,Laptop,4,1932.28,2024-11-29,Shipped
15159,1683,Laptop,1,730.79,2024-04-15,Cancelled
15160,1320,Tablet,1,630.45,2024-09-15,Shipped
15161,1110,Keyboard,3,1343.67,2024-12-05,Pending
15162,1768,Headphones,1,1654.33,2024-01-01,Completed
15163,1256,Headphones,1,281.3,2024-11-14,Cancelled
15164,1718,Headphones,4,595.71,2024-10-25,Cancelled
15165,1812,Mouse,1,774.49,2024-04-03,Pending
15166,1762,Keyboard,2,981.76,2024-05-05,Shipped
15167,1089,Phone,4,183.06,2024-04-30,Shipped
15168,1533,Mouse,4,648.57,2024-10-22,Pending
15169,1597,Monitor,3,1803.29,2024-03-09,Pending
15170,1193,Headphones,3,1248.59,2024-06-15,Cancelled
15171,1903,Tablet,1,64.53,2024-11-01,Shipped
15172,1394,Monitor,1,938.69,2024-08-02,Cancelled
15173,1539,Keyboard,1,1685.58,2024-04-09,Shipped
15174,1021,Headphones,2,1667.47,2024-04-25,Completed
15175,1535,Phone,1,832.12,2024-06-16,Shipped
15176,1978,Laptop,2,1180.71,2024-12-31,Pending
15177,1241,Keyboard,1,1157.59,2024-04-04,Completed
15178,1596,Mouse,3,1997.71,2024-02-21,Pending
15179,1434,Phone,3,1411.92,2024-08-03,Cancelled
15180,1588,Phone,3,1213.62,2024-06-15,Completed
15181,1522,Phone,2,1742.18,2024-09-09,Completed
15182,1939,Phone,3,717.37,2024-02-14,Completed
15183,1071,Tablet,2,1717.95,2024-01-16,Shipped
15184,1724,Mouse,1,299.81,2024-09-17,Pending
15185,1377,Tablet,1,918.2,2024-03-08,Completed
15186,1227,Headphones,1,970.26,2024-04-01,Shipped
15187,1158,Headphones,4,100.53,2024-03-06,Completed
15188,1972,Monitor,2,1517.39,2024-06-10,Cancelled
15189,1539,Monitor,4,1799.12,2024-08-03,Completed
15190,1989,Headphones,4,1707.51,2024-03-11,Completed
15191,1315,Laptop,4,189.49,2024-08-16,Pending
15192,1762,Mouse,3,877.68,2024-12-20,Cancelled
15193,1448,Keyboard,4,1184.51,2024-07-19,Completed
15194,1736,Headphones,4,1287.26,2024-11-24,Completed
15195,1828,Laptop,1,458.3,2024-02-24,Shipped
15196,1141,Phone,2,77.92,2024-03-24,Pending
15197,1789,Monitor,2,207.23,2024-04-21,Pending
15198,1667,Monitor,3,580.77,2024-11-28,Completed
15199,1826,Laptop,4,230.75,2024-06-06,Shipped
15200,1431,Headphones,4,408.9,2024-11-17,Cancelled
15201,1189,Tablet,1,1948.82,2024-04-26,Pending
15202,1030,Keyboard,3,1253.67,2024-09-17,Completed
15203,1427,Tablet,4,944.19,2024-08-21,Shipped
15204,1686,Headphones,1,1569.47,2024-11-24,Pending
15205,1593,Phone,2,375.17,2024-10-07,Completed
15206,1783,Keyboard,3,1885.12,2024-12-27,Completed
15207,1793,Tablet,2,1650.98,2024-11-30,Completed
15208,1555,Headphones,3,1315.9,2024-02-08,Pending
15209,1621,Headphones,4,362.52,2024-05-06,Completed
15210,1187,Keyboard,2,1104.36,2024-03-17,Pending
15211,1611,Tablet,3,1515.81,2024-11-10,Shipped
15212,1840,Headphones,4,1533.42,2024-09-08,Completed
15213,1370,Headphones,4,525.14,2024-07-12,Completed
15214,1276,Headphones,3,1083.22,2024-03-14,Cancelled
15215,1687,Tablet,4,809.56,2024-08-10,Completed
15216,1294,Laptop,4,1511.91,2024-12-04,Shipped
15217,1353,Mouse,4,911.47,2024-04-14,Completed
15218,1350,Monitor,2,947.02,2024-09-11,Completed
15219,1557,Phone,2,1593.37,2024-02-23,Completed
15220,1900,Monitor,2,880.97,2024-06-25,Completed
15221,1534,Keyboard,4,1310.67,2024-05-25,Pending
15222,1000,Monitor,1,54.2,2024-10-11,Cancelled
15223,1212,Phone,4,1245.41,2024-11-03,Cancelled
15224,1439,Laptop,3,1713.32,2024-11-01,Pending
15225,1122,Laptop,4,508.86,2024-03-27,Completed
15226,1177,Laptop,4,818.24,2024-01-31,Shipped
15227,1998,Phone,2,1111.88,2024-01-14,Pending
15228,1688,Headphones,4,532.38,2024-07-10,Completed
15229,1292,Mouse,2,1169.15,2024-02-17,Completed
15230,1198,Monitor,3,354.26,2024-03-02,Shipped
15231,1406,Monitor,4,1274.12,2024-04-04,Cancelled
15232,1563,Keyboard,4,370.49,2024-03-30,Completed
15233,1175,Phone,1,1750.88,2024-10-08,Shipped
15234,1782,Monitor,3,1322.96,2024-12-19,Pending
15235,1281,Headphones,1,467.81,2024-05-02,Shipped
15236,1229,Mouse,3,1664.34,2024-02-17,Cancelled
15237,1714,Headphones,1,1507.15,2024-01-08,Completed
15238,1503,Tablet,1,1839.24,2024-12-16,Completed
15239,1521,Mouse,1,749.57,2024-04-26,Completed
15240,1256,Laptop,2,1098.63,2024-10-02,Completed
15241,1140,Headphones,4,105.53,2024-03-25,Completed
15242,1478,Laptop,1,989.37,2024-09-13,Cancelled
15243,1450,Headphones,4,1405.64,2024-09-20,Shipped
15244,1235,Laptop,2,60.86,2024-04-26,Pending
15245,1694,Laptop,2,1120.89,2024-04-07,Completed
15246,1430,Headphones,1,86.18,2024-09-25,Shipped
15247,1134,Headphones,4,1730.37,2024-06-20,Completed
15248,1281,Keyboard,1,387.23,2024-11-01,Pending
15249,1697,Mouse,3,890.41,2024-05-14,Cancelled
15250,1890,Keyboard,4,62.6,2024-01-17,Cancelled
15251,1161,Monitor,2,549.75,2024-02-09,Completed
15252,1247,Headphones,2,299.18,2024-01-31,Completed
15253,1229,Mouse,4,351.64,2024-07-17,Cancelled
15254,1330,Headphones,2,487.16,2024-11-27,Pending
15255,1802,Headphones,3,1550.62,2024-04-18,Shipped
15256,1532,Phone,1,257.35,2024-08-19,Cancelled
15257,1617,Headphones,1,1049.51,2024-06-12,Pending
15258,1728,Tablet,4,1467.1,2024-01-30,Cancelled
15259,1554,Tablet,4,499.13,2024-08-13,Pending
15260,1194,Monitor,4,702.87,2024-11-05,Pending
15261,1840,Tablet,2,1472.72,2024-01-12,Completed
15262,1791,Headphones,4,330.6,2024-09-12,Pending
15263,1252,Mouse,1,1059.96,2024-10-20,Completed
15264,1488,Keyboard,1,1429.23,2024-01-19,Pending
15265,1015,Monitor,1,111.57,2024-03-12,Completed
15266,1228,Keyboard,1,1505.54,2024-04-09,Pending
15267,1764,Tablet,3,949.61,2024-05-04,Completed
15268,1332,Phone,3,470.94,2024-10-11,Cancelled
15269,1354,Laptop,4,335.16,2024-08-27,Pending
15270,1068,Keyboard,2,1808.51,2024-07-04,Completed
15271,1120,Phone,4,739.85,2024-04-29,Shipped
15272,1228,Tablet,4,1446.9,2024-01-10,Shipped
15273,1966,Headphones,3,260.98,2024-01-20,Shipped
15274,1158,Monitor,3,1189.75,2024-12-26,Completed
15275,1797,Headphones,3,783.91,2024-05-24,Cancelled
15276,1313,Laptop,4,720.99,2024-03-02,Completed
15277,1158,Mouse,3,723.08,2024-10-01,Completed
15278,1855,Monitor,3,806.52,2024-09-21,Cancelled
15279,1453,Tablet,1,1502.2,2024-12-05,Completed
15280,1142,Laptop,3,1790.96,2024-11-26,Pending
15281,1445,Laptop,3,1861.68,2024-09-15,Completed
15282,1116,Laptop,4,538.46,2024-03-05,Cancelled
15283,1146,Headphones,1,378.66,2024-09-13,Pending
15284,1798,Monitor,3,509.63,2024-01-03,Completed
15285,1771,Laptop,3,635.16,2024-02-16,Shipped
15286,1555,Mouse,2,394.11,2024-03-25,Completed
15287,1148,Laptop,4,948.9,2024-01-12,Cancelled
15288,1577,Phone,4,1463.69,2024-05-26,Cancelled
15289,1885,Tablet,1,974.36,2024-08-17,Completed
15290,1273,Mouse,3,648.06,2024-11-16,Cancelled
15291,1114,Keyboard,1,533.31,2024-10-26,Completed
15292,1194,Tablet,4,1516.84,2024-10-28,Shipped
15293,1062,Tablet,3,1826.35,2024-09-21,Pending
15294,1489,Keyboard,4,720.96,2024-05-20,Shipped
15295,1077,Tablet,1,357.59,2024-02-06,Shipped
15296,1622,Tablet,4,1791.06,2024-08-07,Shipped
15297,1615,Tablet,3,632.7,2024-04-05,Pending
15298,1674,Phone,2,86.39,2024-01-06,Pending
15299,1460,Tablet,2,1686.69,2024-01-30,Completed
15300,1304,Monitor,2,1941.97,2024-02-05,Shipped
15301,1224,Monitor,4,1941.21,2024-11-07,Completed
15302,1777,Phone,4,1177.03,2024-10-19,Shipped
15303,1622,Keyboard,1,479.66,2024-11-18,Pending
15304,1841,Phone,2,1784.52,2024-03-30,Cancelled
15305,1047,Monitor,2,606.06,2024-01-30,Completed
15306,1588,Laptop,2,842.97,2024-05-22,Shipped
15307,1080,Tablet,4,149.38,2024-04-01,Shipped
15308,1500,Keyboard,3,787.96,2024-03-09,Cancelled
15309,1353,Phone,2,150.53,2024-11-28,Pending
15310,1711,Monitor,3,1268.29,2024-10-27,Shipped
15311,1560,Laptop,1,1479.1,2024-01-12,Shipped
15312,1592,Laptop,1,1725.28,2024-10-28,Pending
15313,1977,Phone,2,1062.83,2024-04-11,Completed
15314,1493,Monitor,4,156.76,2024-07-10,Cancelled
15315,1049,Headphones,2,1057.53,2024-09-14,Shipped
15316,1079,Headphones,4,861.59,2024-04-28,Pending
15317,1202,Mouse,2,894.01,2024-12-11,Completed
15318,1589,Tablet,2,448.33,2024-07-26,Pending
15319,1080,Mouse,3,1724.84,2024-03-31,Shipped
15320,1861,Monitor,1,1207.48,2024-07-24,Cancelled
15321,1017,Headphones,4,859.44,2024-10-24,Completed
15322,1488,Mouse,4,976.74,2024-04-13,Cancelled
15323,1811,Tablet,3,804.64,2024-01-02,Shipped
15324,1723,Mouse,3,753.7,2024-12-02,Completed
15325,1511,Keyboard,2,1634.67,2024-09-28,Cancelled
15326,1933,Mouse,2,691.7,2024-08-12,Completed
15327,1810,Monitor,4,170.82,2024-06-22,Shipped
15328,1036,Phone,4,61.99,2024-07-09,Cancelled
15329,1106,Tablet,4,461.03,2024-04-07,Cancelled
15330,1978,Monitor,3,719.43,2024-03-22,Cancelled
15331,1495,Tablet,3,155.91,2024-05-17,Pending
15332,1401,Headphones,2,645.77,2024-10-14,Cancelled
15333,1457,Mouse,3,579.57,2024-05-26,Cancelled
15334,1944,Laptop,4,482.3,2024-11-08,Cancelled
15335,1974,Monitor,2,419.18,2024-11-22,Completed
15336,1800,Monitor,4,1648.39,2024-06-17,Cancelled
15337,1649,Keyboard,4,1535.07,2024-01-11,Pending
15338,1912,Phone,3,1604.14,2024-11-15,Cancelled
15339,1078,Mouse,4,1349.84,2024-03-01,Cancelled
15340,1817,Mouse,1,730.33,2024-05-28,Pending
15341,1391,Headphones,3,1707.4,2024-10-23,Completed
15342,1874,Headphones,2,107.04,2024-06-17,Shipped
15343,1971,Keyboard,3,194.83,2024-11-08,Pending
15344,1502,Keyboard,4,622.13,2024-07-25,Completed
15345,1281,Keyboard,3,710.74,2024-04-27,Shipped
15346,1562,Laptop,4,744.29,2024-12-19,Completed
15347,1951,Laptop,3,330.15,2024-01-05,Shipped
15348,1120,Laptop,4,851.68,2024-10-14,Cancelled
15349,1262,Laptop,4,1359.52,2024-08-21,Shipped
15350,1163,Monitor,4,1301.67,2024-11-10,Shipped
15351,1794,Mouse,1,1306.56,2024-05-17,Completed
15352,1212,Headphones,1,1667.12,2024-07-16,Pending
15353,1357,Tablet,4,495.71,2024-05-07,Completed
15354,1781,Phone,3,1483.88,2024-06-09,Completed
15355,1844,Mouse,2,1999.39,2024-01-21,Completed
15356,1590,Mouse,2,1280.54,2024-04-25,Shipped
15357,1307,Mouse,1,378.35,2024-06-10,Pending
15358,1384,Headphones,2,345.04,2024-07-14,Completed
15359,1059,Keyboard,2,1011.65,2024-07-28,Completed
15360,1908,Tablet,3,1000.13,2024-03-09,Pending
15361,1641,Laptop,1,291.84,2024-03-18,Shipped
15362,1868,Laptop,4,165.03,2024-06-01,Shipped
15363,1721,Tablet,4,1991.39,2024-11-21,Cancelled
15364,1500,Phone,2,1964.24,2024-08-28,Pending
15365,1684,Headphones,3,1544.52,2024-03-04,Shipped
15366,1211,Phone,4,1789.35,2024-12-06,Shipped
15367,1142,Keyboard,3,92.06,2024-06-04,Pending
15368,1455,Headphones,1,1728.67,2024-04-11,Cancelled
15369,1787,Laptop,1,1677.97,2024-11-29,Pending
15370,1608,Keyboard,2,976.39,2024-12-01,Shipped
15371,1660,Phone,2,1183.44,2024-09-21,Pending
15372,1669,Monitor,1,737.82,2024-03-20,Shipped
15373,1065,Laptop,2,380.88,2024-09-16,Pending
15374,1758,Keyboard,2,279.33,2024-11-24,Completed
15375,1372,Monitor,1,899.66,2024-01-16,Cancelled
15376,1169,Keyboard,1,1504.75,2024-01-17,Shipped
15377,1148,Laptop,1,902.81,2024-07-06,Shipped
15378,1937,Keyboard,2,1722.14,2024-06-29,Completed
15379,1833,Mouse,3,975.5,2024-06-17,Cancelled
15380,1511,Monitor,4,1484.41,2024-04-10,Cancelled
15381,1976,Keyboard,3,1553.62,2024-06-20,Shipped
15382,1248,Headphones,2,1905.21,2024-04-19,Completed
15383,1740,Mouse,3,1082.64,2024-07-10,Cancelled
15384,1020,Phone,1,747.31,2024-06-08,Cancelled
15385,1371,Keyboard,2,1197.0,2024-10-28,Shipped
15386,1153,Keyboard,1,767.45,2024-09-22,Cancelled
15387,1076,Headphones,4,168.54,2024-06-18,Pending
15388,1018,Headphones,4,679.45,2024-03-12,Pending
15389,1371,Headphones,4,1527.75,2024-05-02,Cancelled
15390,1702,Keyboard,4,1389.65,2024-07-15,Shipped
15391,1671,Monitor,2,1075.25,2024-05-15,Completed
15392,1958,Mouse,1,324.71,2024-01-18,Cancelled
15393,1430,Monitor,4,754.3,2024-02-12,Completed
15394,1215,Tablet,4,263.41,2024-08-14,Cancelled
15395,1288,Monitor,4,57.42,2024-08-01,Shipped
15396,1026,Laptop,2,1616.42,2024-10-12,Cancelled
15397,1876,Headphones,3,1125.92,2024-05-27,Shipped
15398,1110,Monitor,2,1621.63,2024-12-04,Completed
15399,1351,Tablet,4,947.31,2024-01-12,Cancelled
15400,1717,Keyboard,2,1006.71,2024-01-17,Shipped
15401,1222,Headphones,4,744.84,2024-04-04,Completed
15402,1175,Monitor,2,769.6,2024-09-30,Shipped
15403,1581,Tablet,4,1692.91,2024-09-17,Completed
15404,1905,Phone,3,859.17,2024-03-04,Pending
15405,1745,Phone,2,362.91,2024-03-05,Pending
15406,1424,Mouse,2,1483.05,2024-07-13,Shipped
15407,1693,Tablet,4,223.94,2024-01-17,Completed
15408,1890,Phone,1,195.71,2024-06-30,Pending
15409,1297,Headphones,4,1608.16,2024-09-21,Pending
15410,1739,Monitor,3,1040.04,2024-11-22,Shipped
15411,1801,Tablet,1,394.76,2024-03-22,Cancelled
15412,1587,Headphones,2,1009.2,2024-10-15,Cancelled
15413,1575,Monitor,3,1279.0,2024-03-12,Pending
15414,1661,Keyboard,1,322.71,2024-08-31,Shipped
15415,1886,Headphones,3,1813.25,2024-09-24,Cancelled
15416,1138,Monitor,1,1421.72,2024-07-13,Shipped
15417,1008,Monitor,1,798.33,2024-07-21,Pending
15418,1322,Keyboard,1,1155.06,2024-09-08,Cancelled
15419,1382,Mouse,4,1341.91,2024-06-17,Pending
15420,1765,Tablet,2,1641.72,2024-08-15,Shipped
15421,1960,Laptop,1,866.04,2024-07-03,Pending
15422,1046,Tablet,2,1709.59,2024-12-14,Shipped
15423,1962,Monitor,3,557.59,2024-05-15,Shipped
15424,1252,Monitor,3,1417.51,2024-07-11,Shipped
15425,1914,Keyboard,2,1435.72,2024-10-21,Completed
15426,1793,Tablet,3,181.62,2024-04-05,Shipped
15427,1238,Keyboard,3,1036.36,2024-06-25,Shipped
15428,1814,Tablet,3,1767.44,2024-12-02,Completed
15429,1271,Laptop,4,609.71,2024-09-19,Cancelled
15430,1104,Mouse,1,1963.53,2024-09-11,Shipped
15431,1326,Laptop,3,104.54,2024-11-18,Cancelled
15432,1490,Monitor,2,205.28,2024-05-28,Completed
15433,1205,Keyboard,1,175.59,2024-07-27,Cancelled
15434,1774,Mouse,3,1196.99,2024-09-24,Completed
15435,1971,Phone,2,1299.13,2024-03-06,Completed
15436,1862,Mouse,1,1819.81,2024-04-11,Completed
15437,1507,Laptop,2,126.2,2024-03-27,Pending
15438,1306,Mouse,2,169.85,2024-01-26,Pending
15439,1229,Headphones,1,493.6,2024-03-25,Completed
15440,1824,Phone,1,691.29,2024-03-11,Pending
15441,1104,Monitor,1,187.45,2024-03-07,Cancelled
15442,1626,Monitor,1,1479.52,2024-01-02,Pending
15443,1516,Headphones,3,431.9,2024-02-26,Cancelled
15444,1354,Headphones,4,275.71,2024-12-05,Pending
15445,1085,Phone,3,1253.87,2024-11-01,Pending
15446,1960,Tablet,1,1709.13,2024-07-22,Completed
15447,1638,Tablet,4,622.41,2024-01-16,Shipped
15448,1373,Laptop,2,385.48,2024-04-19,Pending
15449,1541,Phone,1,1104.19,2024-07-12,Shipped
15450,1172,Phone,4,1896.3,2024-12-30,Shipped
15451,1852,Mouse,4,1578.38,2024-04-10,Completed
15452,1330,Phone,1,159.77,2024-04-22,Completed
15453,1590,Keyboard,1,1274.68,2024-11-15,Completed
15454,1618,Monitor,4,1904.92,2024-02-25,Cancelled
15455,1462,Headphones,4,1759.9,2024-08-07,Completed
15456,1769,Keyboard,4,58.16,2024-06-23,Shipped
15457,1988,Keyboard,2,521.04,2024-09-08,Pending
15458,1112,Laptop,2,1197.34,2024-10-10,Pending
15459,1538,Keyboard,2,937.91,2024-08-13,Cancelled
15460,1172,Tablet,1,1073.07,2024-05-04,Pending
15461,1947,Tablet,2,583.82,2024-04-21,Shipped
15462,1502,Monitor,2,648.25,2024-05-24,Completed
15463,1605,Mouse,1,239.83,2024-09-12,Shipped
15464,1878,Phone,2,854.94,2024-07-28,Shipped
15465,1435,Monitor,3,1865.54,2024-04-29,Completed
15466,1350,Monitor,3,561.71,2024-06-15,Cancelled
15467,1332,Monitor,2,1174.83,2024-01-30,Shipped
15468,1988,Headphones,4,1267.13,2024-03-08,Pending
15469,1668,Phone,2,1778.34,2024-12-14,Pending
15470,1830,Mouse,4,1131.39,2024-01-31,Cancelled
15471,1556,Laptop,2,1413.61,2024-12-07,Cancelled
15472,1880,Mouse,1,1781.04,2024-01-06,Cancelled
15473,1207,Keyboard,4,590.83,2024-08-01,Shipped
15474,1007,Headphones,3,721.25,2024-05-19,Shipped
15475,1929,Headphones,2,1659.71,2024-05-07,Cancelled
15476,1871,Phone,4,1025.84,2024-04-29,Cancelled
15477,1687,Tablet,4,551.16,2024-12-18,Shipped
15478,1200,Phone,3,1647.41,2024-06-19,Completed
15479,1527,Headphones,3,135.75,2024-10-24,Shipped
15480,1416,Tablet,2,593.8,2024-09-27,Cancelled
15481,1397,Keyboard,2,696.42,2024-12-15,Shipped
15482,1349,Keyboard,3,1128.06,2024-10-04,Pending
15483,1153,Mouse,3,654.53,2024-05-28,Cancelled
15484,1439,Tablet,4,1787.54,2024-06-20,Shipped
15485,1072,Monitor,2,1239.27,2024-10-17,Completed
15486,1880,Monitor,2,1310.75,2024-07-13,Cancelled
15487,1319,Monitor,1,1237.41,2024-03-16,Cancelled
15488,1637,Monitor,3,1471.18,2024-05-10,Cancelled
15489,1779,Laptop,2,890.02,2024-09-04,Shipped
15490,1152,Mouse,3,1645.95,2024-07-17,Cancelled
15491,1514,Laptop,1,1060.36,2024-12-05,Cancelled
15492,1710,Laptop,3,857.4,2024-03-03,Completed
15493,1964,Laptop,3,497.07,2024-03-02,Shipped
15494,1261,Keyboard,1,322.87,2024-04-26,Shipped
15495,1784,Headphones,2,674.59,2024-03-15,Cancelled
15496,1328,Laptop,4,1839.0,2024-07-20,Cancelled
15497,1680,Laptop,1,922.1,2024-04-28,Pending
15498,1194,Tablet,1,1620.0,2024-12-05,Cancelled
15499,1965,Mouse,3,1074.69,2024-07-29,Completed
15500,1581,Tablet,1,1735.74,2024-04-27,Pending
15501,1224,Headphones,4,349.02,2024-04-17,Shipped
15502,1493,Phone,1,866.79,2024-12-06,Cancelled
15503,1353,Keyboard,1,981.43,2024-01-02,Completed
15504,1446,Laptop,4,1241.52,2024-04-10,Shipped
15505,1347,Monitor,1,1046.26,2024-10-23,Pending
15506,1648,Tablet,2,144.96,2024-09-25,Pending
15507,1592,Mouse,1,294.65,2024-12-24,Cancelled
15508,1674,Mouse,1,1393.46,2024-01-04,Shipped
15509,1798,Phone,2,711.52,2024-05-18,Completed
15510,1374,Headphones,3,1256.04,2024-12-19,Shipped
15511,1375,Laptop,1,1598.91,2024-11-18,Completed
15512,1593,Tablet,2,1384.76,2024-07-12,Cancelled
15513,1019,Tablet,1,1631.32,2024-03-24,Pending
15514,1775,Keyboard,4,245.3,2024-02-27,Cancelled
15515,1793,Laptop,4,1274.89,2024-05-02,Cancelled
15516,1382,Tablet,4,387.24,2024-10-12,Completed
15517,1804,Phone,4,1301.94,2024-04-01,Completed
15518,1787,Tablet,1,75.09,2024-06-24,Pending
15519,1399,Monitor,3,1046.83,2024-11-23,Completed
15520,1292,Phone,2,1784.04,2024-03-15,Pending
15521,1589,Keyboard,2,1572.37,2024-04-03,Shipped
15522,1517,Monitor,3,1933.82,2024-01-04,Cancelled
15523,1603,Headphones,1,1940.71,2024-07-09,Pending
15524,1833,Mouse,4,1803.6,2024-09-19,Cancelled
15525,1493,Mouse,1,697.23,2024-11-14,Shipped
15526,1729,Mouse,4,1776.88,2024-02-02,Completed
15527,1782,Headphones,1,795.2,2024-03-16,Shipped
15528,1447,Monitor,1,1299.42,2024-04-12,Cancelled
15529,1372,Keyboard,1,612.77,2024-11-12,Cancelled
15530,1921,Monitor,1,568.06,2024-07-24,Pending
15531,1248,Tablet,1,1440.43,2024-02-27,Completed
15532,1433,Phone,4,1351.54,2024-06-21,Shipped
15533,1255,Mouse,4,940.53,2024-03-30,Pending
15534,1533,Headphones,4,1243.13,2024-02-24,Shipped
15535,1002,Phone,4,727.38,2024-12-31,Shipped
15536,1509,Tablet,4,1066.75,2024-09-13,Shipped
15537,1343,Headphones,2,1716.48,2024-06-13,Pending
15538,1290,Keyboard,4,705.37,2024-04-23,Completed
15539,1725,Laptop,4,452.06,2024-04-26,Cancelled
15540,1330,Mouse,1,938.19,2024-01-29,Completed
15541,1611,Mouse,3,1652.59,2024-11-28,Pending
15542,1103,Mouse,3,88.91,2024-04-02,Pending
15543,1359,Mouse,2,123.95,2024-01-13,Completed
15544,1622,Monitor,2,1664.43,2024-10-23,Completed
15545,1874,Headphones,4,290.84,2024-06-11,Cancelled
15546,1466,Tablet,1,906.15,2024-08-14,Cancelled
15547,1949,Headphones,1,513.27,2024-12-20,Cancelled
15548,1815,Monitor,3,647.52,2024-03-08,Pending
15549,1672,Mouse,4,437.04,2024-04-15,Shipped
15550,1874,Headphones,4,1925.61,2024-11-30,Pending
15551,1292,Tablet,3,1381.01,2024-08-16,Cancelled
15552,1548,Monitor,1,420.37,2024-11-16,Pending
15553,1327,Headphones,1,112.58,2024-09-08,Completed
15554,1607,Laptop,3,593.18,2024-03-07,Cancelled
15555,1177,Monitor,3,1876.16,2024-04-04,Completed
15556,1014,Laptop,4,1993.25,2024-04-23,Pending
15557,1141,Laptop,1,1618.37,2024-08-04,Shipped
15558,1005,Tablet,1,1927.64,2024-08-28,Completed
15559,1327,Mouse,3,1690.85,2024-01-27,Completed
15560,1411,Monitor,1,1773.3,2024-03-16,Cancelled
15561,1901,Mouse,1,957.26,2024-12-13,Pending
15562,1628,Keyboard,3,1756.13,2024-10-02,Completed
15563,1165,Laptop,3,517.37,2024-03-22,Cancelled
15564,1572,Mouse,4,206.22,2024-09-16,Cancelled
15565,1186,Mouse,3,525.03,2024-01-02,Shipped
15566,1607,Headphones,3,787.58,2024-03-18,Shipped
15567,1466,Phone,2,1562.32,2024-12-09,Completed
15568,1395,Keyboard,2,1656.82,2024-07-21,Pending
15569,1364,Tablet,1,791.5,2024-12-22,Cancelled
15570,1316,Mouse,3,622.95,2024-06-24,Cancelled
15571,1988,Monitor,3,260.98,2024-04-22,Shipped
15572,1878,Laptop,3,1186.45,2024-01-15,Completed
15573,1262,Headphones,2,457.35,2024-09-01,Pending
15574,1182,Mouse,3,931.87,2024-04-11,Shipped
15575,1959,Phone,2,1251.39,2024-08-31,Pending
15576,1633,Laptop,2,1958.91,2024-08-04,Completed
15577,1218,Mouse,1,1980.78,2024-09-12,Pending
15578,1818,Headphones,3,1455.8,2024-05-22,Completed
15579,1288,Tablet,3,414.52,2024-04-02,Completed
15580,1764,Monitor,4,1760.0,2024-08-14,Pending
15581,1090,Laptop,1,1505.7,2024-06-15,Pending
15582,1481,Phone,1,1134.94,2024-11-20,Completed
15583,1041,Phone,2,1912.43,2024-05-11,Cancelled
15584,1050,Monitor,3,353.55,2024-09-20,Pending
15585,1876,Laptop,3,599.96,2024-12-24,Shipped
15586,1451,Mouse,2,382.31,2024-04-02,Completed
15587,1279,Mouse,4,543.45,2024-04-12,Completed
15588,1564,Headphones,2,1650.58,2024-12-26,Shipped
15589,1460,Monitor,4,1639.08,2024-01-14,Completed
15590,1129,Phone,3,1762.39,2024-10-29,Shipped
15591,1297,Phone,1,686.92,2024-05-17,Shipped
15592,1506,Tablet,4,77.8,2024-09-13,Shipped
15593,1405,Tablet,3,1178.23,2024-09-22,Completed
15594,1474,Mouse,3,1406.37,2024-10-10,Completed
15595,1079,Mouse,1,860.96,2024-12-03,Shipped
15596,1619,Tablet,1,1172.5,2024-09-07,Pending
15597,1536,Phone,2,248.46,2024-10-08,Shipped
15598,1846,Monitor,4,642.53,2024-10-08,Completed
15599,1894,Tablet,2,629.4,2024-01-18,Shipped
15600,1700,Mouse,3,1009.0,2024-08-30,Shipped
15601,1355,Headphones,3,1793.22,2024-07-31,Cancelled
15602,1657,Tablet,1,697.67,2024-09-16,Cancelled
15603,1372,Phone,3,1584.52,2024-12-11,Cancelled
15604,1421,Phone,3,1466.41,2024-03-01,Cancelled
15605,1882,Monitor,2,1378.95,2024-07-27,Pending
15606,1919,Laptop,1,1853.4,2024-06-13,Pending
15607,1875,Keyboard,2,1648.4,2024-12-05,Pending
15608,1233,Tablet,1,984.97,2024-11-21,Pending
15609,1737,Phone,3,1859.74,2024-08-02,Completed
15610,1867,Mouse,1,1257.25,2024-04-06,Pending
15611,1963,Phone,2,1773.58,2024-06-08,Cancelled
15612,1754,Laptop,1,1022.33,2024-10-22,Shipped
15613,1884,Laptop,3,1784.32,2024-07-28,Shipped
15614,1142,Laptop,2,120.64,2024-08-27,Completed
15615,1024,Laptop,3,1597.8,2024-03-18,Cancelled
15616,1419,Headphones,4,1884.64,2024-09-05,Completed
15617,1884,Keyboard,1,1136.64,2024-08-09,Cancelled
15618,1008,Laptop,4,762.05,2024-10-13,Completed
15619,1100,Phone,3,1247.07,2024-01-02,Pending
15620,1052,Headphones,3,381.47,2024-01-08,Pending
15621,1726,Mouse,3,984.48,2024-07-19,Pending
15622,1601,Laptop,4,1686.79,2024-09-23,Completed
15623,1319,Phone,1,1273.88,2024-02-23,Completed
15624,1535,Mouse,2,1185.67,2024-06-27,Cancelled
15625,1738,Laptop,3,369.84,2024-12-10,Cancelled
15626,1158,Tablet,3,682.29,2024-06-25,Pending
15627,1991,Mouse,3,1432.9,2024-07-19,Pending
15628,1540,Phone,4,1255.21,2024-04-27,Completed
15629,1553,Keyboard,1,624.03,2024-04-13,Shipped
15630,1651,Phone,4,529.44,2024-12-27,Pending
15631,1623,Tablet,1,1470.51,2024-11-17,Pending
15632,1234,Mouse,3,920.73,2024-04-25,Pending
15633,1861,Tablet,1,720.79,2024-09-01,Cancelled
15634,1270,Monitor,4,1516.77,2024-01-02,Shipped
15635,1039,Mouse,3,349.31,2024-12-12,Completed
15636,1325,Mouse,4,594.36,2024-08-13,Shipped
15637,1565,Headphones,3,141.76,2024-12-29,Completed
15638,1790,Laptop,2,1040.81,2024-02-10,Shipped
15639,1315,Headphones,4,200.65,2024-02-02,Completed
15640,1876,Monitor,3,574.01,2024-12-06,Shipped
15641,1325,Monitor,1,1204.61,2024-12-19,Pending
15642,1047,Phone,4,625.28,2024-02-02,Completed
15643,1571,Phone,4,490.79,2024-08-15,Completed
15644,1570,Headphones,4,1747.31,2024-12-15,Completed
15645,1041,Keyboard,2,536.17,2024-10-24,Shipped
15646,1230,Tablet,1,1295.77,2024-10-01,Completed
15647,1303,Monitor,1,1783.47,2024-08-11,Cancelled
15648,1647,Tablet,3,1571.6,2024-10-26,Cancelled
15649,1899,Laptop,2,1729.97,2024-04-23,Pending
15650,1187,Headphones,3,339.68,2024-02-25,Pending
15651,1529,Keyboard,1,156.74,2024-12-03,Cancelled
15652,1281,Phone,1,1799.17,2024-08-05,Completed
15653,1993,Phone,3,57.71,2024-04-13,Shipped
15654,1318,Mouse,3,1998.75,2024-09-06,Completed
15655,1388,Monitor,3,695.79,2024-02-21,Pending
15656,1430,Keyboard,2,1900.45,2024-03-13,Pending
15657,1734,Keyboard,1,737.5,2024-11-09,Completed
15658,1000,Monitor,3,493.41,2024-08-25,Pending
15659,1230,Monitor,2,1319.4,2024-10-23,Shipped
15660,1299,Laptop,1,148.78,2024-06-07,Shipped
15661,1576,Monitor,1,1278.1,2024-09-19,Cancelled
15662,1906,Tablet,4,1860.1,2024-01-01,Shipped
15663,1059,Phone,1,696.72,2024-11-05,Cancelled
15664,1329,Headphones,2,161.46,2024-04-18,Shipped
15665,1118,Phone,1,1960.44,2024-10-31,Shipped
15666,1939,Mouse,1,144.49,2024-09-06,Completed
15667,1504,Keyboard,2,407.43,2024-07-02,Completed
15668,1469,Laptop,2,619.09,2024-01-27,Completed
15669,1370,Tablet,3,1469.22,2024-04-20,Shipped
15670,1773,Laptop,3,878.16,2024-06-19,Shipped
15671,1865,Phone,3,586.61,2024-02-22,Shipped
15672,1107,Tablet,1,1591.62,2024-02-06,Pending
15673,1248,Tablet,1,903.01,2024-08-21,Completed
15674,1916,Phone,4,1441.51,2024-08-22,Shipped
15675,1813,Mouse,2,1716.18,2024-02-22,Pending
15676,1560,Monitor,2,1522.92,2024-06-21,Completed
15677,1626,Tablet,2,589.44,2024-03-26,Completed
15678,1043,Mouse,3,123.26,2024-06-09,Completed
15679,1110,Phone,4,268.98,2024-05-02,Shipped
15680,1132,Monitor,2,462.25,2024-07-28,Pending
15681,1276,Keyboard,3,1115.83,2024-09-18,Pending
15682,1430,Keyboard,2,463.57,2024-01-17,Completed
15683,1156,Tablet,4,823.52,2024-02-19,Shipped
15684,1318,Mouse,2,426.11,2024-01-06,Pending
15685,1460,Mouse,3,1726.38,2024-04-24,Shipped
15686,1667,Headphones,4,1086.63,2024-01-27,Cancelled
15687,1568,Headphones,2,1712.95,2024-04-07,Completed
15688,1776,Tablet,4,1692.42,2024-06-15,Pending
15689,1904,Phone,3,1491.04,2024-10-13,Completed
15690,1703,Headphones,1,274.94,2024-05-11,Completed
15691,1744,Phone,3,564.88,2024-08-10,Completed
15692,1845,Headphones,2,874.82,2024-10-28,Shipped
15693,1015,Phone,1,1959.83,2024-12-23,Shipped
15694,1263,Tablet,2,1309.56,2024-02-19,Cancelled
15695,1006,Tablet,2,529.9,2024-11-10,Pending
15696,1243,Keyboard,1,1930.67,2024-06-15,Pending
15697,1089,Keyboard,2,1730.75,2024-04-17,Pending
15698,1745,Tablet,1,1621.14,2024-04-23,Completed
15699,1710,Monitor,2,848.26,2024-10-03,Shipped
15700,1489,Tablet,4,292.2,2024-02-05,Pending
15701,1466,Tablet,3,1959.13,2024-09-12,Shipped
15702,1080,Tablet,4,1101.6,2024-06-18,Completed
15703,1800,Monitor,4,1597.29,2024-12-04,Cancelled
15704,1985,Mouse,1,1972.02,2024-06-17,Completed
15705,1414,Laptop,4,1277.75,2024-11-29,Completed
15706,1047,Headphones,3,1558.7,2024-12-09,Cancelled
15707,1327,Monitor,4,766.51,2024-01-13,Completed
15708,1781,Mouse,2,97.38,2024-07-10,Completed
15709,1404,Mouse,4,1756.99,2024-12-08,Completed
15710,1356,Monitor,2,901.59,2024-07-09,Cancelled
15711,1127,Laptop,1,1357.81,2024-01-01,Pending
15712,1076,Laptop,3,1417.0,2024-04-07,Completed
15713,1010,Tablet,3,1895.31,2024-12-10,Completed
15714,1435,Laptop,1,1118.98,2024-03-25,Shipped
15715,1945,Monitor,4,978.71,2024-07-22,Pending
15716,1763,Mouse,4,137.54,2024-11-27,Pending
15717,1410,Tablet,1,1618.57,2024-03-09,Shipped
15718,1146,Headphones,4,1417.78,2024-01-24,Shipped
15719,1104,Tablet,1,939.7,2024-01-19,Pending
15720,1393,Monitor,3,1848.88,2024-03-19,Completed
15721,1575,Tablet,3,1232.09,2024-11-14,Completed
15722,1229,Phone,3,655.38,2024-05-15,Shipped
15723,1057,Phone,4,116.06,2024-07-29,Completed
15724,1759,Monitor,3,892.09,2024-11-11,Completed
15725,1211,Phone,1,1558.5,2024-11-15,Shipped
15726,1245,Mouse,1,1480.03,2024-03-28,Pending
15727,1880,Laptop,1,1713.01,2024-08-21,Shipped
15728,1818,Tablet,2,1877.83,2024-10-13,Completed
15729,1279,Mouse,4,589.6,2024-11-11,Pending
15730,1193,Mouse,1,1024.76,2024-12-17,Cancelled
15731,1433,Laptop,4,280.05,2024-05-19,Cancelled
15732,1019,Monitor,3,1855.03,2024-02-07,Shipped
15733,1565,Headphones,4,625.03,2024-08-04,Completed
15734,1111,Laptop,2,72.38,2024-04-12,Completed
15735,1983,Keyboard,1,1563.35,2024-10-25,Pending
15736,1240,Tablet,3,356.49,2024-06-21,Pending
15737,1010,Keyboard,4,1276.27,2024-03-03,Pending
15738,1503,Phone,1,1895.77,2024-11-21,Cancelled
15739,1922,Tablet,1,352.3,2024-05-01,Cancelled
15740,1458,Headphones,3,1912.62,2024-09-12,Completed
15741,1176,Monitor,1,495.03,2024-07-21,Shipped
15742,1406,Mouse,4,942.6,2024-02-01,Cancelled
15743,1686,Phone,2,1550.68,2024-06-20,Completed
15744,1113,Phone,4,221.41,2024-09-14,Completed
15745,1834,Mouse,4,683.73,2024-11-26,Pending
15746,1096,Keyboard,4,1937.81,2024-05-01,Cancelled
15747,1239,Headphones,3,1570.75,2024-12-11,Completed
15748,1037,Laptop,1,833.83,2024-10-02,Pending
15749,1302,Mouse,4,455.02,2024-07-03,Pending
15750,1940,Laptop,3,1936.71,2024-03-07,Shipped
15751,1952,Mouse,1,1231.87,2024-04-07,Shipped
15752,1323,Tablet,1,1061.06,2024-02-14,Completed
15753,1687,Monitor,4,359.73,2024-05-14,Pending
15754,1932,Monitor,1,287.8,2024-02-21,Cancelled
15755,1886,Tablet,1,1761.11,2024-11-19,Cancelled
15756,1857,Keyboard,4,1636.66,2024-02-24,Shipped
15757,1754,Laptop,3,1968.35,2024-10-16,Cancelled
15758,1751,Headphones,3,57.63,2024-03-19,Shipped
15759,1614,Headphones,3,1127.64,2024-02-18,Shipped
15760,1873,Headphones,3,920.7,2024-05-30,Completed
15761,1533,Headphones,3,159.95,2024-08-22,Pending
15762,1686,Mouse,1,972.44,2024-10-02,Cancelled
15763,1014,Tablet,4,841.19,2024-01-18,Completed
15764,1279,Laptop,3,1897.32,2024-09-07,Completed
15765,1912,Laptop,4,1393.22,2024-01-15,Completed
15766,1371,Mouse,2,1031.37,2024-02-14,Pending
15767,1810,Laptop,1,136.9,2024-12-02,Shipped
15768,1953,Monitor,4,1940.99,2024-07-21,Shipped
15769,1249,Mouse,2,1465.1,2024-04-03,Shipped
15770,1395,Mouse,2,1305.03,2024-02-28,Cancelled
15771,1576,Keyboard,2,1417.62,2024-08-29,Shipped
15772,1606,Phone,3,934.05,2024-11-07,Pending
15773,1675,Laptop,4,161.73,2024-09-26,Shipped
15774,1786,Phone,3,1871.0,2024-12-29,Shipped
15775,1677,Headphones,1,1294.24,2024-06-07,Completed
15776,1193,Keyboard,4,1755.74,2024-06-25,Pending
15777,1673,Headphones,2,648.89,2024-12-14,Completed
15778,1718,Keyboard,1,1477.91,2024-05-28,Pending
15779,1758,Keyboard,4,1309.57,2024-08-12,Completed
15780,1674,Tablet,4,820.85,2024-09-13,Pending
15781,1376,Mouse,4,1120.31,2024-09-09,Completed
15782,1823,Headphones,2,1596.79,2024-01-04,Cancelled
15783,1622,Phone,2,1292.98,2024-01-19,Shipped
15784,1147,Headphones,4,1581.05,2024-09-05,Cancelled
15785,1405,Phone,4,1528.95,2024-08-27,Cancelled
15786,1715,Tablet,2,1917.6,2024-04-22,Cancelled
15787,1910,Keyboard,3,312.79,2024-02-17,Shipped
15788,1716,Headphones,3,121.71,2024-04-08,Completed
15789,1688,Tablet,4,173.4,2024-12-14,Cancelled
15790,1078,Monitor,2,538.46,2024-01-18,Shipped
15791,1452,Tablet,4,471.01,2024-10-13,Completed
15792,1841,Monitor,2,1667.26,2024-07-20,Shipped
15793,1481,Laptop,4,1459.51,2024-08-23,Shipped
15794,1553,Mouse,4,257.26,2024-12-16,Shipped
15795,1499,Tablet,4,1059.29,2024-12-22,Pending
15796,1862,Laptop,4,88.96,2024-04-21,Completed
15797,1243,Monitor,4,1328.19,2024-03-10,Shipped
15798,1151,Headphones,1,1623.15,2024-07-02,Completed
15799,1322,Keyboard,1,1314.24,2024-11-02,Cancelled
15800,1646,Laptop,1,774.66,2024-02-04,Pending
15801,1375,Phone,1,1202.95,2024-11-08,Shipped
15802,1720,Headphones,2,1776.12,2024-07-24,Shipped
15803,1004,Laptop,4,611.63,2024-09-21,Shipped
15804,1348,Laptop,3,95.81,2024-11-11,Pending
15805,1201,Phone,3,1179.19,2024-07-11,Cancelled
15806,1216,Mouse,3,1703.85,2024-10-01,Cancelled
15807,1005,Mouse,4,1397.51,2024-02-11,Pending
15808,1400,Tablet,3,1110.98,2024-04-07,Shipped
15809,1743,Keyboard,2,319.93,2024-12-21,Cancelled
15810,1774,Monitor,1,398.23,2024-04-06,Pending
15811,1244,Laptop,4,51.45,2024-12-02,Shipped
15812,1233,Phone,3,519.73,2024-04-06,Shipped
15813,1066,Tablet,4,793.61,2024-12-07,Pending
15814,1842,Headphones,1,868.76,2024-11-22,Shipped
15815,1073,Phone,2,609.04,2024-08-17,Cancelled
15816,1519,Keyboard,4,118.69,2024-09-22,Completed
15817,1574,Headphones,2,561.97,2024-08-10,Completed
15818,1309,Headphones,3,1908.66,2024-07-25,Completed
15819,1928,Mouse,4,1906.87,2024-11-25,Cancelled
15820,1377,Laptop,2,1554.05,2024-08-04,Completed
15821,1443,Monitor,3,589.46,2024-04-25,Completed
15822,1735,Phone,4,845.54,2024-07-30,Pending
15823,1401,Headphones,4,1135.08,2024-02-02,Shipped
15824,1777,Laptop,3,1939.9,2024-03-27,Cancelled
15825,1744,Tablet,4,578.19,2024-04-12,Completed
15826,1993,Tablet,4,647.12,2024-10-20,Cancelled
15827,1004,Monitor,3,421.27,2024-08-09,Shipped
15828,1034,Tablet,1,926.98,2024-10-13,Shipped
15829,1852,Mouse,2,939.27,2024-03-04,Pending
15830,1683,Monitor,1,516.4,2024-07-07,Pending
15831,1695,Laptop,3,1031.19,2024-10-24,Shipped
15832,1658,Headphones,1,1501.35,2024-05-16,Shipped
15833,1748,Phone,1,475.32,2024-03-26,Cancelled
15834,1492,Keyboard,1,449.64,2024-12-30,Completed
15835,1898,Tablet,4,1648.13,2024-06-17,Cancelled
15836,1137,Phone,1,608.29,2024-07-01,Shipped
15837,1752,Headphones,3,726.98,2024-03-28,Pending
15838,1668,Monitor,2,1912.15,2024-12-05,Shipped
15839,1144,Tablet,3,1496.83,2024-12-16,Completed
15840,1529,Laptop,1,160.62,2024-01-05,Completed
15841,1326,Phone,1,1728.25,2024-01-11,Shipped
15842,1711,Keyboard,2,1988.38,2024-03-23,Cancelled
15843,1760,Headphones,2,674.8,2024-09-25,Cancelled
15844,1569,Phone,4,610.72,2024-06-23,Completed
15845,1325,Phone,3,828.2,2024-01-04,Pending
15846,1639,Monitor,1,1612.78,2024-09-27,Pending
15847,1916,Laptop,4,420.33,2024-06-24,Shipped
15848,1319,Mouse,2,1781.48,2024-06-23,Pending
15849,1644,Laptop,2,308.92,2024-04-08,Cancelled
15850,1251,Phone,1,980.9,2024-01-04,Cancelled
15851,1084,Laptop,3,1807.88,2024-02-26,Pending
15852,1822,Laptop,1,1457.09,2024-07-26,Shipped
15853,1075,Phone,2,1758.91,2024-09-30,Shipped
15854,1802,Tablet,2,299.99,2024-05-19,Pending
15855,1929,Tablet,3,1929.21,2024-04-05,Completed
15856,1237,Keyboard,4,1997.77,2024-04-10,Cancelled
15857,1533,Tablet,4,1310.47,2024-04-24,Shipped
15858,1871,Tablet,3,253.92,2024-10-13,Completed
15859,1807,Tablet,3,238.15,2024-08-24,Completed
15860,1067,Keyboard,3,427.84,2024-12-09,Cancelled
15861,1946,Mouse,3,520.64,2024-07-19,Cancelled
15862,1821,Laptop,2,1968.57,2024-09-01,Shipped
15863,1910,Tablet,2,710.35,2024-03-26,Shipped
15864,1404,Monitor,3,140.6,2024-06-06,Cancelled
15865,1385,Mouse,4,1388.5,2024-06-28,Pending
15866,1057,Mouse,2,376.93,2024-01-07,Pending
15867,1611,Tablet,3,297.85,2024-05-03,Cancelled
15868,1149,Tablet,1,1804.44,2024-06-26,Pending
15869,1998,Phone,4,165.61,2024-10-13,Completed
15870,1056,Monitor,3,895.5,2024-05-06,Cancelled
15871,1714,Laptop,1,1935.88,2024-08-16,Completed
15872,1006,Tablet,2,815.2,2024-07-26,Shipped
15873,1369,Keyboard,2,687.05,2024-07-31,Pending
15874,1046,Headphones,1,1493.68,2024-12-28,Completed
15875,1427,Phone,1,646.18,2024-10-14,Completed
15876,1670,Monitor,1,97.1,2024-05-19,Shipped
15877,1871,Tablet,4,822.89,2024-10-14,Shipped
15878,1106,Monitor,2,1691.46,2024-03-09,Cancelled
15879,1510,Tablet,1,1769.86,2024-01-31,Shipped
15880,1026,Mouse,4,1642.09,2024-08-16,Pending
15881,1212,Mouse,2,1497.59,2024-03-20,Cancelled
15882,1664,Monitor,4,580.98,2024-09-06,Completed
15883,1202,Keyboard,1,1361.91,2024-11-21,Shipped
15884,1753,Mouse,1,1146.55,2024-07-25,Cancelled
15885,1729,Keyboard,1,1435.34,2024-07-25,Pending
15886,1061,Tablet,4,1335.04,2024-03-01,Shipped
15887,1745,Laptop,4,611.0,2024-01-17,Pending
15888,1359,Headphones,3,1434.98,2024-11-08,Pending
15889,1100,Phone,2,1412.64,2024-09-02,Pending
15890,1250,Monitor,4,311.69,2024-09-29,Pending
15891,1194,Phone,2,1509.59,2024-02-08,Shipped
15892,1314,Phone,1,285.78,2024-01-31,Completed
15893,1454,Keyboard,1,1943.73,2024-05-15,Pending
15894,1183,Mouse,2,385.6,2024-05-05,Cancelled
15895,1393,Tablet,3,1556.15,2024-07-09,Shipped
15896,1535,Monitor,2,375.49,2024-05-07,Shipped
15897,1329,Laptop,3,893.23,2024-02-26,Shipped
15898,1471,Laptop,2,515.17,2024-09-01,Cancelled
15899,1650,Tablet,3,1946.82,2024-12-20,Pending
15900,1215,Phone,3,1513.76,2024-11-04,Shipped
15901,1477,Tablet,2,1037.11,2024-10-27,Shipped
15902,1275,Mouse,3,349.7,2024-06-15,Shipped
15903,1804,Mouse,4,865.76,2024-07-18,Cancelled
15904,1834,Monitor,3,1651.97,2024-04-30,Shipped
15905,1200,Monitor,3,116.29,2024-10-19,Cancelled
15906,1781,Keyboard,1,1189.38,2024-04-16,Shipped
15907,1278,Phone,3,1214.32,2024-09-26,Shipped
15908,1960,Laptop,4,405.16,2024-07-01,Completed
15909,1753,Headphones,2,152.96,2024-07-28,Shipped
15910,1774,Tablet,4,1518.09,2024-05-15,Pending
15911,1518,Keyboard,3,1419.68,2024-10-04,Shipped
15912,1205,Monitor,1,1581.49,2024-06-20,Completed
15913,1052,Keyboard,1,380.33,2024-07-25,Completed
15914,1497,Mouse,4,1086.18,2024-07-23,Shipped
15915,1994,Keyboard,3,147.46,2024-12-24,Pending
15916,1851,Monitor,3,1117.28,2024-04-20,Shipped
15917,1261,Phone,4,616.85,2024-06-09,Pending
15918,1802,Headphones,4,699.83,2024-11-03,Pending
15919,1359,Headphones,2,1786.09,2024-08-13,Cancelled
15920,1315,Phone,2,407.64,2024-06-11,Completed
15921,1716,Headphones,1,1661.02,2024-06-26,Shipped
15922,1054,Laptop,2,651.24,2024-04-05,Cancelled
15923,1712,Tablet,2,1453.58,2024-03-27,Pending
15924,1295,Laptop,4,1579.66,2024-03-25,Pending
15925,1450,Tablet,1,317.37,2024-06-28,Completed
15926,1346,Laptop,1,588.95,2024-12-21,Completed
15927,1240,Phone,2,337.98,2024-03-30,Completed
15928,1195,Headphones,3,1007.38,2024-09-26,Shipped
15929,1192,Keyboard,1,83.68,2024-03-15,Pending
15930,1197,Monitor,2,1436.28,2024-07-25,Shipped
15931,1791,Tablet,3,376.95,2024-10-14,Pending
15932,1493,Laptop,4,1312.57,2024-11-10,Shipped
15933,1913,Mouse,4,1842.32,2024-08-04,Completed
15934,1875,Tablet,2,1520.8,2024-12-22,Completed
15935,1832,Monitor,2,1553.32,2024-03-26,Shipped
15936,1696,Monitor,4,448.91,2024-11-04,Shipped
15937,1443,Mouse,2,1209.75,2024-11-06,Cancelled
15938,1408,Mouse,1,1268.71,2024-07-26,Pending
15939,1175,Tablet,4,541.46,2024-11-05,Shipped
15940,1017,Phone,1,195.64,2024-09-13,Completed
15941,1416,Laptop,4,324.2,2024-12-22,Completed
15942,1833,Tablet,1,1483.09,2024-07-15,Pending
15943,1260,Monitor,1,1958.81,2024-05-31,Cancelled
15944,1010,Monitor,3,1658.3,2024-03-20,Cancelled
15945,1862,Mouse,3,1574.19,2024-08-19,Completed
15946,1775,Keyboard,3,1856.31,2024-09-29,Pending
15947,1333,Mouse,3,611.77,2024-04-18,Completed
15948,1467,Headphones,4,1136.08,2024-06-19,Cancelled
15949,1725,Headphones,1,608.63,2024-03-29,Shipped
15950,1683,Tablet,2,206.1,2024-04-29,Completed
15951,1931,Phone,4,819.26,2024-12-17,Shipped
15952,1165,Laptop,1,495.9,2024-07-14,Shipped
15953,1582,Headphones,1,1258.16,2024-08-14,Pending
15954,1998,Phone,4,866.66,2024-02-22,Cancelled
15955,1850,Monitor,3,948.88,2024-05-13,Shipped
15956,1880,Mouse,4,1859.38,2024-08-01,Shipped
15957,1241,Tablet,3,1793.97,2024-12-19,Pending
15958,1438,Mouse,1,1063.97,2024-02-20,Pending
15959,1912,Monitor,4,1429.73,2024-01-01,Cancelled
15960,1961,Phone,2,1829.33,2024-05-19,Cancelled
15961,1319,Keyboard,2,1754.51,2024-05-30,Cancelled
15962,1946,Tablet,2,811.46,2024-10-21,Cancelled
15963,1969,Headphones,2,1772.59,2024-12-10,Shipped
15964,1041,Tablet,1,1793.21,2024-10-04,Shipped
15965,1196,Monitor,2,241.51,2024-03-25,Cancelled
15966,1768,Monitor,4,983.89,2024-12-19,Shipped
15967,1212,Headphones,2,1069.2,2024-12-09,Shipped
15968,1784,Monitor,3,1139.45,2024-10-16,Shipped
15969,1174,Tablet,1,944.31,2024-05-18,Cancelled
15970,1926,Mouse,1,1259.68,2024-01-24,Pending
15971,1824,Headphones,2,1975.67,2024-04-01,Pending
15972,1887,Headphones,3,138.2,2024-02-11,Cancelled
15973,1239,Laptop,4,1707.58,2024-09-01,Shipped
15974,1065,Phone,3,433.32,2024-11-22,Pending
15975,1215,Keyboard,1,825.35,2024-08-15,Cancelled
15976,1509,Keyboard,4,69.95,2024-08-07,Cancelled
15977,1068,Mouse,4,66.23,2024-11-15,Completed
15978,1627,Keyboard,4,524.9,2024-01-23,Cancelled
15979,1094,Keyboard,4,1273.52,2024-09-18,Cancelled
15980,1425,Tablet,3,823.43,2024-03-23,Pending
15981,1245,Monitor,1,1989.76,2024-05-30,Cancelled
15982,1296,Phone,3,221.07,2024-07-27,Shipped
15983,1395,Monitor,1,222.24,2024-10-07,Cancelled
15984,1907,Keyboard,3,1121.79,2024-06-24,Cancelled
15985,1898,Phone,2,333.21,2024-05-20,Cancelled
15986,1450,Phone,2,285.35,2024-03-30,Completed
15987,1499,Monitor,1,301.86,2024-05-16,Shipped
15988,1385,Tablet,2,478.5,2024-10-31,Cancelled
15989,1439,Phone,2,171.28,2024-07-22,Shipped
15990,1146,Mouse,3,1932.32,2024-02-11,Completed
15991,1932,Monitor,2,866.61,2024-09-25,Pending
15992,1928,Tablet,1,1290.32,2024-11-26,Cancelled
15993,1449,Phone,3,1130.68,2024-04-18,Shipped
15994,1973,Headphones,1,1247.89,2024-02-16,Pending
15995,1540,Headphones,3,264.61,2024-02-24,Shipped
15996,1815,Monitor,2,829.01,2024-07-05,Completed
15997,1655,Monitor,1,1382.99,2024-12-01,Completed
15998,1931,Mouse,2,1616.66,2024-06-05,Completed
15999,1662,Headphones,3,958.13,2024-01-12,Pending
16000,1181,Mouse,2,919.44,2024-07-14,Pending
16001,1178,Laptop,4,1412.74,2024-05-28,Shipped
16002,1900,Laptop,4,133.72,2024-11-06,Completed
16003,1480,Keyboard,1,53.28,2024-01-28,Shipped
16004,1305,Tablet,2,1445.09,2024-10-26,Completed
16005,1180,Tablet,1,1841.98,2024-09-01,Cancelled
16006,1494,Headphones,4,241.51,2024-10-26,Completed
16007,1145,Tablet,4,1817.27,2024-04-01,Pending
16008,1608,Keyboard,3,1707.8,2024-01-25,Shipped
16009,1390,Monitor,4,809.21,2024-01-26,Shipped
16010,1962,Monitor,1,1197.7,2024-07-05,Completed
16011,1564,Laptop,3,155.5,2024-11-20,Shipped
16012,1538,Keyboard,1,900.05,2024-05-04,Pending
16013,1298,Laptop,2,1064.94,2024-05-14,Cancelled
16014,1671,Keyboard,1,202.94,2024-08-31,Completed
16015,1840,Laptop,3,613.6,2024-08-31,Shipped
16016,1752,Headphones,4,1428.41,2024-06-05,Completed
16017,1462,Monitor,4,590.28,2024-02-27,Pending
16018,1780,Monitor,2,221.73,2024-02-14,Completed
16019,1517,Laptop,2,815.51,2024-04-19,Pending
16020,1157,Keyboard,2,1075.19,2024-03-14,Cancelled
16021,1212,Headphones,3,565.4,2024-12-18,Completed
16022,1865,Headphones,1,1237.65,2024-03-29,Pending
16023,1044,Keyboard,4,584.31,2024-11-16,Pending
16024,1163,Keyboard,4,1559.59,2024-04-25,Cancelled
16025,1773,Monitor,3,1001.61,2024-11-08,Completed
16026,1734,Phone,2,448.9,2024-07-17,Completed
16027,1952,Headphones,2,1608.2,2024-03-16,Shipped
16028,1869,Phone,4,94.07,2024-07-17,Pending
16029,1242,Monitor,1,1423.04,2024-12-12,Shipped
16030,1434,Keyboard,1,316.76,2024-07-22,Pending
16031,1017,Mouse,1,211.87,2024-11-17,Pending
16032,1467,Keyboard,3,1417.04,2024-05-01,Cancelled
16033,1430,Headphones,4,301.81,2024-10-09,Pending
16034,1700,Keyboard,2,731.77,2024-07-20,Pending
16035,1513,Keyboard,3,1120.9,2024-07-21,Cancelled
16036,1317,Headphones,4,1759.89,2024-09-02,Cancelled
16037,1206,Headphones,4,710.78,2024-08-29,Cancelled
16038,1708,Keyboard,1,1729.57,2024-04-07,Shipped
16039,1548,Monitor,2,924.38,2024-04-23,Pending
16040,1819,Mouse,4,273.74,2024-01-11,Cancelled
16041,1500,Headphones,3,432.77,2024-04-19,Cancelled
16042,1543,Keyboard,1,90.99,2024-11-09,Pending
16043,1188,Mouse,1,1064.63,2024-11-20,Pending
16044,1940,Phone,4,1950.46,2024-05-08,Completed
16045,1466,Phone,2,1846.57,2024-07-17,Completed
16046,1318,Phone,3,1194.52,2024-01-13,Cancelled
16047,1389,Keyboard,2,1922.27,2024-02-25,Pending
16048,1636,Keyboard,1,1240.66,2024-08-26,Cancelled
16049,1353,Tablet,1,1607.63,2024-05-13,Shipped
16050,1458,Headphones,2,866.77,2024-06-04,Cancelled
16051,1609,Keyboard,2,1162.81,2024-12-06,Completed
16052,1114,Phone,2,1978.48,2024-10-17,Completed
16053,1922,Keyboard,3,275.54,2024-09-03,Cancelled
16054,1703,Laptop,3,857.86,2024-07-12,Shipped
16055,1371,Monitor,4,1406.99,2024-02-19,Completed
16056,1497,Mouse,4,1399.68,2024-09-14,Completed
16057,1188,Tablet,3,946.41,2024-05-23,Pending
16058,1022,Laptop,1,712.09,2024-08-04,Completed
16059,1285,Tablet,1,1352.24,2024-06-26,Cancelled
16060,1559,Tablet,3,1639.79,2024-07-02,Cancelled
16061,1687,Tablet,3,341.02,2024-12-07,Shipped
16062,1079,Headphones,2,176.37,2024-01-20,Completed
16063,1652,Keyboard,4,702.91,2024-03-12,Shipped
16064,1076,Laptop,3,1062.36,2024-08-01,Pending
16065,1919,Mouse,1,617.22,2024-12-02,Completed
16066,1211,Tablet,2,709.52,2024-05-29,Completed
16067,1486,Phone,1,1418.24,2024-08-20,Shipped
16068,1657,Laptop,4,1933.55,2024-04-18,Cancelled
16069,1582,Phone,3,1908.79,2024-06-07,Shipped
16070,1973,Phone,2,1291.75,2024-01-22,Pending
16071,1112,Keyboard,2,1814.33,2024-07-30,Pending
16072,1420,Phone,4,640.83,2024-07-17,Shipped
16073,1496,Phone,4,332.17,2024-09-16,Shipped
16074,1288,Mouse,4,796.36,2024-03-01,Cancelled
16075,1025,Headphones,1,1663.18,2024-02-01,Completed
16076,1510,Headphones,1,1513.84,2024-06-06,Shipped
16077,1270,Mouse,4,1470.13,2024-10-31,Completed
16078,1149,Laptop,2,1699.36,2024-01-15,Cancelled
16079,1678,Laptop,4,1929.68,2024-07-12,Shipped
16080,1984,Phone,1,818.59,2024-11-30,Pending
16081,1983,Tablet,1,436.34,2024-12-15,Pending
16082,1612,Tablet,3,632.64,2024-04-13,Pending
16083,1087,Keyboard,3,921.66,2024-09-25,Cancelled
16084,1735,Monitor,2,251.33,2024-07-31,Pending
16085,1958,Tablet,1,744.36,2024-05-13,Shipped
16086,1863,Keyboard,2,1092.47,2024-06-17,Shipped
16087,1363,Tablet,3,947.04,2024-07-01,Pending
16088,1048,Monitor,2,423.38,2024-11-25,Shipped
16089,1864,Headphones,2,53.3,2024-09-14,Shipped
16090,1172,Keyboard,1,120.84,2024-10-22,Pending
16091,1040,Laptop,2,1056.93,2024-11-30,Pending
16092,1816,Monitor,1,844.35,2024-12-14,Pending
16093,1567,Phone,1,1353.68,2024-02-20,Shipped
16094,1372,Headphones,1,1736.34,2024-09-30,Completed
16095,1269,Keyboard,1,1510.38,2024-07-12,Pending
16096,1179,Phone,3,441.21,2024-03-20,Completed
16097,1136,Monitor,1,1483.66,2024-11-24,Completed
16098,1425,Headphones,2,604.34,2024-05-26,Pending
16099,1941,Headphones,4,111.19,2024-06-26,Shipped
16100,1930,Headphones,1,390.84,2024-03-16,Completed
16101,1185,Tablet,3,1817.38,2024-01-14,Pending
16102,1598,Headphones,4,1461.26,2024-08-26,Pending
16103,1924,Mouse,1,1847.58,2024-10-25,Cancelled
16104,1430,Phone,3,992.85,2024-02-02,Pending
16105,1833,Tablet,2,1758.83,2024-12-03,Pending
16106,1615,Laptop,2,436.65,2024-12-17,Completed
16107,1839,Headphones,3,1772.95,2024-09-18,Cancelled
16108,1970,Laptop,4,1869.06,2024-12-09,Completed
16109,1970,Tablet,1,682.36,2024-06-25,Pending
16110,1900,Mouse,2,706.26,2024-01-07,Cancelled
16111,1836,Monitor,2,736.52,2024-09-13,Shipped
16112,1275,Headphones,3,537.61,2024-02-21,Shipped
16113,1005,Monitor,2,789.99,2024-03-04,Pending
16114,1643,Keyboard,3,1937.91,2024-11-06,Cancelled
16115,1140,Phone,3,1320.58,2024-09-22,Pending
16116,1058,Tablet,1,1040.77,2024-12-11,Completed
16117,1253,Phone,2,94.77,2024-05-12,Shipped
16118,1480,Mouse,1,1143.75,2024-11-29,Cancelled
16119,1429,Mouse,2,603.61,2024-10-25,Cancelled
16120,1995,Mouse,4,864.42,2024-11-12,Pending
16121,1014,Keyboard,4,529.28,2024-04-26,Completed
16122,1623,Headphones,3,719.31,2024-04-02,Pending
16123,1237,Phone,4,271.55,2024-09-10,Shipped
16124,1111,Mouse,2,1947.65,2024-03-24,Cancelled
16125,1570,Monitor,4,347.84,2024-05-04,Cancelled
16126,1941,Tablet,1,1709.15,2024-07-24,Completed
16127,1650,Keyboard,4,642.87,2024-10-03,Pending
16128,1188,Phone,2,773.69,2024-12-25,Pending
16129,1576,Laptop,3,919.0,2024-11-26,Cancelled
16130,1132,Monitor,3,444.73,2024-10-02,Shipped
16131,1742,Headphones,2,978.68,2024-11-13,Cancelled
16132,1475,Mouse,2,1784.85,2024-06-01,Cancelled
16133,1801,Monitor,4,117.06,2024-01-22,Shipped
16134,1736,Laptop,1,574.94,2024-12-29,Cancelled
16135,1080,Monitor,3,693.13,2024-03-05,Cancelled
16136,1185,Mouse,4,924.02,2024-08-22,Shipped
16137,1430,Mouse,4,1489.94,2024-03-30,Cancelled
16138,1499,Laptop,1,1020.21,2024-04-28,Pending
16139,1392,Keyboard,1,517.2,2024-12-20,Completed
16140,1001,Tablet,3,367.25,2024-04-05,Completed
16141,1858,Tablet,4,1277.85,2024-02-03,Pending
16142,1450,Mouse,2,575.39,2024-02-03,Pending
16143,1933,Tablet,2,205.9,2024-02-25,Pending
16144,1507,Keyboard,2,1485.28,2024-08-18,Cancelled
16145,1102,Laptop,3,1472.6,2024-11-11,Pending
16146,1055,Laptop,1,1184.61,2024-02-13,Pending
16147,1592,Headphones,4,1836.46,2024-02-12,Completed
16148,1832,Phone,1,172.57,2024-03-24,Completed
16149,1885,Phone,4,531.59,2024-04-07,Pending
16150,1180,Keyboard,1,1333.23,2024-05-02,Shipped
16151,1569,Headphones,1,1541.86,2024-11-04,Pending
16152,1786,Mouse,4,1761.55,2024-09-11,Pending
16153,1587,Keyboard,1,1585.55,2024-09-18,Shipped
16154,1884,Mouse,2,271.01,2024-03-28,Shipped
16155,1836,Keyboard,4,146.66,2024-01-06,Pending
16156,1589,Laptop,2,1288.43,2024-12-10,Completed
16157,1097,Mouse,1,1877.61,2024-10-10,Cancelled
16158,1442,Mouse,2,887.3,2024-04-13,Pending
16159,1902,Keyboard,4,331.23,2024-04-02,Shipped
16160,1599,Laptop,4,892.0,2024-01-05,Shipped
16161,1443,Keyboard,1,1245.07,2024-01-16,Shipped
16162,1786,Monitor,3,1456.23,2024-02-22,Pending
16163,1538,Mouse,1,1264.94,2024-12-29,Cancelled
16164,1412,Keyboard,3,1863.08,2024-07-16,Completed
16165,1690,Mouse,4,1205.09,2024-08-29,Pending
16166,1599,Tablet,2,1695.99,2024-12-17,Pending
16167,1021,Tablet,1,199.98,2024-08-13,Cancelled
16168,1885,Mouse,2,1759.8,2024-11-15,Cancelled
16169,1720,Monitor,3,541.47,2024-11-05,Pending
16170,1914,Keyboard,2,1110.06,2024-09-02,Completed
16171,1451,Headphones,3,774.48,2024-07-31,Completed
16172,1653,Monitor,3,1506.09,2024-02-25,Cancelled
16173,1608,Phone,1,1182.56,2024-09-11,Pending
16174,1402,Headphones,1,1251.6,2024-03-28,Shipped
16175,1859,Phone,4,1626.21,2024-06-16,Pending
16176,1195,Keyboard,2,1514.66,2024-07-24,Shipped
16177,1699,Mouse,4,461.05,2024-12-02,Cancelled
16178,1103,Headphones,1,1479.85,2024-12-25,Cancelled
16179,1093,Tablet,2,147.78,2024-11-17,Pending
16180,1396,Keyboard,2,1864.62,2024-04-24,Cancelled
16181,1517,Keyboard,2,1188.54,2024-05-06,Completed
16182,1082,Phone,3,234.38,2024-03-08,Cancelled
16183,1220,Mouse,1,763.98,2024-08-30,Pending
16184,1553,Tablet,4,1000.78,2024-07-29,Pending
16185,1151,Mouse,2,958.16,2024-08-29,Pending
16186,1030,Keyboard,2,226.84,2024-08-19,Cancelled
16187,1329,Monitor,3,986.75,2024-03-16,Cancelled
16188,1978,Monitor,4,273.49,2024-05-03,Cancelled
16189,1632,Mouse,3,1224.85,2024-02-24,Pending
16190,1406,Phone,3,399.27,2024-03-10,Shipped
16191,1971,Tablet,2,54.65,2024-08-19,Completed
16192,1039,Keyboard,4,1263.7,2024-08-03,Completed
16193,1975,Mouse,3,711.96,2024-08-07,Pending
16194,1583,Monitor,3,1683.99,2024-09-10,Cancelled
16195,1468,Tablet,3,1509.01,2024-05-06,Shipped
16196,1452,Keyboard,1,1022.35,2024-06-17,Completed
16197,1932,Phone,3,978.85,2024-03-08,Pending
16198,1572,Tablet,4,326.07,2024-03-21,Completed
16199,1906,Phone,4,1349.78,2024-04-11,Pending
16200,1391,Monitor,4,1345.38,2024-02-15,Completed
16201,1215,Tablet,2,144.88,2024-01-06,Pending
16202,1597,Mouse,4,457.29,2024-10-09,Shipped
16203,1007,Mouse,2,360.05,2024-04-29,Cancelled
16204,1940,Laptop,1,585.9,2024-01-24,Completed
16205,1204,Mouse,2,73.86,2024-12-15,Completed
16206,1867,Phone,1,509.2,2024-08-11,Pending
16207,1136,Keyboard,3,1323.01,2024-02-01,Shipped
16208,1064,Monitor,4,681.87,2024-06-22,Completed
16209,1998,Keyboard,3,299.63,2024-07-12,Shipped
16210,1654,Mouse,2,102.94,2024-12-15,Cancelled
16211,1345,Laptop,1,327.17,2024-08-30,Shipped
16212,1976,Keyboard,1,460.65,2024-03-07,Shipped
16213,1021,Laptop,1,1316.43,2024-08-05,Shipped
16214,1930,Headphones,2,586.03,2024-05-09,Pending
16215,1588,Mouse,3,441.13,2024-11-18,Completed
16216,1220,Keyboard,3,1597.47,2024-11-16,Pending
16217,1886,Headphones,2,494.2,2024-03-29,Cancelled
16218,1777,Keyboard,4,1951.54,2024-04-23,Cancelled
16219,1616,Tablet,3,811.69,2024-11-07,Cancelled
16220,1014,Keyboard,2,696.75,2024-08-21,Completed
16221,1681,Monitor,1,454.65,2024-03-22,Shipped
16222,1648,Headphones,3,864.11,2024-04-08,Completed
16223,1358,Keyboard,2,1515.01,2024-01-04,Pending
16224,1949,Keyboard,2,1283.92,2024-11-17,Completed
16225,1744,Tablet,2,1710.84,2024-07-30,Pending
16226,1214,Laptop,3,370.89,2024-04-13,Shipped
16227,1136,Tablet,1,1072.49,2024-08-21,Shipped
16228,1254,Mouse,2,667.65,2024-09-24,Cancelled
16229,1642,Mouse,1,1940.99,2024-09-10,Shipped
16230,1642,Mouse,3,1850.04,2024-05-27,Pending
16231,1721,Headphones,2,1974.68,2024-08-20,Cancelled
16232,1324,Phone,1,883.82,2024-08-29,Pending
16233,1715,Headphones,3,593.39,2024-08-09,Cancelled
16234,1912,Headphones,3,63.49,2024-04-28,Cancelled
16235,1733,Tablet,2,704.23,2024-01-11,Completed
16236,1315,Tablet,2,230.62,2024-06-30,Cancelled
16237,1087,Headphones,3,577.65,2024-02-10,Pending
16238,1672,Phone,3,512.45,2024-09-16,Shipped
16239,1676,Tablet,4,946.83,2024-03-29,Shipped
16240,1810,Mouse,3,243.47,2024-01-27,Pending
16241,1383,Mouse,3,1750.98,2024-03-30,Cancelled
16242,1535,Keyboard,4,433.0,2024-06-17,Pending
16243,1024,Phone,3,525.04,2024-12-09,Cancelled
16244,1286,Laptop,1,1372.65,2024-07-10,Completed
16245,1671,Headphones,2,1498.71,2024-02-14,Cancelled
16246,1500,Phone,4,1192.08,2024-04-25,Completed
16247,1771,Monitor,1,1024.12,2024-07-12,Cancelled
16248,1778,Tablet,3,1135.52,2024-09-22,Completed
16249,1253,Mouse,3,674.27,2024-09-09,Cancelled
16250,1365,Monitor,2,866.41,2024-06-27,Cancelled
16251,1034,Phone,1,409.72,2024-03-22,Shipped
16252,1034,Headphones,3,342.92,2024-02-04,Pending
16253,1774,Laptop,1,116.52,2024-04-30,Shipped
16254,1248,Laptop,4,1089.14,2024-07-29,Completed
16255,1041,Laptop,1,1965.75,2024-07-21,Cancelled
16256,1191,Monitor,2,246.69,2024-11-15,Shipped
16257,1387,Headphones,1,1566.21,2024-12-20,Pending
16258,1748,Keyboard,1,881.64,2024-09-02,Shipped
16259,1697,Laptop,1,1716.43,2024-03-09,Pending
16260,1892,Tablet,3,481.98,2024-09-03,Cancelled
16261,1635,Headphones,4,1708.72,2024-01-04,Completed
16262,1941,Laptop,1,1757.24,2024-05-05,Shipped
16263,1086,Laptop,1,515.09,2024-07-21,Pending
16264,1899,Keyboard,1,937.2,2024-10-16,Shipped
16265,1815,Phone,3,1606.56,2024-12-05,Cancelled
16266,1294,Headphones,4,392.03,2024-09-01,Cancelled
16267,1555,Monitor,2,495.3,2024-10-01,Cancelled
16268,1145,Headphones,1,1053.21,2024-09-03,Completed
16269,1209,Tablet,3,1674.97,2024-03-17,Cancelled
16270,1019,Laptop,2,564.19,2024-05-15,Pending
16271,1522,Monitor,3,708.91,2024-03-31,Shipped
16272,1738,Headphones,2,1413.53,2024-07-12,Pending
16273,1832,Tablet,2,281.58,2024-02-14,Cancelled
16274,1293,Mouse,4,1934.74,2024-10-16,Shipped
16275,1809,Laptop,3,68.84,2024-11-04,Shipped
16276,1221,Laptop,3,144.26,2024-10-26,Completed
16277,1109,Tablet,3,443.97,2024-05-07,Shipped
16278,1178,Headphones,4,465.09,2024-06-03,Completed
16279,1607,Phone,3,211.35,2024-03-13,Cancelled
16280,1308,Tablet,4,1067.89,2024-10-30,Completed
16281,1936,Keyboard,4,1477.01,2024-10-27,Shipped
16282,1656,Keyboard,1,751.03,2024-07-02,Cancelled
16283,1822,Tablet,3,445.06,2024-01-13,Completed
16284,1311,Headphones,3,1403.95,2024-09-27,Shipped
16285,1341,Monitor,4,1151.45,2024-02-14,Shipped
16286,1822,Monitor,2,415.47,2024-02-05,Completed
16287,1910,Phone,4,417.42,2024-03-16,Completed
16288,1845,Keyboard,4,1555.78,2024-03-12,Shipped
16289,1506,Phone,1,1169.47,2024-11-09,Shipped
16290,1256,Phone,2,1902.38,2024-01-31,Completed
16291,1652,Tablet,3,497.35,2024-01-12,Shipped
16292,1443,Phone,1,532.21,2024-12-11,Cancelled
16293,1536,Monitor,1,1926.82,2024-01-07,Completed
16294,1076,Headphones,1,1866.07,2024-03-12,Pending
16295,1402,Laptop,3,1124.87,2024-10-18,Cancelled
16296,1800,Laptop,4,1933.34,2024-03-13,Pending
16297,1361,Monitor,2,506.2,2024-09-11,Pending
16298,1113,Monitor,2,753.75,2024-01-01,Shipped
16299,1627,Mouse,4,152.45,2024-07-16,Completed
16300,1398,Tablet,3,936.45,2024-10-19,Cancelled
16301,1059,Keyboard,3,1689.31,2024-03-01,Pending
16302,1125,Phone,3,809.85,2024-04-14,Cancelled
16303,1368,Mouse,2,1441.64,2024-12-25,Cancelled
16304,1725,Phone,1,1622.29,2024-01-03,Shipped
16305,1838,Keyboard,4,1192.73,2024-12-11,Completed
16306,1779,Tablet,1,1960.35,2024-10-19,Completed
16307,1546,Laptop,4,1748.73,2024-08-25,Cancelled
16308,1757,Keyboard,3,1163.01,2024-05-30,Shipped
16309,1765,Keyboard,4,725.6,2024-08-11,Cancelled
16310,1183,Keyboard,2,388.84,2024-09-09,Completed
16311,1105,Phone,2,201.31,2024-03-06,Cancelled
16312,1118,Monitor,1,424.31,2024-06-17,Completed
16313,1759,Phone,2,1663.4,2024-01-15,Completed
16314,1632,Phone,4,1014.13,2024-04-21,Cancelled
16315,1944,Laptop,2,1463.29,2024-11-07,Completed
16316,1069,Keyboard,4,86.03,2024-04-23,Cancelled
16317,1473,Headphones,3,620.26,2024-11-01,Shipped
16318,1396,Laptop,3,877.32,2024-02-21,Completed
16319,1274,Laptop,4,1886.93,2024-05-07,Shipped
16320,1174,Phone,2,1843.08,2024-05-21,Completed
16321,1466,Mouse,1,937.92,2024-06-07,Cancelled
16322,1233,Laptop,1,1027.6,2024-05-07,Pending
16323,1852,Mouse,1,118.82,2024-08-21,Completed
16324,1849,Phone,3,1610.6,2024-10-19,Cancelled
16325,1372,Laptop,2,1258.3,2024-01-13,Shipped
16326,1723,Headphones,4,1376.74,2024-04-07,Pending
16327,1006,Tablet,2,626.52,2024-02-27,Cancelled
16328,1232,Keyboard,4,1200.32,2024-11-03,Shipped
16329,1688,Laptop,1,456.46,2024-01-06,Completed
16330,1210,Headphones,4,1960.73,2024-09-16,Completed
16331,1674,Laptop,4,1214.53,2024-09-25,Cancelled
16332,1387,Mouse,1,1928.95,2024-06-09,Pending
16333,1007,Headphones,1,1977.53,2024-10-09,Shipped
16334,1891,Tablet,2,417.85,2024-11-28,Cancelled
16335,1835,Headphones,3,1759.51,2024-06-12,Cancelled
16336,1546,Phone,3,505.18,2024-01-27,Shipped
16337,1468,Mouse,4,1009.38,2024-03-24,Pending
16338,1615,Headphones,1,661.61,2024-10-23,Shipped
16339,1851,Headphones,4,1984.69,2024-06-11,Shipped
16340,1558,Tablet,3,1130.58,2024-01-18,Completed
16341,1154,Headphones,3,1123.83,2024-08-13,Shipped
16342,1692,Monitor,4,1710.04,2024-08-07,Shipped
16343,1404,Tablet,1,1284.04,2024-04-12,Pending
16344,1019,Phone,3,765.88,2024-01-22,Pending
16345,1222,Keyboard,1,242.28,2024-03-09,Shipped
16346,1279,Tablet,3,1389.86,2024-11-15,Cancelled
16347,1642,Tablet,3,762.71,2024-10-18,Shipped
16348,1667,Keyboard,3,398.61,2024-11-19,Pending
16349,1967,Headphones,3,1038.64,2024-09-17,Completed
16350,1568,Keyboard,4,668.39,2024-12-31,Cancelled
16351,1547,Keyboard,3,159.45,2024-03-17,Cancelled
16352,1874,Headphones,1,276.8,2024-07-18,Cancelled
16353,1246,Headphones,4,1948.65,2024-11-13,Pending
16354,1310,Monitor,1,342.71,2024-05-26,Cancelled
16355,1876,Headphones,2,1740.03,2024-09-29,Completed
16356,1185,Monitor,1,1042.12,2024-08-17,Shipped
16357,1227,Monitor,3,444.01,2024-04-17,Cancelled
16358,1301,Mouse,3,462.2,2024-09-06,Cancelled
16359,1801,Laptop,3,1218.73,2024-10-29,Shipped
16360,1707,Phone,1,1519.23,2024-04-02,Cancelled
16361,1189,Headphones,3,1596.52,2024-10-06,Cancelled
16362,1530,Laptop,2,1871.71,2024-08-26,Completed
16363,1791,Keyboard,2,1872.27,2024-09-14,Shipped
16364,1743,Laptop,2,1111.45,2024-09-05,Completed
16365,1208,Keyboard,2,722.38,2024-01-03,Pending
16366,1153,Monitor,4,1954.87,2024-12-13,Completed
16367,1586,Tablet,4,344.15,2024-07-05,Completed
16368,1294,Tablet,2,1162.74,2024-09-17,Pending
16369,1296,Headphones,1,1711.29,2024-11-27,Cancelled
16370,1748,Mouse,2,699.04,2024-04-18,Cancelled
16371,1042,Mouse,1,819.47,2024-08-10,Pending
16372,1414,Monitor,1,753.36,2024-10-30,Shipped
16373,1632,Mouse,4,666.1,2024-05-26,Shipped
16374,1703,Phone,2,1331.8,2024-07-27,Completed
16375,1262,Laptop,2,1831.54,2024-11-27,Completed
16376,1246,Keyboard,4,528.2,2024-09-05,Pending
16377,1039,Tablet,1,1820.92,2024-03-13,Shipped
16378,1557,Tablet,3,571.27,2024-03-25,Shipped
16379,1239,Tablet,2,525.42,2024-12-11,Completed
16380,1557,Mouse,3,147.49,2024-01-02,Shipped
16381,1364,Headphones,4,231.72,2024-04-22,Completed
16382,1906,Tablet,3,760.19,2024-12-14,Completed
16383,1412,Monitor,4,1006.5,2024-10-23,Pending
16384,1442,Phone,1,1271.57,2024-10-21,Pending
16385,1223,Tablet,1,234.28,2024-04-08,Completed
16386,1322,Mouse,1,455.15,2024-11-13,Pending
16387,1035,Phone,3,1452.37,2024-07-28,Pending
16388,1256,Mouse,4,488.47,2024-02-27,Cancelled
16389,1613,Mouse,2,325.2,2024-01-10,Completed
16390,1837,Tablet,1,1247.5,2024-06-06,Shipped
16391,1738,Keyboard,3,1196.61,2024-01-30,Completed
16392,1340,Keyboard,4,1968.6,2024-08-03,Completed
16393,1791,Mouse,1,1208.25,2024-05-30,Cancelled
16394,1144,Monitor,1,1924.79,2024-01-01,Completed
16395,1202,Headphones,1,1350.55,2024-07-30,Completed
16396,1189,Mouse,3,953.08,2024-07-15,Pending
16397,1827,Phone,4,1109.28,2024-11-17,Shipped
16398,1035,Phone,2,1063.94,2024-09-15,Cancelled
16399,1758,Monitor,3,896.84,2024-04-06,Cancelled
16400,1919,Laptop,3,1719.97,2024-07-15,Pending
16401,1982,Tablet,3,391.1,2024-09-06,Cancelled
16402,1409,Tablet,2,185.61,2024-12-19,Cancelled
16403,1109,Phone,1,1306.62,2024-04-14,Completed
16404,1677,Monitor,2,1576.39,2024-07-22,Shipped
16405,1326,Laptop,3,968.66,2024-04-18,Pending
16406,1136,Phone,1,541.98,2024-09-08,Pending
16407,1915,Mouse,2,538.87,2024-06-06,Cancelled
16408,1046,Mouse,2,422.89,2024-01-07,Cancelled
16409,1730,Phone,1,546.91,2024-02-18,Cancelled
16410,1352,Phone,4,823.98,2024-10-25,Completed
16411,1944,Mouse,1,118.16,2024-10-17,Cancelled
16412,1724,Mouse,4,61.08,2024-02-24,Completed
16413,1303,Keyboard,2,1423.84,2024-05-20,Pending
16414,1605,Monitor,2,511.22,2024-01-09,Shipped
16415,1022,Monitor,2,231.9,2024-07-20,Completed
16416,1108,Keyboard,2,1611.84,2024-11-10,Cancelled
16417,1009,Monitor,4,760.95,2024-04-16,Pending
16418,1304,Headphones,4,1142.5,2024-05-23,Completed
16419,1234,Monitor,3,1482.69,2024-08-22,Cancelled
16420,1996,Laptop,1,1629.87,2024-01-28,Pending
16421,1145,Laptop,2,610.56,2024-03-05,Pending
16422,1857,Tablet,2,1908.81,2024-04-26,Pending
16423,1480,Laptop,3,184.19,2024-10-03,Shipped
16424,1167,Keyboard,4,901.99,2024-01-03,Pending
16425,1953,Headphones,2,1916.66,2024-04-08,Shipped
16426,1233,Monitor,3,1390.07,2024-06-07,Completed
16427,1862,Phone,4,1383.34,2024-10-05,Completed
16428,1921,Headphones,3,185.33,2024-05-16,Shipped
16429,1588,Headphones,3,169.13,2024-07-17,Cancelled
16430,1732,Mouse,4,1452.96,2024-06-01,Completed
16431,1259,Laptop,4,1539.04,2024-10-22,Cancelled
16432,1967,Tablet,2,1553.36,2024-10-21,Cancelled
16433,1444,Laptop,2,424.37,2024-01-08,Cancelled
16434,1277,Monitor,4,1675.98,2024-03-21,Pending
16435,1196,Keyboard,2,1327.18,2024-02-15,Shipped
16436,1014,Headphones,3,82.96,2024-04-02,Shipped
16437,1619,Mouse,3,413.5,2024-01-18,Completed
16438,1221,Keyboard,3,1306.3,2024-01-11,Pending
16439,1558,Tablet,3,1895.55,2024-12-23,Cancelled
16440,1560,Laptop,4,768.48,2024-08-28,Completed
16441,1270,Laptop,1,1326.13,2024-03-15,Pending
16442,1479,Phone,1,999.17,2024-06-06,Cancelled
16443,1682,Phone,4,377.59,2024-07-09,Cancelled
16444,1473,Phone,4,729.52,2024-12-31,Shipped
16445,1788,Laptop,1,416.74,2024-03-02,Shipped
16446,1978,Monitor,4,509.0,2024-10-10,Shipped
16447,1482,Mouse,1,1359.46,2024-01-29,Pending
16448,1505,Monitor,1,1052.26,2024-02-29,Shipped
16449,1743,Tablet,4,1877.39,2024-11-07,Completed
16450,1711,Laptop,1,72.13,2024-02-21,Shipped
16451,1157,Keyboard,1,216.07,2024-03-29,Cancelled
16452,1407,Mouse,4,1031.79,2024-05-03,Completed
16453,1905,Laptop,4,353.99,2024-02-14,Completed
16454,1049,Monitor,3,928.49,2024-11-20,Completed
16455,1087,Laptop,2,1799.53,2024-05-25,Completed
16456,1193,Tablet,2,286.9,2024-02-28,Shipped
16457,1719,Headphones,2,624.49,2024-04-18,Pending
16458,1905,Mouse,1,413.97,2024-09-02,Shipped
16459,1351,Phone,3,199.88,2024-08-30,Pending
16460,1885,Mouse,1,1262.31,2024-09-18,Pending
16461,1107,Headphones,4,1498.36,2024-03-01,Shipped
16462,1561,Keyboard,2,68.7,2024-09-10,Shipped
16463,1307,Keyboard,4,1823.11,2024-09-28,Cancelled
16464,1346,Headphones,1,1016.28,2024-10-07,Completed
16465,1484,Keyboard,4,352.53,2024-07-06,Shipped
16466,1044,Headphones,3,1228.95,2024-06-25,Cancelled
16467,1050,Headphones,4,585.99,2024-01-10,Cancelled
16468,1090,Headphones,3,1771.93,2024-08-26,Cancelled
16469,1588,Mouse,4,1688.09,2024-03-05,Cancelled
16470,1298,Headphones,1,1558.74,2024-09-13,Shipped
16471,1863,Keyboard,2,403.98,2024-06-17,Shipped
16472,1092,Headphones,2,505.32,2024-11-03,Shipped
16473,1048,Headphones,4,1902.86,2024-11-01,Pending
16474,1975,Tablet,3,415.87,2024-07-21,Completed
16475,1958,Headphones,3,1073.61,2024-06-14,Completed
16476,1478,Tablet,4,1378.24,2024-03-05,Cancelled
16477,1173,Keyboard,3,1666.06,2024-06-12,Completed
16478,1735,Headphones,4,1220.33,2024-03-22,Completed
16479,1593,Mouse,4,1659.4,2024-02-12,Cancelled
16480,1384,Tablet,2,451.36,2024-12-29,Pending
16481,1183,Headphones,2,1096.59,2024-09-16,Completed
16482,1072,Monitor,3,1686.34,2024-05-02,Cancelled
16483,1504,Monitor,2,445.94,2024-10-04,Cancelled
16484,1414,Mouse,2,1452.99,2024-07-08,Shipped
16485,1488,Headphones,3,1869.3,2024-10-30,Shipped
16486,1836,Phone,1,994.63,2024-01-06,Cancelled
16487,1145,Laptop,2,1178.55,2024-06-14,Cancelled
16488,1263,Headphones,2,989.74,2024-01-07,Completed
16489,1321,Laptop,1,868.1,2024-10-10,Completed
16490,1571,Laptop,2,1191.82,2024-10-09,Pending
16491,1425,Tablet,4,207.28,2024-11-15,Completed
16492,1311,Tablet,1,1479.06,2024-11-08,Completed
16493,1394,Keyboard,2,1746.44,2024-02-13,Shipped
16494,1974,Headphones,2,666.62,2024-10-09,Cancelled
16495,1003,Tablet,1,86.42,2024-08-24,Cancelled
16496,1212,Keyboard,4,1318.0,2024-12-25,Pending
16497,1594,Tablet,2,1704.32,2024-06-03,Cancelled
16498,1920,Headphones,1,1993.22,2024-10-15,Cancelled
16499,1018,Laptop,3,455.9,2024-03-18,Shipped
16500,1092,Phone,1,1998.7,2024-04-04,Cancelled
16501,1969,Keyboard,2,141.34,2024-04-17,Completed
16502,1937,Monitor,3,646.78,2024-05-14,Completed
16503,1446,Keyboard,4,1792.73,2024-06-29,Cancelled
16504,1946,Phone,2,439.65,2024-11-22,Completed
16505,1881,Phone,3,1889.12,2024-04-09,Pending
16506,1754,Monitor,1,1977.44,2024-12-24,Pending
16507,1626,Mouse,3,225.61,2024-09-06,Pending
16508,1021,Tablet,1,1213.79,2024-07-03,Pending
16509,1229,Laptop,1,899.02,2024-05-25,Completed
16510,1736,Keyboard,4,419.94,2024-01-11,Cancelled
16511,1047,Monitor,4,1038.37,2024-02-22,Completed
16512,1903,Phone,1,1622.8,2024-12-07,Shipped
16513,1328,Tablet,2,1467.05,2024-08-28,Completed
16514,1334,Laptop,1,951.17,2024-10-07,Shipped
16515,1491,Keyboard,1,209.02,2024-05-28,Pending
16516,1484,Monitor,4,699.51,2024-02-01,Completed
16517,1429,Tablet,3,261.57,2024-11-24,Completed
16518,1057,Keyboard,4,1902.39,2024-08-03,Cancelled
16519,1652,Keyboard,4,897.1,2024-09-12,Completed
16520,1707,Monitor,4,1031.49,2024-03-30,Shipped
16521,1819,Phone,4,706.32,2024-08-02,Completed
16522,1287,Mouse,1,1767.61,2024-08-18,Completed
16523,1154,Mouse,3,1594.73,2024-08-29,Pending
16524,1255,Monitor,1,1022.29,2024-08-21,Completed
16525,1237,Phone,4,1805.12,2024-09-24,Pending
16526,1032,Headphones,3,919.95,2024-04-20,Cancelled
16527,1797,Monitor,4,1460.66,2024-01-28,Completed
16528,1041,Keyboard,1,1715.73,2024-12-18,Pending
16529,1224,Keyboard,1,434.78,2024-09-17,Cancelled
16530,1486,Tablet,1,1699.29,2024-05-06,Shipped
16531,1012,Mouse,1,122.96,2024-09-02,Completed
16532,1153,Phone,3,1507.59,2024-01-19,Completed
16533,1836,Monitor,2,367.3,2024-06-22,Shipped
16534,1634,Laptop,2,116.4,2024-11-21,Pending
16535,1210,Tablet,2,275.78,2024-05-03,Cancelled
16536,1629,Tablet,3,1761.93,2024-02-11,Pending
16537,1347,Laptop,4,1420.39,2024-09-08,Shipped
16538,1634,Tablet,4,611.81,2024-08-28,Pending
16539,1360,Monitor,4,353.79,2024-06-05,Shipped
16540,1395,Headphones,4,1253.46,2024-03-22,Completed
16541,1618,Tablet,3,1221.81,2024-07-14,Shipped
16542,1889,Headphones,3,379.03,2024-12-06,Completed
16543,1408,Tablet,1,994.33,2024-07-09,Pending
16544,1814,Laptop,2,589.02,2024-10-03,Cancelled
16545,1954,Phone,4,1944.69,2024-02-05,Pending
16546,1045,Tablet,3,145.59,2024-05-25,Shipped
16547,1030,Mouse,3,1911.3,2024-11-21,Completed
16548,1774,Headphones,1,447.49,2024-02-02,Completed
16549,1234,Headphones,1,1715.68,2024-01-17,Cancelled
16550,1920,Headphones,3,1341.81,2024-06-18,Pending
16551,1680,Phone,1,428.25,2024-05-13,Completed
16552,1855,Phone,2,1823.01,2024-11-18,Completed
16553,1824,Tablet,3,1731.17,2024-12-03,Shipped
16554,1879,Headphones,4,1429.98,2024-12-20,Pending
16555,1871,Mouse,3,1028.62,2024-10-05,Pending
16556,1208,Keyboard,3,567.32,2024-05-19,Pending
16557,1852,Tablet,1,1854.05,2024-03-10,Completed
16558,1751,Tablet,1,1636.02,2024-09-05,Shipped
16559,1258,Tablet,4,682.81,2024-09-19,Pending
16560,1088,Mouse,4,982.16,2024-07-03,Cancelled
16561,1956,Monitor,1,1500.68,2024-10-31,Cancelled
16562,1492,Phone,4,1473.45,2024-09-19,Completed
16563,1319,Phone,3,1894.94,2024-11-09,Cancelled
16564,1467,Tablet,3,736.85,2024-03-30,Shipped
16565,1096,Keyboard,1,1758.94,2024-10-01,Completed
16566,1762,Monitor,1,832.62,2024-10-13,Shipped
16567,1356,Phone,3,511.47,2024-11-05,Pending
16568,1048,Monitor,1,1269.77,2024-04-07,Cancelled
16569,1324,Mouse,3,228.16,2024-05-18,Completed
16570,1802,Mouse,2,1038.5,2024-12-09,Shipped
16571,1012,Monitor,1,1947.39,2024-04-12,Shipped
16572,1682,Mouse,4,1355.06,2024-04-06,Completed
16573,1741,Tablet,3,1466.21,2024-12-28,Cancelled
16574,1810,Mouse,2,1454.53,2024-07-27,Shipped
16575,1520,Keyboard,1,567.35,2024-06-10,Shipped
16576,1280,Mouse,3,1255.92,2024-10-18,Shipped
16577,1454,Keyboard,2,430.67,2024-01-30,Pending
16578,1453,Monitor,1,391.99,2024-01-23,Pending
16579,1906,Mouse,4,858.35,2024-10-15,Pending
16580,1206,Mouse,3,284.04,2024-11-14,Cancelled
16581,1299,Mouse,2,523.83,2024-09-28,Completed
16582,1604,Tablet,4,133.84,2024-04-22,Completed
16583,1980,Laptop,4,1305.96,2024-11-18,Pending
16584,1891,Monitor,4,910.3,2024-04-16,Completed
16585,1482,Laptop,2,426.16,2024-06-16,Completed
16586,1219,Keyboard,2,1152.67,2024-04-17,Shipped
16587,1509,Monitor,1,1550.5,2024-04-29,Completed
16588,1766,Mouse,3,63.25,2024-01-28,Cancelled
16589,1698,Headphones,3,860.03,2024-05-22,Pending
16590,1997,Tablet,4,165.05,2024-05-17,Shipped
16591,1674,Laptop,4,1254.96,2024-01-19,Cancelled
16592,1801,Laptop,1,932.11,2024-10-29,Cancelled
16593,1549,Phone,4,1406.96,2024-07-14,Cancelled
16594,1724,Monitor,4,1877.79,2024-10-30,Shipped
16595,1444,Phone,3,418.29,2024-02-20,Cancelled
16596,1610,Mouse,1,1647.01,2024-10-21,Pending
16597,1851,Phone,1,1633.27,2024-03-01,Pending
16598,1436,Phone,3,156.16,2024-01-16,Cancelled
16599,1880,Phone,1,1418.27,2024-08-31,Cancelled
16600,1171,Mouse,4,306.45,2024-07-20,Pending
16601,1303,Laptop,2,1041.39,2024-09-19,Completed
16602,1138,Tablet,2,1158.74,2024-12-27,Shipped
16603,1556,Mouse,4,1374.95,2024-05-20,Shipped
16604,1887,Tablet,1,1247.12,2024-06-08,Cancelled
16605,1819,Monitor,3,769.44,2024-08-29,Shipped
16606,1258,Phone,2,1561.02,2024-11-10,Cancelled
16607,1594,Monitor,2,1014.81,2024-03-17,Shipped
16608,1333,Mouse,2,167.11,2024-05-26,Cancelled
16609,1525,Headphones,1,1123.82,2024-12-21,Shipped
16610,1954,Headphones,3,1281.1,2024-10-07,Completed
16611,1580,Laptop,3,1511.51,2024-03-06,Cancelled
16612,1072,Headphones,4,1164.41,2024-09-10,Pending
16613,1508,Mouse,2,628.86,2024-04-05,Shipped
16614,1224,Phone,3,1807.52,2024-05-08,Completed
16615,1698,Phone,1,150.27,2024-06-27,Cancelled
16616,1573,Monitor,4,557.92,2024-09-06,Pending
16617,1579,Keyboard,3,273.65,2024-01-20,Shipped
16618,1053,Keyboard,3,1814.73,2024-12-18,Pending
16619,1422,Laptop,2,1310.97,2024-12-27,Cancelled
16620,1123,Headphones,2,511.42,2024-01-23,Shipped
16621,1234,Mouse,4,1850.35,2024-03-03,Cancelled
16622,1890,Keyboard,3,1292.08,2024-05-21,Completed
16623,1300,Mouse,4,1077.85,2024-05-08,Pending
16624,1982,Headphones,4,682.76,2024-06-30,Completed
16625,1566,Mouse,4,455.22,2024-10-02,Pending
16626,1083,Monitor,1,1343.31,2024-05-18,Completed
16627,1987,Phone,4,366.43,2024-11-05,Pending
16628,1053,Headphones,2,1609.16,2024-10-06,Pending
16629,1793,Tablet,3,1438.59,2024-10-24,Pending
16630,1036,Laptop,2,1401.32,2024-07-27,Pending
16631,1479,Monitor,3,286.2,2024-09-24,Shipped
16632,1847,Mouse,3,973.73,2024-05-12,Completed
16633,1489,Tablet,4,1642.86,2024-09-06,Shipped
16634,1883,Mouse,4,285.9,2024-06-06,Completed
16635,1347,Tablet,2,1613.2,2024-02-16,Cancelled
16636,1907,Phone,1,1590.06,2024-10-10,Cancelled
16637,1476,Tablet,1,763.21,2024-02-12,Shipped
16638,1384,Mouse,3,190.37,2024-04-18,Completed
16639,1197,Monitor,1,355.59,2024-11-04,Shipped
16640,1914,Monitor,4,833.38,2024-07-26,Cancelled
16641,1191,Laptop,3,1331.69,2024-12-23,Completed
16642,1353,Phone,4,703.17,2024-07-14,Completed
16643,1385,Keyboard,3,508.34,2024-03-26,Shipped
16644,1373,Headphones,3,953.71,2024-03-24,Pending
16645,1065,Monitor,4,1541.96,2024-04-12,Cancelled
16646,1598,Monitor,4,71.34,2024-08-28,Cancelled
16647,1126,Headphones,4,1863.32,2024-09-09,Completed
16648,1120,Tablet,3,765.5,2024-08-23,Cancelled
16649,1517,Mouse,2,446.59,2024-11-19,Cancelled
16650,1715,Monitor,2,904.57,2024-12-25,Completed
16651,1428,Tablet,1,1807.67,2024-06-27,Pending
16652,1771,Mouse,4,1256.58,2024-06-26,Cancelled
16653,1447,Tablet,2,1225.49,2024-10-19,Shipped
16654,1224,Mouse,4,1233.94,2024-01-20,Completed
16655,1530,Headphones,1,1623.07,2024-06-21,Pending
16656,1107,Laptop,3,1509.59,2024-11-12,Cancelled
16657,1020,Headphones,2,503.28,2024-06-23,Completed
16658,1314,Mouse,3,1045.87,2024-02-06,Shipped
16659,1689,Mouse,2,901.7,2024-09-05,Pending
16660,1759,Tablet,4,1114.44,2024-04-23,Completed
16661,1016,Laptop,3,1301.12,2024-10-27,Completed
16662,1949,Keyboard,1,850.11,2024-11-01,Shipped
16663,1355,Monitor,4,621.3,2024-12-30,Shipped
16664,1861,Keyboard,3,155.14,2024-07-01,Shipped
16665,1591,Keyboard,3,1940.74,2024-12-11,Pending
16666,1560,Keyboard,3,1380.76,2024-08-05,Completed
16667,1591,Laptop,4,382.32,2024-09-14,Shipped
16668,1030,Monitor,1,1105.99,2024-08-26,Completed
16669,1889,Monitor,2,960.41,2024-11-15,Shipped
16670,1457,Phone,1,429.34,2024-08-21,Cancelled
16671,1967,Monitor,3,1524.92,2024-11-28,Completed
16672,1370,Keyboard,4,1083.29,2024-06-07,Shipped
16673,1838,Headphones,3,1244.53,2024-05-25,Pending
16674,1620,Phone,1,424.7,2024-10-13,Pending
16675,1937,Mouse,2,1115.95,2024-05-31,Pending
16676,1087,Tablet,4,1174.32,2024-06-29,Shipped
16677,1984,Headphones,3,1441.77,2024-12-31,Cancelled
16678,1185,Keyboard,4,297.21,2024-04-14,Completed
16679,1835,Tablet,3,1355.45,2024-02-10,Pending
16680,1469,Laptop,3,1392.5,2024-12-25,Cancelled
16681,1344,Keyboard,3,1712.89,2024-07-30,Cancelled
16682,1557,Monitor,2,1909.16,2024-06-22,Pending
16683,1716,Phone,1,1084.2,2024-05-28,Pending
16684,1280,Mouse,3,1334.95,2024-02-06,Shipped
16685,1849,Mouse,1,59.1,2024-10-05,Completed
16686,1665,Laptop,4,89.42,2024-05-14,Completed
16687,1455,Laptop,1,391.28,2024-03-20,Completed
16688,1387,Headphones,1,1728.75,2024-09-05,Pending
16689,1328,Laptop,1,154.08,2024-08-20,Cancelled
16690,1431,Keyboard,2,617.32,2024-05-05,Shipped
16691,1493,Laptop,3,1550.58,2024-02-23,Pending
16692,1652,Headphones,4,427.37,2024-11-07,Shipped
16693,1785,Mouse,3,1972.36,2024-07-13,Shipped
16694,1829,Headphones,1,138.51,2024-08-09,Shipped
16695,1364,Headphones,2,1872.11,2024-01-22,Completed
16696,1310,Phone,4,995.78,2024-12-21,Pending
16697,1469,Tablet,2,1689.07,2024-12-05,Pending
16698,1755,Phone,3,1977.9,2024-02-20,Shipped
16699,1144,Keyboard,2,1820.32,2024-02-28,Shipped
16700,1166,Keyboard,1,1965.4,2024-01-23,Completed
16701,1372,Headphones,4,1772.47,2024-06-16,Cancelled
16702,1165,Laptop,3,894.96,2024-09-29,Cancelled
16703,1773,Laptop,4,65.13,2024-07-16,Pending
16704,1604,Keyboard,3,1198.11,2024-07-25,Pending
16705,1971,Mouse,3,1317.24,2024-08-08,Shipped
16706,1045,Mouse,3,1514.08,2024-07-31,Completed
16707,1655,Headphones,2,785.99,2024-06-09,Shipped
16708,1915,Headphones,4,1037.88,2024-05-09,Shipped
16709,1007,Headphones,3,1247.09,2024-05-21,Cancelled
16710,1268,Headphones,3,305.33,2024-06-03,Completed
16711,1451,Tablet,1,928.19,2024-05-17,Cancelled
16712,1204,Tablet,1,319.68,2024-03-08,Pending
16713,1855,Phone,1,643.66,2024-02-05,Cancelled
16714,1480,Mouse,4,758.26,2024-08-28,Shipped
16715,1787,Keyboard,3,1377.7,2024-05-25,Cancelled
16716,1553,Phone,2,604.81,2024-11-01,Completed
16717,1212,Keyboard,2,1734.19,2024-12-03,Shipped
16718,1821,Laptop,2,1172.24,2024-04-29,Pending
16719,1799,Laptop,1,1985.72,2024-06-07,Completed
16720,1876,Laptop,3,875.93,2024-10-31,Completed
16721,1985,Monitor,4,1209.94,2024-04-18,Cancelled
16722,1029,Mouse,2,1525.95,2024-07-10,Shipped
16723,1965,Mouse,1,139.11,2024-05-29,Cancelled
16724,1164,Monitor,1,914.74,2024-01-01,Pending
16725,1514,Laptop,4,1150.22,2024-11-27,Completed
16726,1988,Phone,3,1596.41,2024-01-14,Cancelled
16727,1493,Tablet,2,841.74,2024-02-03,Completed
16728,1051,Headphones,4,1399.77,2024-02-15,Completed
16729,1050,Tablet,1,283.66,2024-12-22,Shipped
16730,1254,Mouse,2,1632.66,2024-11-24,Shipped
16731,1246,Tablet,4,419.34,2024-10-25,Pending
16732,1525,Tablet,2,462.86,2024-08-07,Shipped
16733,1778,Phone,1,1290.61,2024-03-09,Completed
16734,1886,Phone,3,1490.33,2024-03-08,Pending
16735,1441,Keyboard,1,938.22,2024-03-01,Cancelled
16736,1114,Laptop,4,512.24,2024-12-13,Pending
16737,1251,Keyboard,1,478.09,2024-10-08,Completed
16738,1516,Tablet,4,677.04,2024-09-09,Completed
16739,1686,Phone,4,947.36,2024-05-16,Completed
16740,1965,Laptop,4,1228.25,2024-08-02,Shipped
16741,1518,Mouse,3,737.41,2024-10-24,Shipped
16742,1544,Phone,1,1474.33,2024-08-19,Pending
16743,1618,Monitor,1,1483.04,2024-01-09,Completed
16744,1490,Keyboard,1,830.89,2024-06-22,Pending
16745,1989,Mouse,2,399.17,2024-11-26,Pending
16746,1849,Tablet,3,520.32,2024-09-04,Shipped
16747,1644,Tablet,4,880.86,2024-03-10,Cancelled
16748,1159,Tablet,3,486.1,2024-08-25,Cancelled
16749,1468,Phone,1,1626.97,2024-03-05,Pending
16750,1743,Tablet,2,1474.42,2024-03-19,Cancelled
16751,1450,Keyboard,3,322.09,2024-09-13,Completed
16752,1681,Phone,2,534.83,2024-11-25,Completed
16753,1575,Tablet,2,394.24,2024-11-22,Pending
16754,1857,Laptop,4,705.82,2024-11-27,Pending
16755,1098,Mouse,3,449.94,2024-10-30,Shipped
16756,1615,Laptop,4,1108.46,2024-08-31,Pending
16757,1126,Keyboard,3,630.27,2024-08-13,Pending
16758,1850,Keyboard,3,1055.75,2024-08-07,Pending
16759,1784,Keyboard,2,647.13,2024-02-13,Pending
16760,1339,Monitor,2,1294.68,2024-07-30,Completed
16761,1992,Headphones,2,1734.36,2024-01-03,Shipped
16762,1786,Monitor,2,55.92,2024-11-04,Cancelled
16763,1932,Laptop,2,1566.1,2024-04-08,Completed
16764,1908,Mouse,3,866.17,2024-10-22,Cancelled
16765,1304,Keyboard,3,1640.76,2024-02-11,Shipped
16766,1611,Phone,1,521.3,2024-03-28,Cancelled
16767,1335,Laptop,4,1110.86,2024-08-17,Shipped
16768,1061,Keyboard,4,845.1,2024-11-07,Cancelled
16769,1942,Headphones,1,976.14,2024-11-27,Completed
16770,1920,Laptop,4,1589.87,2024-04-26,Completed
16771,1497,Phone,3,1646.09,2024-10-14,Pending
16772,1335,Monitor,3,555.49,2024-07-25,Cancelled
16773,1866,Phone,3,1344.86,2024-03-11,Cancelled
16774,1959,Phone,3,1451.34,2024-06-02,Completed
16775,1085,Mouse,1,220.29,2024-11-03,Pending
16776,1837,Mouse,2,1778.96,2024-03-17,Pending
16777,1870,Laptop,4,1179.51,2024-10-07,Pending
16778,1679,Mouse,1,1289.19,2024-01-07,Pending
16779,1008,Phone,2,1574.11,2024-05-22,Pending
16780,1466,Phone,3,322.97,2024-10-27,Pending
16781,1488,Mouse,1,1449.49,2024-03-05,Shipped
16782,1113,Tablet,1,1139.06,2024-08-19,Cancelled
16783,1550,Laptop,2,843.19,2024-06-24,Completed
16784,1499,Mouse,1,663.59,2024-07-18,Pending
16785,1297,Keyboard,4,580.44,2024-06-06,Cancelled
16786,1785,Tablet,1,438.09,2024-04-26,Pending
16787,1897,Tablet,4,842.96,2024-12-07,Shipped
16788,1178,Laptop,4,1342.67,2024-08-04,Shipped
16789,1183,Laptop,1,193.16,2024-01-17,Pending
16790,1084,Headphones,1,109.86,2024-03-25,Completed
16791,1869,Headphones,3,1737.79,2024-11-06,Pending
16792,1703,Tablet,2,637.52,2024-07-07,Completed
16793,1998,Keyboard,2,633.91,2024-10-08,Pending
16794,1818,Headphones,4,1907.73,2024-08-04,Pending
16795,1302,Mouse,3,1396.84,2024-06-20,Pending
16796,1845,Monitor,2,1905.18,2024-06-07,Shipped
16797,1569,Tablet,3,779.2,2024-06-30,Cancelled
16798,1273,Monitor,2,303.48,2024-05-09,Shipped
16799,1912,Tablet,4,1575.13,2024-01-28,Cancelled
16800,1758,Monitor,4,1379.71,2024-06-15,Pending
16801,1873,Monitor,3,174.89,2024-04-10,Pending
16802,1281,Tablet,1,565.25,2024-12-04,Completed
16803,1786,Laptop,4,460.12,2024-01-18,Pending
16804,1733,Keyboard,3,1440.11,2024-04-30,Completed
16805,1035,Keyboard,1,1158.12,2024-06-23,Shipped
16806,1835,Monitor,1,1645.23,2024-07-17,Cancelled
16807,1748,Headphones,2,1635.18,2024-02-10,Cancelled
16808,1900,Headphones,1,570.42,2024-08-28,Pending
16809,1021,Monitor,1,1085.52,2024-12-07,Completed
16810,1552,Laptop,3,252.11,2024-05-13,Completed
16811,1884,Keyboard,4,1540.99,2024-02-12,Cancelled
16812,1982,Mouse,1,1155.5,2024-10-17,Completed
16813,1303,Laptop,4,427.76,2024-08-21,Completed
16814,1522,Laptop,4,1009.95,2024-01-26,Completed
16815,1187,Tablet,4,376.61,2024-11-20,Cancelled
16816,1501,Mouse,3,1667.76,2024-07-30,Cancelled
16817,1081,Headphones,3,299.81,2024-09-18,Pending
16818,1017,Phone,4,296.28,2024-09-28,Pending
16819,1775,Keyboard,2,95.46,2024-04-19,Completed
16820,1568,Headphones,2,1542.55,2024-07-08,Cancelled
16821,1903,Keyboard,4,1318.02,2024-11-27,Completed
16822,1232,Monitor,2,450.02,2024-02-29,Pending
16823,1237,Tablet,1,1172.44,2024-05-15,Pending
16824,1932,Mouse,1,92.27,2024-05-24,Completed
16825,1677,Laptop,4,266.67,2024-09-11,Cancelled
16826,1132,Laptop,3,536.57,2024-01-31,Shipped
16827,1280,Monitor,2,1227.62,2024-06-24,Completed
16828,1805,Phone,1,1605.54,2024-11-21,Completed
16829,1700,Phone,3,1185.62,2024-12-27,Pending
16830,1607,Keyboard,4,1751.69,2024-01-01,Cancelled
16831,1418,Headphones,2,1492.72,2024-03-11,Completed
16832,1247,Mouse,3,702.8,2024-12-17,Cancelled
16833,1268,Laptop,2,674.21,2024-08-03,Shipped
16834,1475,Phone,3,1116.97,2024-07-06,Pending
16835,1633,Headphones,4,1885.61,2024-03-02,Cancelled
16836,1283,Keyboard,3,704.81,2024-12-08,Pending
16837,1850,Tablet,4,471.55,2024-12-18,Pending
16838,1935,Keyboard,3,1518.99,2024-09-28,Completed
16839,1568,Keyboard,4,114.63,2024-01-04,Cancelled
16840,1583,Tablet,1,1973.65,2024-12-19,Pending
16841,1187,Tablet,1,1078.72,2024-05-25,Pending
16842,1579,Keyboard,4,1480.63,2024-05-16,Cancelled
16843,1505,Keyboard,2,1242.0,2024-05-20,Pending
16844,1340,Mouse,2,1360.3,2024-04-19,Cancelled
16845,1841,Tablet,3,121.64,2024-12-16,Completed
16846,1353,Headphones,2,860.23,2024-03-14,Completed
16847,1648,Mouse,1,568.59,2024-10-09,Completed
16848,1349,Tablet,3,1336.28,2024-09-10,Completed
16849,1890,Headphones,1,1690.68,2024-09-30,Pending
16850,1735,Monitor,2,778.42,2024-05-14,Pending
16851,1505,Mouse,3,151.32,2024-10-05,Cancelled
16852,1659,Keyboard,2,688.9,2024-06-25,Pending
16853,1699,Laptop,2,414.2,2024-10-15,Shipped
16854,1160,Keyboard,2,1980.8,2024-07-17,Shipped
16855,1537,Monitor,4,1787.37,2024-09-09,Pending
16856,1998,Laptop,1,1906.09,2024-05-10,Pending
16857,1958,Phone,4,782.48,2024-07-11,Pending
16858,1612,Phone,2,807.53,2024-01-21,Cancelled
16859,1228,Headphones,1,1429.59,2024-01-18,Shipped
16860,1522,Headphones,1,541.93,2024-06-03,Completed
16861,1753,Monitor,1,1997.38,2024-12-01,Cancelled
16862,1961,Headphones,2,1328.54,2024-05-01,Pending
16863,1953,Mouse,3,912.53,2024-10-22,Pending
16864,1099,Mouse,2,374.87,2024-05-21,Cancelled
16865,1207,Laptop,3,520.55,2024-09-03,Cancelled
16866,1655,Mouse,1,286.36,2024-05-26,Pending
16867,1228,Keyboard,3,1512.91,2024-05-20,Cancelled
16868,1847,Laptop,3,1927.79,2024-10-10,Shipped
16869,1273,Headphones,1,1759.67,2024-10-02,Pending
16870,1881,Mouse,3,1476.87,2024-11-26,Completed
16871,1414,Phone,3,138.31,2024-09-19,Completed
16872,1151,Keyboard,4,1786.34,2024-05-11,Shipped
16873,1845,Laptop,4,585.95,2024-05-15,Cancelled
16874,1643,Laptop,1,81.78,2024-05-17,Cancelled
16875,1237,Mouse,3,448.01,2024-10-20,Completed
16876,1258,Phone,1,839.19,2024-07-07,Shipped
16877,1808,Phone,4,1667.61,2024-06-19,Pending
16878,1466,Monitor,2,1409.61,2024-08-16,Shipped
16879,1136,Phone,1,1857.64,2024-08-08,Pending
16880,1224,Headphones,4,1648.06,2024-06-17,Shipped
16881,1136,Monitor,4,1663.21,2024-07-12,Shipped
16882,1589,Phone,2,1322.66,2024-04-06,Shipped
16883,1478,Keyboard,1,912.4,2024-07-30,Shipped
16884,1690,Monitor,2,269.11,2024-02-11,Pending
16885,1007,Mouse,2,1912.52,2024-10-26,Pending
16886,1393,Phone,4,1559.98,2024-01-28,Completed
16887,1408,Tablet,4,608.91,2024-08-05,Cancelled
16888,1490,Keyboard,3,62.2,2024-11-23,Pending
16889,1364,Mouse,3,123.81,2024-06-01,Pending
16890,1413,Mouse,3,1979.9,2024-03-29,Cancelled
16891,1743,Headphones,4,606.2,2024-06-19,Cancelled
16892,1026,Headphones,1,601.96,2024-09-04,Cancelled
16893,1947,Mouse,4,1125.57,2024-03-06,Completed
16894,1653,Mouse,1,476.93,2024-02-25,Completed
16895,1537,Mouse,3,71.0,2024-11-17,Shipped
16896,1477,Phone,3,1904.96,2024-07-05,Cancelled
16897,1986,Phone,1,151.28,2024-11-27,Completed
16898,1731,Headphones,1,1047.16,2024-06-02,Shipped
16899,1356,Keyboard,4,670.2,2024-07-18,Pending
16900,1547,Keyboard,4,621.34,2024-08-29,Pending
16901,1891,Monitor,3,1151.68,2024-07-12,Cancelled
16902,1378,Monitor,2,1616.08,2024-10-13,Completed
16903,1493,Keyboard,4,783.13,2024-09-29,Cancelled
16904,1797,Keyboard,1,531.55,2024-09-16,Shipped
16905,1588,Mouse,2,1147.48,2024-06-03,Shipped
16906,1452,Tablet,3,492.58,2024-02-16,Completed
16907,1626,Headphones,3,1453.22,2024-01-03,Cancelled
16908,1582,Phone,4,1078.27,2024-10-30,Cancelled
16909,1990,Phone,2,1910.88,2024-04-29,Completed
16910,1751,Mouse,2,580.23,2024-02-06,Cancelled
16911,1930,Headphones,4,393.4,2024-01-29,Pending
16912,1364,Keyboard,3,1990.93,2024-07-16,Completed
16913,1661,Headphones,3,146.42,2024-09-04,Pending
16914,1074,Headphones,1,1010.68,2024-03-01,Completed
16915,1576,Phone,3,1549.86,2024-08-16,Pending
16916,1684,Tablet,1,1974.22,2024-09-20,Pending
16917,1035,Phone,3,110.99,2024-06-27,Shipped
16918,1704,Headphones,3,1246.9,2024-06-16,Pending
16919,1215,Tablet,2,1109.12,2024-12-30,Completed
16920,1879,Phone,2,481.33,2024-12-29,Cancelled
16921,1710,Tablet,1,826.1,2024-11-09,Cancelled
16922,1333,Tablet,1,721.26,2024-01-02,Shipped
16923,1526,Phone,1,1650.08,2024-10-17,Shipped
16924,1806,Mouse,1,470.96,2024-03-28,Pending
16925,1206,Mouse,1,1877.38,2024-04-18,Pending
16926,1923,Phone,4,495.37,2024-10-05,Completed
16927,1982,Phone,1,1502.54,2024-02-16,Pending
16928,1811,Monitor,2,566.54,2024-09-08,Cancelled
16929,1300,Headphones,1,622.97,2024-12-05,Cancelled
16930,1753,Tablet,3,1065.86,2024-05-04,Pending
16931,1696,Tablet,3,1466.92,2024-12-09,Shipped
16932,1270,Laptop,1,724.59,2024-07-04,Completed
16933,1945,Phone,4,820.65,2024-08-10,Pending
16934,1834,Keyboard,2,1987.01,2024-01-25,Cancelled
16935,1797,Mouse,2,908.86,2024-11-03,Pending
16936,1284,Laptop,4,566.86,2024-12-08,Shipped
16937,1019,Mouse,4,463.75,2024-08-07,Completed
16938,1867,Monitor,2,936.03,2024-01-22,Cancelled
16939,1691,Mouse,1,927.1,2024-04-30,Completed
16940,1930,Keyboard,2,1951.57,2024-04-28,Pending
16941,1777,Laptop,3,1596.66,2024-10-14,Completed
16942,1488,Laptop,4,664.23,2024-08-16,Cancelled
16943,1990,Tablet,2,1949.85,2024-01-31,Pending
16944,1598,Keyboard,4,1461.11,2024-08-19,Shipped
16945,1008,Phone,1,952.17,2024-04-13,Cancelled
16946,1048,Mouse,2,1259.29,2024-04-15,Pending
16947,1113,Mouse,1,1533.45,2024-09-19,Completed
16948,1767,Phone,3,596.51,2024-12-11,Pending
16949,1204,Headphones,3,570.48,2024-07-27,Completed
16950,1366,Phone,2,1986.43,2024-05-22,Cancelled
16951,1488,Tablet,4,896.08,2024-07-14,Completed
16952,1964,Laptop,3,1614.32,2024-09-27,Shipped
16953,1237,Keyboard,3,1149.24,2024-04-27,Cancelled
16954,1176,Monitor,4,588.68,2024-03-29,Cancelled
16955,1084,Laptop,3,1560.33,2024-02-17,Cancelled
16956,1374,Phone,3,341.47,2024-07-24,Pending
16957,1207,Laptop,4,880.9,2024-03-13,Pending
16958,1612,Headphones,4,1297.74,2024-01-20,Cancelled
16959,1369,Monitor,4,1818.82,2024-01-23,Completed
16960,1709,Laptop,1,950.22,2024-06-13,Shipped
16961,1197,Tablet,1,781.68,2024-10-13,Pending
16962,1458,Tablet,3,1712.07,2024-11-11,Shipped
16963,1266,Headphones,4,1993.35,2024-06-16,Cancelled
16964,1202,Keyboard,2,1934.46,2024-11-09,Pending
16965,1969,Headphones,2,1316.33,2024-03-02,Shipped
16966,1759,Phone,3,319.25,2024-06-03,Completed
16967,1087,Phone,4,1354.51,2024-05-08,Cancelled
16968,1803,Headphones,2,146.91,2024-08-19,Cancelled
16969,1785,Monitor,4,891.09,2024-07-14,Cancelled
16970,1962,Headphones,1,68.96,2024-12-12,Pending
16971,1329,Headphones,2,844.25,2024-06-12,Completed
16972,1997,Keyboard,4,1723.62,2024-08-03,Pending
16973,1162,Laptop,3,1482.96,2024-01-20,Pending
16974,1812,Tablet,4,1633.09,2024-01-24,Completed
16975,1990,Tablet,3,1342.43,2024-06-17,Pending
16976,1877,Keyboard,3,1103.75,2024-08-11,Shipped
16977,1607,Headphones,3,1881.01,2024-08-26,Completed
16978,1162,Headphones,2,858.67,2024-08-10,Completed
16979,1399,Monitor,4,819.12,2024-03-06,Pending
16980,1179,Keyboard,3,1379.38,2024-11-04,Cancelled
16981,1777,Phone,3,1298.31,2024-11-29,Shipped
16982,1178,Headphones,3,1735.05,2024-11-01,Cancelled
16983,1774,Phone,2,398.33,2024-05-18,Cancelled
16984,1150,Monitor,3,1871.47,2024-03-28,Pending
16985,1893,Laptop,2,776.94,2024-10-24,Pending
16986,1423,Headphones,3,1584.64,2024-08-14,Cancelled
16987,1391,Monitor,4,1212.55,2024-11-10,Shipped
16988,1714,Laptop,3,960.92,2024-08-05,Pending
16989,1413,Keyboard,1,1845.82,2024-11-02,Completed
16990,1679,Mouse,1,1943.29,2024-07-13,Pending
16991,1195,Headphones,3,1079.0,2024-05-07,Pending
16992,1675,Mouse,1,1324.52,2024-06-17,Pending
16993,1883,Phone,2,1501.03,2024-10-14,Pending
16994,1353,Headphones,3,305.45,2024-11-11,Shipped
16995,1367,Laptop,1,1553.16,2024-04-15,Cancelled
16996,1261,Keyboard,1,340.78,2024-08-10,Cancelled
16997,1213,Mouse,1,623.95,2024-04-19,Pending
16998,1984,Phone,2,1452.0,2024-06-25,Completed
16999,1804,Monitor,2,324.46,2024-11-08,Pending
17000,1755,Tablet,3,654.69,2024-09-22,Shipped
17001,1289,Headphones,4,1518.78,2024-05-26,Cancelled
17002,1215,Monitor,1,875.44,2024-08-31,Shipped
17003,1189,Headphones,2,587.74,2024-02-28,Completed
17004,1933,Headphones,3,1610.29,2024-09-22,Cancelled
17005,1784,Tablet,4,463.37,2024-02-09,Cancelled
17006,1989,Phone,4,1486.8,2024-03-17,Cancelled
17007,1305,Laptop,3,801.6,2024-05-16,Pending
17008,1110,Monitor,2,1075.12,2024-02-08,Pending
17009,1831,Mouse,1,106.82,2024-04-16,Cancelled
17010,1947,Headphones,2,79.83,2024-09-21,Shipped
17011,1405,Keyboard,3,1033.52,2024-03-22,Completed
17012,1730,Tablet,1,759.72,2024-06-27,Shipped
17013,1230,Keyboard,2,1909.52,2024-11-10,Cancelled
17014,1516,Monitor,2,260.4,2024-01-09,Cancelled
17015,1266,Keyboard,2,1702.44,2024-10-27,Shipped
17016,1817,Headphones,4,495.26,2024-06-11,Pending
17017,1530,Mouse,1,629.82,2024-07-31,Pending
17018,1952,Mouse,1,972.0,2024-12-16,Shipped
17019,1350,Phone,3,345.52,2024-08-24,Cancelled
17020,1016,Phone,3,1564.47,2024-06-08,Completed
17021,1238,Laptop,3,1013.27,2024-02-09,Completed
17022,1174,Headphones,3,1065.31,2024-10-20,Cancelled
17023,1869,Monitor,3,799.53,2024-05-14,Pending
17024,1870,Keyboard,2,563.0,2024-05-17,Shipped
17025,1617,Headphones,4,892.36,2024-12-10,Completed
17026,1808,Tablet,1,1026.64,2024-05-12,Cancelled
17027,1045,Headphones,3,538.6,2024-05-11,Completed
17028,1688,Phone,1,202.3,2024-04-11,Pending
17029,1890,Keyboard,3,1085.34,2024-10-30,Completed
17030,1574,Mouse,3,1971.53,2024-07-31,Cancelled
17031,1625,Tablet,3,229.99,2024-09-26,Completed
17032,1013,Tablet,2,108.79,2024-07-14,Completed
17033,1754,Tablet,2,1075.07,2024-05-12,Pending
17034,1199,Phone,4,506.53,2024-07-14,Completed
17035,1426,Laptop,4,1520.09,2024-11-18,Pending
17036,1035,Monitor,3,264.08,2024-02-27,Shipped
17037,1074,Laptop,4,1787.9,2024-12-21,Cancelled
17038,1861,Headphones,3,1101.35,2024-08-26,Completed
17039,1432,Mouse,3,587.2,2024-05-30,Shipped
17040,1095,Keyboard,1,826.89,2024-12-29,Completed
17041,1775,Monitor,2,294.66,2024-07-22,Cancelled
17042,1189,Mouse,1,983.68,2024-02-22,Completed
17043,1086,Tablet,1,523.75,2024-12-09,Shipped
17044,1738,Mouse,2,1413.6,2024-01-20,Pending
17045,1762,Phone,1,1671.0,2024-10-02,Shipped
17046,1743,Mouse,3,1365.34,2024-06-03,Shipped
17047,1223,Monitor,3,1077.38,2024-07-24,Pending
17048,1736,Keyboard,4,1559.34,2024-03-07,Pending
17049,1195,Headphones,3,1555.96,2024-10-26,Cancelled
17050,1616,Monitor,4,1078.55,2024-12-25,Pending
17051,1539,Keyboard,3,246.96,2024-10-08,Shipped
17052,1516,Phone,3,1724.75,2024-07-22,Pending
17053,1721,Mouse,3,705.22,2024-04-28,Cancelled
17054,1714,Monitor,4,1868.39,2024-01-30,Pending
17055,1200,Phone,3,1565.1,2024-03-27,Pending
17056,1833,Monitor,4,447.21,2024-05-05,Completed
17057,1211,Mouse,1,1126.29,2024-09-09,Completed
17058,1991,Mouse,4,1492.17,2024-09-26,Shipped
17059,1420,Laptop,3,819.04,2024-10-10,Pending
17060,1905,Monitor,2,539.53,2024-06-11,Pending
17061,1107,Laptop,2,1427.49,2024-08-25,Cancelled
17062,1274,Mouse,4,296.62,2024-05-09,Completed
17063,1029,Headphones,1,1454.87,2024-08-12,Completed
17064,1168,Keyboard,2,469.95,2024-09-27,Cancelled
17065,1442,Headphones,4,450.28,2024-08-13,Cancelled
17066,1301,Keyboard,3,1573.84,2024-02-17,Shipped
17067,1198,Monitor,4,267.29,2024-05-30,Pending
17068,1944,Laptop,3,937.99,2024-06-22,Cancelled
17069,1194,Laptop,3,1353.63,2024-06-22,Pending
17070,1165,Monitor,4,1676.1,2024-08-11,Completed
17071,1317,Phone,3,1611.82,2024-02-29,Shipped
17072,1852,Monitor,4,846.74,2024-05-17,Completed
17073,1855,Tablet,1,1084.29,2024-03-09,Shipped
17074,1264,Keyboard,1,1228.92,2024-05-12,Shipped
17075,1344,Headphones,3,1478.02,2024-08-11,Pending
17076,1398,Keyboard,4,878.68,2024-07-24,Pending
17077,1594,Phone,1,795.57,2024-07-12,Shipped
17078,1075,Keyboard,1,1726.56,2024-12-25,Cancelled
17079,1912,Tablet,1,70.27,2024-10-10,Shipped
17080,1638,Keyboard,2,309.15,2024-05-18,Shipped
17081,1865,Phone,3,170.33,2024-05-28,Cancelled
17082,1422,Monitor,1,1335.6,2024-04-16,Pending
17083,1960,Keyboard,4,1268.32,2024-06-02,Pending
17084,1465,Monitor,2,440.22,2024-09-17,Completed
17085,1434,Phone,4,1111.99,2024-06-20,Pending
17086,1561,Headphones,2,1419.36,2024-10-08,Cancelled
17087,1077,Monitor,2,779.21,2024-06-14,Completed
17088,1869,Monitor,3,152.47,2024-06-21,Completed
17089,1459,Laptop,3,811.5,2024-11-12,Shipped
17090,1421,Headphones,4,803.65,2024-11-09,Cancelled
17091,1136,Headphones,3,1491.52,2024-07-01,Shipped
17092,1998,Laptop,2,949.47,2024-12-10,Completed
17093,1412,Tablet,3,1145.2,2024-08-24,Shipped
17094,1480,Phone,4,1039.85,2024-09-18,Shipped
17095,1991,Mouse,4,1844.81,2024-11-09,Cancelled
17096,1436,Laptop,2,441.78,2024-03-03,Pending
17097,1550,Keyboard,1,1316.96,2024-12-23,Completed
17098,1842,Headphones,4,432.89,2024-09-01,Completed
17099,1472,Laptop,2,1138.22,2024-08-26,Shipped
17100,1536,Mouse,2,1302.69,2024-01-08,Pending
17101,1194,Tablet,3,595.78,2024-09-13,Pending
17102,1288,Phone,1,653.26,2024-08-15,Pending
17103,1927,Phone,1,1758.54,2024-04-13,Shipped
17104,1292,Phone,3,1547.59,2024-04-10,Shipped
17105,1840,Keyboard,2,1507.91,2024-01-04,Shipped
17106,1413,Laptop,2,78.02,2024-02-23,Shipped
17107,1808,Laptop,2,1221.33,2024-08-01,Pending
17108,1872,Tablet,3,1489.81,2024-03-30,Completed
17109,1630,Headphones,1,1923.89,2024-07-22,Completed
17110,1159,Tablet,3,176.27,2024-10-02,Shipped
17111,1315,Tablet,2,1610.22,2024-04-01,Pending
17112,1626,Keyboard,4,1812.27,2024-05-14,Shipped
17113,1618,Mouse,3,1640.81,2024-07-20,Completed
17114,1483,Phone,3,1201.72,2024-12-24,Cancelled
17115,1086,Monitor,1,689.23,2024-06-18,Pending
17116,1866,Mouse,1,181.46,2024-06-13,Pending
17117,1267,Headphones,2,1089.32,2024-05-14,Shipped
17118,1662,Tablet,2,516.62,2024-06-02,Cancelled
17119,1592,Phone,4,779.82,2024-05-01,Pending
17120,1245,Phone,2,1044.27,2024-07-02,Shipped
17121,1667,Tablet,4,313.99,2024-12-14,Pending
17122,1072,Laptop,2,820.86,2024-11-17,Pending
17123,1525,Phone,4,1673.11,2024-10-15,Completed
17124,1941,Laptop,1,1519.65,2024-07-16,Completed
17125,1739,Headphones,3,1048.07,2024-11-08,Completed
17126,1309,Phone,2,1923.67,2024-10-23,Completed
17127,1843,Mouse,3,294.72,2024-06-18,Cancelled
17128,1363,Laptop,2,120.47,2024-01-22,Cancelled
17129,1834,Tablet,1,515.7,2024-07-03,Pending
17130,1243,Mouse,2,1462.1,2024-09-04,Completed
17131,1126,Laptop,3,947.39,2024-02-26,Cancelled
17132,1081,Mouse,1,1549.73,2024-11-22,Cancelled
17133,1831,Monitor,2,813.21,2024-10-04,Cancelled
17134,1308,Monitor,4,592.04,2024-01-29,Shipped
17135,1309,Monitor,4,1745.95,2024-09-22,Cancelled
17136,1617,Laptop,1,1211.73,2024-05-16,Pending
17137,1212,Keyboard,4,852.26,2024-12-17,Pending
17138,1002,Phone,2,1761.1,2024-08-11,Shipped
17139,1997,Monitor,1,1346.09,2024-11-10,Completed
17140,1802,Tablet,2,1125.98,2024-07-09,Pending
17141,1484,Mouse,2,486.14,2024-12-31,Pending
17142,1381,Phone,1,1084.62,2024-06-03,Pending
17143,1558,Tablet,1,1319.27,2024-07-31,Completed
17144,1471,Tablet,4,1450.6,2024-09-12,Completed
17145,1809,Monitor,3,1855.92,2024-05-06,Completed
17146,1323,Laptop,3,1285.59,2024-09-23,Pending
17147,1810,Tablet,1,734.41,2024-09-20,Shipped
17148,1457,Headphones,4,1706.97,2024-04-15,Pending
17149,1709,Mouse,4,888.92,2024-12-10,Completed
17150,1244,Mouse,1,186.73,2024-01-19,Completed
17151,1862,Laptop,3,917.42,2024-12-08,Pending
17152,1928,Phone,1,350.33,2024-07-12,Cancelled
17153,1139,Tablet,4,574.64,2024-05-27,Completed
17154,1193,Headphones,2,303.74,2024-05-17,Completed
17155,1340,Phone,2,1615.34,2024-08-03,Completed
17156,1258,Tablet,3,737.9,2024-07-02,Shipped
17157,1408,Mouse,3,1197.95,2024-09-11,Cancelled
17158,1062,Laptop,1,700.95,2024-05-21,Cancelled
17159,1719,Keyboard,3,1765.91,2024-05-16,Completed
17160,1833,Mouse,1,325.67,2024-01-03,Completed
17161,1670,Laptop,2,1191.46,2024-05-29,Cancelled
17162,1697,Headphones,2,93.46,2024-07-25,Pending
17163,1035,Monitor,3,481.36,2024-07-09,Shipped
17164,1929,Monitor,3,1515.33,2024-01-25,Cancelled
17165,1141,Headphones,2,1608.63,2024-12-16,Completed
17166,1034,Laptop,4,1362.34,2024-11-15,Cancelled
17167,1884,Mouse,2,1570.51,2024-05-04,Shipped
17168,1161,Laptop,3,568.37,2024-06-06,Pending
17169,1694,Keyboard,1,875.05,2024-02-21,Shipped
17170,1218,Laptop,4,97.71,2024-02-05,Cancelled
17171,1973,Tablet,4,1274.9,2024-05-01,Shipped
17172,1131,Monitor,3,147.34,2024-03-17,Completed
17173,1792,Monitor,2,204.27,2024-01-18,Pending
17174,1252,Tablet,3,811.85,2024-02-27,Completed
17175,1373,Headphones,4,1678.34,2024-04-13,Cancelled
17176,1234,Monitor,4,784.94,2024-02-01,Shipped
17177,1322,Keyboard,2,1844.06,2024-06-23,Cancelled
17178,1741,Headphones,3,1102.03,2024-05-23,Cancelled
17179,1205,Laptop,3,1218.93,2024-06-01,Shipped
17180,1010,Phone,4,257.68,2024-05-23,Pending
17181,1844,Keyboard,1,1646.37,2024-06-04,Cancelled
17182,1744,Phone,4,172.21,2024-03-31,Pending
17183,1782,Phone,1,1551.34,2024-03-09,Pending
17184,1191,Mouse,2,1206.54,2024-02-07,Shipped
17185,1975,Phone,3,225.03,2024-08-11,Pending
17186,1591,Tablet,4,850.92,2024-12-08,Completed
17187,1191,Phone,1,1195.81,2024-03-26,Shipped
17188,1510,Keyboard,3,822.97,2024-01-21,Cancelled
17189,1906,Phone,1,1987.99,2024-11-04,Shipped
17190,1562,Headphones,4,1650.7,2024-08-08,Completed
17191,1938,Keyboard,1,1105.36,2024-11-06,Cancelled
17192,1825,Keyboard,1,501.32,2024-06-22,Shipped
17193,1453,Phone,2,1367.16,2024-04-18,Completed
17194,1345,Phone,2,449.04,2024-09-17,Completed
17195,1736,Keyboard,1,210.44,2024-01-19,Completed
17196,1247,Keyboard,1,1072.98,2024-07-28,Shipped
17197,1241,Tablet,4,378.03,2024-11-29,Completed
17198,1496,Tablet,3,704.68,2024-10-17,Shipped
17199,1096,Mouse,4,1410.13,2024-10-05,Completed
17200,1355,Tablet,1,1311.27,2024-08-11,Shipped
17201,1266,Keyboard,4,676.48,2024-07-18,Pending
17202,1736,Keyboard,1,1635.48,2024-04-20,Shipped
17203,1064,Tablet,4,1685.26,2024-07-21,Completed
17204,1640,Mouse,2,1022.42,2024-11-25,Cancelled
17205,1041,Mouse,1,1449.21,2024-11-28,Shipped
17206,1972,Keyboard,3,1189.88,2024-11-25,Cancelled
17207,1610,Phone,4,847.63,2024-12-23,Shipped
17208,1396,Tablet,4,936.96,2024-01-26,Cancelled
17209,1941,Headphones,4,1612.18,2024-03-11,Cancelled
17210,1824,Phone,2,1112.39,2024-03-10,Completed
17211,1244,Keyboard,2,98.34,2024-03-12,Shipped
17212,1313,Tablet,4,1338.0,2024-11-07,Completed
17213,1993,Laptop,3,958.65,2024-05-19,Completed
17214,1333,Monitor,2,1530.0,2024-01-02,Cancelled
17215,1709,Headphones,4,1028.09,2024-01-12,Completed
17216,1736,Phone,1,1921.95,2024-05-09,Cancelled
17217,1856,Keyboard,3,1121.77,2024-10-24,Cancelled
17218,1476,Mouse,3,357.41,2024-12-25,Completed
17219,1147,Laptop,2,936.01,2024-09-25,Completed
17220,1501,Laptop,2,1996.67,2024-11-10,Cancelled
17221,1184,Tablet,1,807.32,2024-07-24,Completed
17222,1816,Phone,4,465.38,2024-10-03,Completed
17223,1389,Headphones,4,403.27,2024-04-12,Cancelled
17224,1478,Mouse,2,1261.11,2024-05-29,Pending
17225,1388,Monitor,3,1145.03,2024-12-03,Pending
17226,1225,Headphones,3,373.77,2024-12-06,Completed
17227,1888,Headphones,1,560.25,2024-02-13,Cancelled
17228,1509,Laptop,3,617.89,2024-05-24,Cancelled
17229,1851,Phone,4,1334.07,2024-04-16,Cancelled
17230,1655,Laptop,3,472.17,2024-02-23,Pending
17231,1377,Keyboard,4,1614.24,2024-05-08,Cancelled
17232,1810,Headphones,2,825.48,2024-09-21,Shipped
17233,1340,Mouse,4,343.64,2024-06-08,Cancelled
17234,1218,Mouse,2,1401.91,2024-10-09,Completed
17235,1453,Headphones,3,529.4,2024-12-28,Shipped
17236,1180,Headphones,4,427.55,2024-09-03,Shipped
17237,1165,Monitor,2,1800.88,2024-04-04,Pending
17238,1196,Phone,4,1760.89,2024-08-08,Cancelled
17239,1464,Monitor,2,1205.55,2024-01-24,Cancelled
17240,1852,Laptop,2,479.63,2024-02-24,Pending
17241,1705,Headphones,2,552.4,2024-09-01,Shipped
17242,1418,Tablet,2,1242.67,2024-06-05,Pending
17243,1338,Headphones,1,1049.53,2024-09-22,Pending
17244,1382,Tablet,4,812.67,2024-07-17,Pending
17245,1707,Phone,4,986.7,2024-08-11,Cancelled
17246,1291,Mouse,4,193.27,2024-12-14,Cancelled
17247,1339,Keyboard,2,1004.39,2024-08-28,Pending
17248,1564,Monitor,4,1118.73,2024-05-30,Pending
17249,1094,Phone,2,182.19,2024-10-15,Shipped
17250,1337,Laptop,2,318.22,2024-02-09,Pending
17251,1939,Phone,2,1452.94,2024-03-24,Shipped
17252,1370,Keyboard,4,573.62,2024-05-25,Pending
17253,1174,Tablet,1,1029.87,2024-07-26,Pending
17254,1198,Mouse,3,1827.48,2024-07-09,Completed
17255,1483,Monitor,1,714.77,2024-09-15,Cancelled
17256,1681,Tablet,4,758.16,2024-02-24,Completed
17257,1397,Phone,2,1166.55,2024-09-06,Completed
17258,1731,Mouse,4,1556.68,2024-08-13,Shipped
17259,1649,Laptop,4,845.37,2024-10-29,Completed
17260,1735,Laptop,1,1072.48,2024-10-27,Shipped
17261,1196,Mouse,3,126.5,2024-07-29,Completed
17262,1255,Mouse,4,1470.39,2024-10-19,Pending
17263,1719,Tablet,2,691.51,2024-01-11,Cancelled
17264,1980,Phone,4,1999.35,2024-08-15,Completed
17265,1184,Headphones,3,987.93,2024-01-21,Pending
17266,1770,Tablet,1,1190.21,2024-05-05,Cancelled
17267,1406,Mouse,2,937.86,2024-09-11,Cancelled
17268,1709,Laptop,3,635.05,2024-03-20,Completed
17269,1862,Monitor,4,1781.39,2024-10-25,Shipped
17270,1424,Mouse,1,272.0,2024-07-26,Completed
17271,1578,Phone,4,1732.03,2024-08-18,Shipped
17272,1466,Tablet,4,1295.13,2024-01-07,Cancelled
17273,1581,Monitor,2,1502.72,2024-04-19,Cancelled
17274,1555,Phone,1,596.17,2024-09-24,Cancelled
17275,1482,Mouse,4,1858.65,2024-04-14,Cancelled
17276,1649,Monitor,2,1919.91,2024-09-21,Pending
17277,1157,Laptop,2,1774.77,2024-06-22,Shipped
17278,1695,Laptop,4,637.2,2024-07-28,Shipped
17279,1415,Phone,3,1859.2,2024-04-20,Shipped
17280,1782,Laptop,3,1127.99,2024-10-10,Cancelled
17281,1918,Laptop,1,1537.46,2024-02-13,Completed
17282,1354,Phone,3,1274.06,2024-06-26,Cancelled
17283,1991,Tablet,4,929.22,2024-02-02,Pending
17284,1120,Laptop,4,362.17,2024-09-10,Completed
17285,1892,Tablet,4,1552.2,2024-08-06,Pending
17286,1258,Phone,1,1242.14,2024-12-05,Shipped
17287,1229,Laptop,4,1284.38,2024-03-11,Shipped
17288,1107,Keyboard,4,494.21,2024-04-12,Completed
17289,1125,Phone,1,1786.52,2024-09-20,Pending
17290,1949,Monitor,4,757.4,2024-06-16,Cancelled
17291,1414,Monitor,3,1909.66,2024-01-08,Pending
17292,1677,Laptop,4,498.56,2024-07-31,Cancelled
17293,1505,Headphones,1,948.12,2024-04-20,Completed
17294,1362,Tablet,3,1204.9,2024-10-24,Cancelled
17295,1697,Monitor,3,156.76,2024-06-10,Pending
17296,1670,Tablet,3,890.78,2024-06-09,Pending
17297,1861,Keyboard,2,144.06,2024-08-08,Pending
17298,1758,Laptop,4,359.61,2024-03-27,Pending
17299,1865,Tablet,1,1878.52,2024-11-14,Pending
17300,1271,Tablet,2,1875.72,2024-09-09,Pending
17301,1107,Keyboard,3,458.71,2024-11-29,Shipped
17302,1332,Tablet,3,1285.74,2024-02-21,Completed
17303,1886,Keyboard,3,759.9,2024-06-13,Pending
17304,1672,Laptop,2,1048.0,2024-05-16,Cancelled
17305,1006,Mouse,4,506.49,2024-05-15,Completed
17306,1000,Headphones,3,1790.53,2024-01-05,Shipped
17307,1450,Monitor,3,1921.81,2024-11-04,Pending
17308,1565,Headphones,2,1105.33,2024-06-23,Pending
17309,1618,Laptop,1,1064.9,2024-12-16,Pending
17310,1736,Headphones,4,1867.12,2024-12-11,Completed
17311,1516,Phone,1,1486.95,2024-11-29,Cancelled
17312,1948,Tablet,1,61.31,2024-09-14,Shipped
17313,1196,Tablet,4,278.14,2024-02-01,Completed
17314,1254,Keyboard,3,247.74,2024-12-31,Completed
17315,1542,Monitor,2,600.37,2024-06-24,Shipped
17316,1724,Keyboard,3,1404.41,2024-08-29,Cancelled
17317,1568,Monitor,4,939.89,2024-03-10,Shipped
17318,1334,Tablet,4,595.4,2024-05-11,Completed
17319,1033,Keyboard,2,1966.33,2024-08-21,Shipped
17320,1159,Tablet,3,1052.58,2024-06-27,Pending
17321,1039,Headphones,3,250.49,2024-12-13,Cancelled
17322,1026,Mouse,3,301.49,2024-01-28,Pending
17323,1036,Mouse,1,1854.74,2024-06-13,Pending
17324,1044,Headphones,3,444.46,2024-10-04,Completed
17325,1994,Mouse,3,1149.71,2024-03-25,Shipped
17326,1489,Tablet,2,1969.39,2024-09-02,Shipped
17327,1891,Phone,4,1015.55,2024-08-20,Cancelled
17328,1538,Keyboard,1,1646.44,2024-09-23,Pending
17329,1581,Phone,2,280.95,2024-04-01,Completed
17330,1709,Phone,1,937.15,2024-11-13,Shipped
17331,1679,Mouse,4,626.52,2024-01-21,Completed
17332,1062,Laptop,4,1487.78,2024-05-04,Completed
17333,1961,Laptop,3,1100.44,2024-04-27,Completed
17334,1322,Laptop,3,245.86,2024-07-21,Completed
17335,1521,Keyboard,3,1256.98,2024-05-15,Pending
17336,1473,Keyboard,2,1512.5,2024-01-13,Completed
17337,1792,Headphones,3,1273.41,2024-04-30,Cancelled
17338,1223,Monitor,3,1584.9,2024-12-10,Shipped
17339,1609,Keyboard,3,393.9,2024-01-22,Pending
17340,1607,Laptop,3,1849.77,2024-11-19,Completed
17341,1089,Keyboard,1,896.76,2024-06-24,Cancelled
17342,1009,Keyboard,2,1119.59,2024-09-18,Shipped
17343,1785,Monitor,4,1559.08,2024-03-19,Cancelled
17344,1971,Tablet,2,53.31,2024-10-13,Completed
17345,1467,Keyboard,3,1360.29,2024-08-26,Completed
17346,1726,Headphones,4,1243.14,2024-12-05,Pending
17347,1962,Keyboard,1,518.66,2024-06-12,Shipped
17348,1177,Tablet,4,1995.01,2024-04-05,Shipped
17349,1913,Laptop,3,1759.85,2024-03-24,Cancelled
17350,1499,Keyboard,2,340.85,2024-12-07,Completed
17351,1059,Mouse,3,1665.85,2024-01-14,Shipped
17352,1484,Keyboard,3,120.96,2024-06-24,Pending
17353,1533,Tablet,3,936.45,2024-01-27,Cancelled
17354,1297,Phone,1,1013.6,2024-07-06,Cancelled
17355,1504,Keyboard,4,1318.32,2024-08-16,Cancelled
17356,1928,Monitor,1,78.82,2024-07-01,Completed
17357,1869,Keyboard,2,145.14,2024-05-10,Pending
17358,1173,Phone,4,1006.37,2024-02-29,Cancelled
17359,1497,Headphones,2,1780.7,2024-12-17,Completed
17360,1268,Laptop,2,1184.48,2024-11-07,Completed
17361,1558,Mouse,2,516.31,2024-08-17,Pending
17362,1354,Monitor,4,501.0,2024-11-23,Shipped
17363,1147,Laptop,1,1474.74,2024-07-30,Completed
17364,1338,Laptop,1,1875.2,2024-11-19,Shipped
17365,1969,Phone,1,666.66,2024-03-16,Cancelled
17366,1245,Mouse,4,1252.29,2024-05-18,Shipped
17367,1738,Laptop,3,1011.54,2024-05-17,Cancelled
17368,1056,Monitor,1,919.37,2024-10-18,Cancelled
17369,1628,Phone,3,1097.15,2024-04-26,Pending
17370,1480,Keyboard,2,1960.3,2024-06-16,Shipped
17371,1796,Laptop,2,1447.27,2024-06-23,Completed
17372,1920,Keyboard,2,1223.59,2024-07-31,Shipped
17373,1207,Headphones,4,580.36,2024-06-15,Pending
17374,1845,Headphones,2,222.24,2024-04-13,Completed
17375,1253,Monitor,4,431.13,2024-07-26,Shipped
17376,1218,Phone,4,1458.15,2024-02-16,Completed
17377,1533,Headphones,3,1969.92,2024-07-03,Pending
17378,1677,Tablet,3,567.82,2024-10-07,Cancelled
17379,1987,Headphones,2,75.84,2024-09-18,Completed
17380,1719,Tablet,4,1950.21,2024-09-08,Completed
17381,1656,Phone,2,671.17,2024-06-16,Pending
17382,1047,Laptop,4,751.91,2024-02-17,Pending
17383,1349,Tablet,1,1430.87,2024-09-07,Shipped
17384,1160,Tablet,4,1896.15,2024-06-16,Pending
17385,1168,Mouse,2,1008.82,2024-07-07,Shipped
17386,1400,Phone,4,1375.04,2024-08-30,Cancelled
17387,1032,Mouse,1,1026.21,2024-10-09,Pending
17388,1287,Tablet,2,1329.6,2024-10-22,Shipped
17389,1749,Mouse,4,926.32,2024-05-10,Completed
17390,1847,Laptop,4,157.95,2024-11-14,Pending
17391,1895,Monitor,3,602.76,2024-07-20,Pending
17392,1615,Laptop,3,893.03,2024-08-31,Pending
17393,1113,Headphones,2,1455.55,2024-03-27,Pending
17394,1967,Monitor,2,1678.71,2024-06-28,Completed
17395,1830,Keyboard,4,1802.27,2024-12-26,Pending
17396,1319,Keyboard,1,603.59,2024-01-17,Pending
17397,1227,Keyboard,4,836.26,2024-07-12,Completed
17398,1225,Headphones,3,1365.71,2024-03-17,Pending
17399,1935,Monitor,1,1838.71,2024-04-17,Pending
17400,1442,Keyboard,2,1885.9,2024-09-15,Completed
17401,1779,Phone,1,1130.16,2024-01-09,Completed
17402,1332,Mouse,2,1168.96,2024-08-05,Completed
17403,1699,Mouse,2,1892.85,2024-05-18,Shipped
17404,1019,Phone,2,1588.47,2024-04-24,Shipped
17405,1334,Laptop,3,1251.42,2024-05-21,Completed
17406,1737,Keyboard,1,760.7,2024-05-09,Pending
17407,1169,Headphones,4,1932.94,2024-08-19,Cancelled
17408,1215,Tablet,2,707.54,2024-05-13,Pending
17409,1028,Keyboard,2,1557.05,2024-07-03,Pending
17410,1663,Phone,1,1744.72,2024-04-26,Shipped
17411,1834,Monitor,1,1542.45,2024-05-17,Pending
17412,1865,Headphones,4,763.17,2024-12-18,Completed
17413,1723,Phone,2,1414.09,2024-10-05,Shipped
17414,1979,Laptop,3,402.29,2024-02-05,Cancelled
17415,1315,Monitor,2,843.46,2024-07-19,Cancelled
17416,1262,Mouse,4,1608.99,2024-02-10,Pending
17417,1946,Keyboard,4,858.49,2024-01-28,Cancelled
17418,1881,Keyboard,2,1876.74,2024-03-29,Cancelled
17419,1455,Headphones,4,522.92,2024-11-24,Pending
17420,1871,Mouse,3,101.2,2024-07-18,Pending
17421,1505,Keyboard,1,1468.01,2024-02-23,Shipped
17422,1578,Keyboard,2,1144.22,2024-08-01,Cancelled
17423,1213,Laptop,2,62.35,2024-07-28,Cancelled
17424,1650,Keyboard,1,362.96,2024-12-08,Cancelled
17425,1426,Laptop,3,620.66,2024-05-29,Pending
17426,1708,Tablet,3,1580.26,2024-08-23,Completed
17427,1302,Mouse,4,1965.56,2024-09-28,Cancelled
17428,1780,Phone,4,799.11,2024-05-22,Cancelled
17429,1319,Monitor,2,422.47,2024-12-28,Cancelled
17430,1418,Headphones,2,1158.3,2024-06-28,Shipped
17431,1406,Tablet,1,1058.16,2024-09-14,Completed
17432,1987,Tablet,2,157.93,2024-02-07,Cancelled
17433,1342,Monitor,2,1632.42,2024-11-01,Completed
17434,1113,Phone,2,855.51,2024-04-06,Completed
17435,1658,Keyboard,3,97.46,2024-05-28,Shipped
17436,1906,Headphones,1,1553.29,2024-01-10,Cancelled
17437,1691,Monitor,1,1288.7,2024-05-29,Cancelled
17438,1899,Laptop,3,1911.7,2024-05-25,Pending
17439,1221,Mouse,4,524.89,2024-06-16,Pending
17440,1904,Headphones,3,156.04,2024-04-20,Shipped
17441,1144,Laptop,3,741.29,2024-11-20,Pending
17442,1970,Phone,2,1682.23,2024-12-20,Pending
17443,1514,Tablet,3,216.71,2024-03-26,Completed
17444,1076,Phone,1,1997.15,2024-03-11,Cancelled
17445,1708,Phone,4,1502.3,2024-06-22,Cancelled
17446,1272,Monitor,2,1742.12,2024-03-10,Cancelled
17447,1432,Monitor,1,1030.83,2024-09-01,Cancelled
17448,1705,Phone,1,1339.12,2024-09-24,Completed
17449,1544,Tablet,4,901.46,2024-03-08,Pending
17450,1665,Phone,1,1608.93,2024-06-13,Completed
17451,1719,Laptop,1,1510.46,2024-06-19,Completed
17452,1928,Phone,3,322.94,2024-01-22,Cancelled
17453,1298,Laptop,2,238.77,2024-04-13,Pending
17454,1595,Tablet,1,104.31,2024-03-13,Shipped
17455,1385,Monitor,2,1070.63,2024-10-24,Completed
17456,1243,Mouse,3,1700.68,2024-12-18,Pending
17457,1824,Mouse,3,1757.41,2024-03-16,Cancelled
17458,1376,Monitor,3,968.88,2024-11-27,Cancelled
17459,1015,Mouse,4,1822.9,2024-10-01,Completed
17460,1829,Keyboard,3,336.19,2024-11-08,Completed
17461,1734,Mouse,4,1513.99,2024-12-20,Completed
17462,1709,Mouse,1,700.94,2024-12-10,Shipped
17463,1294,Phone,2,1755.99,2024-01-24,Shipped
17464,1767,Mouse,2,460.27,2024-05-20,Shipped
17465,1864,Laptop,4,127.72,2024-12-03,Pending
17466,1236,Mouse,3,186.09,2024-07-06,Completed
17467,1510,Tablet,2,324.28,2024-10-21,Completed
17468,1340,Mouse,2,268.49,2024-10-31,Pending
17469,1462,Phone,2,895.73,2024-12-22,Cancelled
17470,1439,Headphones,1,169.04,2024-07-14,Completed
17471,1757,Mouse,1,1711.03,2024-07-28,Completed
17472,1829,Headphones,1,1778.46,2024-06-16,Completed
17473,1784,Phone,1,1812.67,2024-03-08,Completed
17474,1979,Keyboard,2,1693.21,2024-06-30,Shipped
17475,1414,Mouse,2,310.67,2024-04-26,Pending
17476,1978,Phone,2,874.28,2024-12-05,Cancelled
17477,1084,Laptop,1,1123.74,2024-01-10,Pending
17478,1104,Keyboard,1,568.23,2024-10-27,Pending
17479,1904,Headphones,1,1141.15,2024-11-09,Completed
17480,1656,Mouse,2,381.47,2024-10-16,Completed
17481,1504,Keyboard,3,1921.9,2024-08-31,Shipped
17482,1519,Laptop,2,1589.89,2024-02-03,Pending
17483,1977,Monitor,1,1806.88,2024-02-02,Pending
17484,1576,Laptop,3,1958.77,2024-05-17,Pending
17485,1438,Phone,2,648.29,2024-09-26,Shipped
17486,1338,Laptop,3,389.49,2024-05-31,Cancelled
17487,1223,Monitor,1,1276.38,2024-03-12,Shipped
17488,1203,Headphones,2,1841.7,2024-10-03,Pending
17489,1739,Phone,1,242.24,2024-09-25,Pending
17490,1253,Keyboard,4,862.3,2024-01-31,Cancelled
17491,1215,Mouse,1,851.51,2024-04-06,Pending
17492,1884,Laptop,3,1960.79,2024-09-03,Completed
17493,1950,Headphones,2,1364.7,2024-04-08,Cancelled
17494,1063,Keyboard,1,1387.3,2024-07-19,Shipped
17495,1363,Keyboard,2,577.59,2024-07-02,Completed
17496,1816,Laptop,1,806.99,2024-05-05,Completed
17497,1383,Phone,4,817.02,2024-05-21,Pending
17498,1894,Headphones,4,1925.35,2024-07-29,Pending
17499,1073,Mouse,2,595.65,2024-04-27,Shipped
17500,1682,Laptop,1,1592.37,2024-11-23,Shipped
17501,1041,Monitor,3,1280.2,2024-08-05,Pending
17502,1184,Laptop,2,1867.85,2024-10-08,Cancelled
17503,1431,Tablet,4,1735.48,2024-08-24,Shipped
17504,1403,Keyboard,2,1940.6,2024-06-02,Completed
17505,1277,Laptop,2,798.25,2024-10-28,Shipped
17506,1664,Tablet,4,985.78,2024-11-15,Completed
17507,1878,Keyboard,2,329.92,2024-12-07,Completed
17508,1740,Laptop,2,286.26,2024-02-21,Completed
17509,1151,Keyboard,1,1371.76,2024-11-23,Pending
17510,1833,Monitor,1,1984.57,2024-03-05,Shipped
17511,1682,Phone,1,1222.83,2024-03-25,Cancelled
17512,1371,Tablet,4,1338.57,2024-11-21,Cancelled
17513,1685,Headphones,3,206.43,2024-05-05,Cancelled
17514,1408,Monitor,1,1017.89,2024-07-03,Shipped
17515,1240,Laptop,1,786.21,2024-02-05,Cancelled
17516,1745,Phone,3,1970.89,2024-11-06,Pending
17517,1725,Monitor,3,1451.78,2024-08-04,Shipped
17518,1915,Mouse,4,537.41,2024-11-04,Cancelled
17519,1154,Keyboard,4,720.89,2024-02-29,Cancelled
17520,1644,Keyboard,3,1841.71,2024-06-28,Pending
17521,1315,Monitor,4,702.88,2024-11-07,Pending
17522,1668,Tablet,3,191.52,2024-07-06,Completed
17523,1811,Monitor,1,361.52,2024-07-12,Cancelled
17524,1959,Monitor,2,167.01,2024-11-19,Cancelled
17525,1446,Tablet,4,1661.97,2024-01-04,Shipped
17526,1850,Laptop,1,430.72,2024-06-22,Shipped
17527,1619,Headphones,4,1421.42,2024-10-23,Completed
17528,1874,Headphones,2,282.1,2024-04-18,Completed
17529,1523,Laptop,1,1873.19,2024-05-20,Cancelled
17530,1318,Keyboard,2,374.19,2024-12-22,Completed
17531,1177,Phone,3,1570.85,2024-08-06,Cancelled
17532,1096,Monitor,2,140.45,2024-02-27,Pending
17533,1242,Mouse,2,1794.47,2024-02-28,Shipped
17534,1936,Laptop,2,294.16,2024-09-30,Pending
17535,1586,Headphones,4,1216.34,2024-12-08,Shipped
17536,1774,Tablet,3,1219.51,2024-11-20,Shipped
17537,1371,Tablet,4,1313.69,2024-01-18,Completed
17538,1126,Phone,1,590.54,2024-05-29,Cancelled
17539,1697,Tablet,4,1820.58,2024-12-20,Completed
17540,1716,Keyboard,1,488.62,2024-03-05,Completed
17541,1852,Monitor,4,877.18,2024-10-26,Cancelled
17542,1762,Tablet,4,1680.57,2024-01-04,Cancelled
17543,1435,Phone,1,62.92,2024-02-24,Pending
17544,1455,Monitor,1,594.08,2024-11-22,Completed
17545,1002,Headphones,3,842.35,2024-07-05,Completed
17546,1943,Keyboard,2,1058.75,2024-05-14,Cancelled
17547,1163,Monitor,3,1644.27,2024-03-15,Pending
17548,1545,Laptop,1,1495.51,2024-06-02,Shipped
17549,1791,Mouse,1,1330.02,2024-08-15,Cancelled
17550,1023,Laptop,2,92.04,2024-06-15,Shipped
17551,1594,Headphones,3,287.89,2024-03-08,Shipped
17552,1152,Laptop,1,938.24,2024-08-29,Completed
17553,1564,Keyboard,4,1790.84,2024-02-18,Shipped
17554,1561,Keyboard,1,1110.68,2024-05-25,Completed
17555,1810,Laptop,3,763.47,2024-04-30,Cancelled
17556,1565,Headphones,2,334.68,2024-04-19,Completed
17557,1754,Mouse,3,1779.48,2024-12-30,Pending
17558,1389,Phone,4,153.59,2024-05-01,Shipped
17559,1387,Monitor,1,540.15,2024-10-30,Cancelled
17560,1846,Phone,2,1111.27,2024-01-17,Shipped
17561,1783,Tablet,4,1845.78,2024-06-10,Cancelled
17562,1696,Monitor,3,933.45,2024-01-14,Cancelled
17563,1702,Phone,4,886.06,2024-10-01,Pending
17564,1919,Laptop,4,142.71,2024-10-19,Shipped
17565,1058,Laptop,2,1609.01,2024-11-21,Pending
17566,1513,Mouse,3,1415.82,2024-03-01,Shipped
17567,1445,Mouse,2,1247.54,2024-08-24,Cancelled
17568,1517,Laptop,4,274.28,2024-03-09,Shipped
17569,1332,Monitor,2,561.2,2024-04-18,Completed
17570,1376,Tablet,3,1669.21,2024-01-21,Shipped
17571,1654,Tablet,2,1823.73,2024-10-14,Cancelled
17572,1783,Phone,1,89.93,2024-07-21,Shipped
17573,1461,Phone,4,1742.79,2024-06-01,Pending
17574,1513,Mouse,3,498.35,2024-07-15,Completed
17575,1998,Laptop,2,1851.41,2024-11-02,Completed
17576,1082,Mouse,1,432.49,2024-04-16,Completed
17577,1274,Laptop,4,1982.73,2024-07-10,Shipped
17578,1751,Laptop,2,266.71,2024-07-29,Completed
17579,1433,Headphones,2,1936.97,2024-05-22,Pending
17580,1366,Keyboard,3,1289.19,2024-05-01,Pending
17581,1256,Phone,4,773.29,2024-11-08,Completed
17582,1444,Monitor,4,1761.74,2024-10-26,Shipped
17583,1886,Mouse,1,898.8,2024-06-27,Shipped
17584,1708,Monitor,4,475.17,2024-07-26,Completed
17585,1495,Headphones,2,1170.37,2024-12-07,Shipped
17586,1204,Monitor,4,1460.12,2024-03-20,Pending
17587,1420,Laptop,2,1045.86,2024-06-04,Shipped
17588,1972,Monitor,4,1262.37,2024-09-27,Shipped
17589,1053,Headphones,2,1045.69,2024-08-05,Shipped
17590,1550,Laptop,1,1518.27,2024-06-02,Pending
17591,1688,Headphones,2,1043.1,2024-05-27,Pending
17592,1823,Laptop,2,882.08,2024-01-14,Pending
17593,1845,Phone,1,1727.38,2024-05-19,Pending
17594,1450,Mouse,4,709.37,2024-03-12,Completed
17595,1454,Monitor,3,1170.92,2024-10-26,Shipped
17596,1740,Monitor,2,109.52,2024-04-10,Cancelled
17597,1493,Mouse,3,753.96,2024-01-28,Completed
17598,1158,Laptop,3,1638.92,2024-10-19,Completed
17599,1735,Monitor,3,939.7,2024-07-21,Completed
17600,1190,Phone,2,1066.68,2024-08-14,Completed
17601,1806,Phone,3,935.65,2024-01-01,Shipped
17602,1540,Phone,2,664.95,2024-11-11,Completed
17603,1187,Monitor,4,1658.0,2024-12-11,Cancelled
17604,1621,Tablet,2,1412.76,2024-03-13,Completed
17605,1793,Mouse,2,484.2,2024-05-13,Completed
17606,1568,Keyboard,3,675.2,2024-09-04,Shipped
17607,1964,Phone,4,1036.06,2024-03-14,Shipped
17608,1394,Tablet,2,968.47,2024-07-02,Shipped
17609,1197,Headphones,4,739.65,2024-07-22,Completed
17610,1407,Tablet,1,788.07,2024-05-13,Pending
17611,1794,Keyboard,1,1097.34,2024-07-23,Cancelled
17612,1481,Mouse,2,1187.11,2024-03-21,Pending
17613,1687,Phone,1,1986.98,2024-01-07,Completed
17614,1432,Monitor,2,659.13,2024-06-01,Pending
17615,1883,Mouse,3,215.01,2024-10-06,Pending
17616,1294,Keyboard,2,1664.67,2024-03-20,Pending
17617,1789,Mouse,2,1531.97,2024-01-18,Pending
17618,1648,Mouse,1,366.9,2024-02-20,Cancelled
17619,1412,Monitor,2,1562.1,2024-06-05,Pending
17620,1700,Laptop,4,1452.04,2024-08-04,Completed
17621,1235,Laptop,2,1582.52,2024-04-25,Completed
17622,1809,Mouse,3,1191.32,2024-02-07,Shipped
17623,1382,Phone,4,1777.1,2024-07-27,Pending
17624,1492,Tablet,2,1452.69,2024-09-07,Cancelled
17625,1195,Mouse,4,694.36,2024-04-25,Cancelled
17626,1542,Phone,4,1842.86,2024-09-28,Shipped
17627,1985,Monitor,1,1108.68,2024-01-19,Completed
17628,1720,Tablet,1,1837.85,2024-08-15,Shipped
17629,1821,Keyboard,2,1726.04,2024-11-08,Cancelled
17630,1179,Headphones,2,800.09,2024-05-11,Cancelled
17631,1733,Tablet,1,1999.88,2024-11-30,Shipped
17632,1144,Laptop,1,1455.33,2024-09-12,Pending
17633,1027,Phone,4,750.94,2024-08-27,Pending
17634,1666,Monitor,4,610.12,2024-11-30,Shipped
17635,1524,Keyboard,1,66.16,2024-01-26,Shipped
17636,1888,Mouse,1,307.43,2024-07-02,Cancelled
17637,1336,Mouse,3,229.07,2024-03-09,Cancelled
17638,1753,Monitor,2,207.14,2024-04-06,Completed
17639,1113,Monitor,4,150.51,2024-10-29,Cancelled
17640,1280,Phone,3,580.85,2024-08-26,Shipped
17641,1963,Tablet,4,448.8,2024-12-18,Shipped
17642,1402,Mouse,1,153.48,2024-03-27,Completed
17643,1364,Tablet,1,897.63,2024-05-25,Pending
17644,1085,Keyboard,2,1621.74,2024-07-29,Completed
17645,1297,Phone,4,1520.4,2024-08-26,Completed
17646,1397,Headphones,4,1960.33,2024-03-17,Shipped
17647,1704,Headphones,4,1698.28,2024-02-17,Pending
17648,1507,Tablet,1,1291.92,2024-01-10,Cancelled
17649,1151,Mouse,3,745.15,2024-04-28,Cancelled
17650,1528,Mouse,4,1993.44,2024-09-14,Shipped
17651,1687,Headphones,1,1174.62,2024-03-06,Pending
17652,1459,Phone,1,1100.55,2024-06-20,Shipped
17653,1955,Laptop,1,514.31,2024-07-04,Completed
17654,1360,Mouse,3,1260.81,2024-12-20,Completed
17655,1997,Headphones,4,1212.94,2024-06-24,Cancelled
17656,1856,Tablet,4,217.89,2024-12-25,Completed
17657,1462,Keyboard,4,314.27,2024-09-30,Shipped
17658,1569,Monitor,2,342.07,2024-09-18,Pending
17659,1184,Phone,4,315.32,2024-07-13,Shipped
17660,1129,Keyboard,3,230.88,2024-09-22,Completed
17661,1996,Laptop,2,1405.88,2024-11-25,Cancelled
17662,1219,Mouse,1,1664.76,2024-03-07,Pending
17663,1333,Laptop,1,387.86,2024-01-29,Shipped
17664,1978,Headphones,3,1872.4,2024-09-27,Pending
17665,1796,Monitor,2,1564.45,2024-04-10,Cancelled
17666,1470,Phone,3,67.84,2024-12-13,Pending
17667,1388,Keyboard,2,310.09,2024-09-22,Completed
17668,1828,Keyboard,1,1298.26,2024-05-13,Pending
17669,1635,Laptop,4,1568.67,2024-08-28,Completed
17670,1018,Headphones,3,347.35,2024-10-31,Completed
17671,1556,Mouse,2,1329.49,2024-10-19,Pending
17672,1467,Mouse,2,720.01,2024-10-19,Pending
17673,1229,Keyboard,3,509.91,2024-12-11,Cancelled
17674,1236,Tablet,1,397.26,2024-06-24,Shipped
17675,1982,Laptop,4,1195.57,2024-03-12,Completed
17676,1369,Phone,4,327.68,2024-08-08,Cancelled
17677,1598,Headphones,1,1321.38,2024-10-04,Completed
17678,1769,Mouse,3,1032.96,2024-06-11,Shipped
17679,1501,Tablet,1,669.34,2024-12-28,Shipped
17680,1257,Laptop,2,307.98,2024-03-08,Pending
17681,1390,Headphones,4,238.79,2024-01-13,Shipped
17682,1077,Tablet,4,1819.57,2024-11-20,Shipped
17683,1847,Laptop,3,685.16,2024-06-11,Cancelled
17684,1476,Phone,1,639.48,2024-07-07,Cancelled
17685,1713,Phone,2,586.4,2024-04-23,Pending
17686,1398,Laptop,2,944.57,2024-08-28,Completed
17687,1966,Keyboard,4,534.47,2024-09-26,Shipped
17688,1556,Tablet,1,897.95,2024-04-28,Shipped
17689,1794,Monitor,4,815.37,2024-01-09,Completed
17690,1392,Headphones,1,953.65,2024-10-09,Pending
17691,1847,Laptop,3,1679.5,2024-11-29,Shipped
17692,1629,Monitor,3,166.34,2024-12-08,Shipped
17693,1406,Mouse,1,1490.1,2024-06-21,Cancelled
17694,1379,Mouse,1,407.66,2024-04-23,Completed
17695,1090,Laptop,3,1300.62,2024-09-24,Completed
17696,1685,Keyboard,4,201.34,2024-03-11,Pending
17697,1266,Monitor,2,1757.19,2024-06-11,Pending
17698,1381,Keyboard,4,1599.39,2024-01-27,Completed
17699,1069,Mouse,3,1630.99,2024-04-29,Shipped
17700,1125,Laptop,3,1307.39,2024-06-29,Cancelled
17701,1785,Tablet,4,334.41,2024-03-02,Pending
17702,1079,Monitor,2,1558.17,2024-06-19,Completed
17703,1038,Phone,2,1795.04,2024-09-20,Pending
17704,1942,Monitor,2,1136.02,2024-01-08,Completed
17705,1086,Laptop,3,628.05,2024-05-03,Pending
17706,1994,Laptop,3,1340.11,2024-05-27,Shipped
17707,1674,Laptop,1,1360.69,2024-06-18,Shipped
17708,1001,Keyboard,2,309.69,2024-05-16,Cancelled
17709,1538,Phone,2,917.57,2024-11-20,Shipped
17710,1253,Mouse,2,1721.82,2024-05-05,Pending
17711,1726,Monitor,1,365.15,2024-05-25,Cancelled
17712,1472,Tablet,2,1896.55,2024-01-30,Completed
17713,1549,Headphones,2,1957.6,2024-01-12,Cancelled
17714,1434,Mouse,4,554.21,2024-06-23,Cancelled
17715,1420,Mouse,3,1632.7,2024-10-12,Pending
17716,1920,Keyboard,4,1672.49,2024-02-14,Shipped
17717,1911,Laptop,3,580.95,2024-02-08,Completed
17718,1488,Laptop,3,1119.43,2024-09-18,Shipped
17719,1165,Phone,1,1694.29,2024-01-23,Pending
17720,1934,Laptop,2,1344.35,2024-12-21,Shipped
17721,1500,Headphones,3,1326.5,2024-01-31,Completed
17722,1183,Phone,4,501.85,2024-06-29,Pending
17723,1111,Monitor,4,1035.03,2024-07-23,Pending
17724,1589,Monitor,4,1412.52,2024-04-18,Cancelled
17725,1849,Monitor,4,697.19,2024-03-02,Cancelled
17726,1647,Tablet,1,1828.91,2024-08-30,Pending
17727,1065,Headphones,1,1891.7,2024-12-26,Cancelled
17728,1509,Phone,1,598.46,2024-06-07,Completed
17729,1779,Tablet,1,1334.47,2024-01-22,Shipped
17730,1848,Monitor,4,416.12,2024-09-20,Pending
17731,1936,Laptop,4,1197.05,2024-07-07,Shipped
17732,1754,Headphones,2,543.49,2024-06-22,Completed
17733,1345,Monitor,3,1944.4,2024-03-22,Shipped
17734,1368,Tablet,3,928.59,2024-11-18,Shipped
17735,1346,Laptop,2,211.35,2024-07-21,Completed
17736,1162,Laptop,3,1051.52,2024-04-27,Completed
17737,1181,Keyboard,4,725.94,2024-06-01,Pending
17738,1722,Tablet,3,1846.51,2024-03-20,Shipped
17739,1308,Keyboard,3,1210.01,2024-04-09,Completed
17740,1046,Phone,1,417.88,2024-01-12,Shipped
17741,1708,Keyboard,4,1301.97,2024-01-12,Cancelled
17742,1665,Laptop,2,255.51,2024-12-27,Shipped
17743,1849,Mouse,4,476.23,2024-10-10,Cancelled
17744,1892,Keyboard,3,1276.83,2024-01-17,Pending
17745,1070,Tablet,2,813.44,2024-01-10,Cancelled
17746,1469,Headphones,4,703.51,2024-09-11,Pending
17747,1858,Laptop,1,1266.51,2024-07-24,Cancelled
17748,1938,Tablet,2,1080.03,2024-09-22,Pending
17749,1069,Keyboard,2,733.6,2024-02-08,Cancelled
17750,1254,Laptop,1,1523.17,2024-06-02,Pending
17751,1297,Phone,3,181.41,2024-04-30,Pending
17752,1640,Phone,1,688.37,2024-12-27,Cancelled
17753,1053,Monitor,3,1293.98,2024-04-18,Pending
17754,1332,Keyboard,3,798.06,2024-11-01,Pending
17755,1201,Keyboard,2,399.32,2024-08-15,Completed
17756,1393,Laptop,1,1201.07,2024-11-29,Cancelled
17757,1765,Laptop,2,727.08,2024-08-22,Completed
17758,1738,Tablet,4,330.91,2024-01-20,Completed
17759,1685,Keyboard,4,1159.39,2024-04-30,Cancelled
17760,1389,Laptop,3,1490.65,2024-02-05,Shipped
17761,1861,Phone,3,944.73,2024-05-31,Shipped
17762,1059,Phone,4,151.04,2024-03-05,Pending
17763,1531,Mouse,3,787.87,2024-09-29,Pending
17764,1575,Keyboard,1,1530.31,2024-12-05,Pending
17765,1543,Laptop,2,493.98,2024-11-23,Shipped
17766,1210,Headphones,3,1889.41,2024-09-01,Shipped
17767,1297,Monitor,1,1728.78,2024-02-04,Pending
17768,1077,Phone,2,458.25,2024-10-07,Pending
17769,1245,Headphones,4,1425.0,2024-01-21,Completed
17770,1535,Keyboard,4,1121.52,2024-05-05,Cancelled
17771,1641,Headphones,3,522.18,2024-10-15,Cancelled
17772,1900,Phone,1,124.17,2024-06-19,Pending
17773,1606,Tablet,4,1068.22,2024-03-26,Cancelled
17774,1051,Laptop,4,177.42,2024-12-05,Pending
17775,1735,Mouse,4,62.73,2024-09-16,Completed
17776,1509,Headphones,4,1579.21,2024-10-29,Completed
17777,1492,Phone,1,1237.64,2024-07-07,Completed
17778,1660,Headphones,1,1718.15,2024-12-11,Shipped
17779,1902,Headphones,4,1688.63,2024-02-06,Cancelled
17780,1574,Headphones,1,1369.38,2024-02-20,Shipped
17781,1175,Tablet,3,173.8,2024-08-12,Shipped
17782,1701,Headphones,2,1910.83,2024-09-22,Pending
17783,1950,Headphones,3,1371.4,2024-10-29,Completed
17784,1194,Laptop,3,338.55,2024-06-25,Pending
17785,1483,Phone,4,213.17,2024-09-06,Shipped
17786,1188,Headphones,3,333.15,2024-04-20,Completed
17787,1730,Mouse,4,204.37,2024-08-27,Completed
17788,1402,Laptop,1,1946.9,2024-10-06,Completed
17789,1697,Headphones,3,370.4,2024-10-15,Cancelled
17790,1454,Headphones,3,1095.74,2024-08-25,Cancelled
17791,1033,Tablet,4,1967.04,2024-10-11,Cancelled
17792,1618,Phone,2,1589.24,2024-08-28,Completed
17793,1788,Laptop,2,1236.09,2024-04-25,Pending
17794,1300,Mouse,3,439.22,2024-08-05,Pending
17795,1564,Mouse,2,1715.91,2024-04-20,Cancelled
17796,1911,Headphones,2,1567.59,2024-05-11,Completed
17797,1518,Phone,1,1957.8,2024-07-10,Cancelled
17798,1678,Tablet,4,754.19,2024-04-10,Pending
17799,1792,Headphones,3,342.73,2024-11-17,Cancelled
17800,1713,Laptop,2,1583.23,2024-01-17,Cancelled
17801,1177,Laptop,2,1168.12,2024-12-12,Cancelled
17802,1551,Mouse,4,199.66,2024-12-26,Completed
17803,1376,Phone,1,1802.84,2024-08-22,Completed
17804,1540,Monitor,3,251.51,2024-10-01,Completed
17805,1834,Keyboard,1,1875.13,2024-07-24,Completed
17806,1990,Tablet,4,1378.7,2024-06-27,Pending
17807,1247,Keyboard,4,765.75,2024-01-09,Cancelled
17808,1324,Keyboard,2,1427.79,2024-02-07,Pending
17809,1870,Monitor,4,1507.68,2024-03-01,Cancelled
17810,1629,Mouse,2,155.78,2024-08-14,Cancelled
17811,1666,Phone,2,531.48,2024-03-24,Shipped
17812,1402,Monitor,1,1614.16,2024-03-29,Pending
17813,1332,Mouse,4,942.56,2024-06-08,Completed
17814,1338,Keyboard,2,55.55,2024-09-16,Shipped
17815,1150,Keyboard,2,249.74,2024-03-04,Completed
17816,1090,Phone,2,1190.72,2024-06-14,Cancelled
17817,1892,Headphones,2,1393.2,2024-07-10,Shipped
17818,1959,Phone,1,603.94,2024-01-07,Completed
17819,1515,Headphones,1,917.6,2024-08-11,Pending
17820,1888,Monitor,1,1721.45,2024-11-28,Completed
17821,1602,Tablet,3,1367.04,2024-07-11,Cancelled
17822,1136,Keyboard,4,1015.92,2024-07-18,Shipped
17823,1575,Keyboard,1,148.95,2024-01-28,Completed
17824,1130,Keyboard,1,735.88,2024-11-24,Pending
17825,1643,Laptop,2,1369.78,2024-01-14,Cancelled
17826,1747,Laptop,1,1394.67,2024-12-01,Pending
17827,1261,Headphones,3,676.0,2024-05-11,Pending
17828,1912,Tablet,2,918.15,2024-10-10,Pending
17829,1785,Laptop,1,865.11,2024-04-26,Pending
17830,1774,Mouse,2,603.14,2024-11-27,Completed
17831,1087,Tablet,2,83.29,2024-04-23,Pending
17832,1096,Laptop,1,806.48,2024-11-05,Cancelled
17833,1691,Monitor,1,137.84,2024-10-23,Cancelled
17834,1317,Mouse,4,825.74,2024-04-22,Shipped
17835,1735,Phone,3,82.07,2024-02-18,Cancelled
17836,1468,Laptop,2,1062.47,2024-03-09,Shipped
17837,1771,Headphones,4,1660.49,2024-05-05,Completed
17838,1288,Monitor,2,872.38,2024-08-15,Pending
17839,1563,Mouse,3,1237.7,2024-09-09,Shipped
17840,1896,Mouse,2,1602.99,2024-10-31,Completed
17841,1988,Headphones,4,1537.96,2024-06-08,Cancelled
17842,1640,Monitor,3,121.81,2024-08-30,Completed
17843,1438,Monitor,4,1919.32,2024-03-08,Completed
17844,1005,Headphones,4,1342.37,2024-03-12,Completed
17845,1594,Mouse,2,462.04,2024-01-17,Completed
17846,1701,Monitor,3,878.44,2024-05-02,Completed
17847,1307,Tablet,4,347.82,2024-11-17,Pending
17848,1406,Laptop,2,975.45,2024-04-07,Shipped
17849,1552,Mouse,1,166.75,2024-07-16,Cancelled
17850,1519,Headphones,2,1867.03,2024-02-09,Cancelled
17851,1087,Headphones,2,813.18,2024-04-24,Pending
17852,1137,Mouse,2,763.69,2024-04-13,Shipped
17853,1635,Monitor,2,449.72,2024-06-09,Completed
17854,1529,Headphones,1,283.23,2024-09-22,Pending
17855,1285,Headphones,3,126.31,2024-12-25,Shipped
17856,1571,Monitor,2,1871.97,2024-08-24,Completed
17857,1781,Laptop,3,1082.14,2024-01-24,Shipped
17858,1842,Monitor,2,1796.82,2024-11-12,Pending
17859,1515,Laptop,3,1717.58,2024-05-23,Pending
17860,1972,Mouse,3,534.18,2024-03-20,Completed
17861,1614,Monitor,2,496.1,2024-02-24,Pending
17862,1606,Laptop,3,1617.67,2024-03-22,Shipped
17863,1155,Tablet,3,607.26,2024-08-20,Completed
17864,1497,Headphones,1,1155.62,2024-11-10,Cancelled
17865,1160,Mouse,3,425.4,2024-05-14,Completed
17866,1859,Monitor,2,287.74,2024-06-19,Shipped
17867,1812,Keyboard,1,1414.88,2024-11-05,Completed
17868,1800,Tablet,2,766.96,2024-03-17,Pending
17869,1807,Laptop,3,456.88,2024-07-17,Shipped
17870,1627,Headphones,1,1903.06,2024-09-09,Completed
17871,1672,Phone,1,128.72,2024-11-29,Pending
17872,1518,Mouse,1,1432.55,2024-10-11,Pending
17873,1437,Mouse,1,368.55,2024-07-01,Shipped
17874,1255,Tablet,4,660.73,2024-07-06,Cancelled
17875,1495,Monitor,1,845.65,2024-06-23,Shipped
17876,1017,Mouse,1,1991.7,2024-06-12,Shipped
17877,1598,Laptop,1,1574.11,2024-01-25,Shipped
17878,1790,Headphones,2,777.36,2024-08-21,Cancelled
17879,1011,Tablet,1,143.34,2024-09-06,Pending
17880,1715,Phone,3,1431.97,2024-04-15,Cancelled
17881,1318,Headphones,1,1803.91,2024-03-28,Pending
17882,1008,Phone,3,1131.29,2024-11-16,Cancelled
17883,1875,Monitor,1,701.68,2024-05-30,Cancelled
17884,1461,Tablet,1,980.31,2024-08-31,Completed
17885,1000,Keyboard,2,1031.74,2024-06-26,Shipped
17886,1097,Keyboard,2,350.49,2024-09-03,Shipped
17887,1054,Phone,3,648.82,2024-09-18,Completed
17888,1681,Headphones,3,741.54,2024-09-18,Shipped
17889,1466,Keyboard,3,482.33,2024-09-09,Pending
17890,1691,Phone,1,1906.23,2024-03-30,Cancelled
17891,1231,Monitor,2,577.01,2024-10-17,Pending
17892,1787,Headphones,1,904.46,2024-04-28,Pending
17893,1817,Laptop,3,1287.59,2024-08-22,Shipped
17894,1139,Keyboard,1,674.08,2024-03-06,Pending
17895,1355,Phone,2,1364.61,2024-01-13,Cancelled
17896,1900,Mouse,4,368.5,2024-05-29,Pending
17897,1998,Keyboard,3,1575.05,2024-12-28,Cancelled
17898,1199,Monitor,4,456.64,2024-07-23,Pending
17899,1485,Monitor,4,1412.54,2024-10-13,Cancelled
17900,1127,Mouse,4,615.18,2024-12-04,Pending
17901,1585,Keyboard,1,1309.86,2024-08-17,Completed
17902,1013,Keyboard,1,1121.25,2024-06-19,Cancelled
17903,1472,Keyboard,3,566.62,2024-04-11,Pending
17904,1971,Phone,4,383.85,2024-01-22,Shipped
17905,1489,Keyboard,3,1513.18,2024-02-18,Pending
17906,1182,Mouse,1,308.67,2024-08-11,Shipped
17907,1868,Headphones,2,1153.61,2024-05-28,Pending
17908,1389,Keyboard,1,1296.96,2024-11-24,Cancelled
17909,1217,Headphones,2,1581.54,2024-03-09,Pending
17910,1888,Tablet,3,116.82,2024-12-24,Cancelled
17911,1753,Tablet,4,95.98,2024-09-25,Shipped
17912,1605,Phone,1,1685.67,2024-09-25,Pending
17913,1338,Monitor,1,576.36,2024-01-22,Pending
17914,1766,Laptop,4,1572.03,2024-02-14,Shipped
17915,1869,Laptop,2,1516.9,2024-06-24,Shipped
17916,1065,Phone,4,1545.27,2024-07-17,Cancelled
17917,1629,Headphones,4,1213.07,2024-05-04,Cancelled
17918,1052,Phone,1,371.63,2024-06-18,Completed
17919,1627,Headphones,3,1941.68,2024-10-29,Pending
17920,1259,Headphones,2,533.71,2024-09-26,Cancelled
17921,1178,Monitor,1,1226.05,2024-06-26,Pending
17922,1832,Laptop,3,1992.68,2024-07-06,Cancelled
17923,1893,Laptop,2,1833.93,2024-12-28,Cancelled
17924,1897,Monitor,3,694.01,2024-12-13,Pending
17925,1722,Phone,1,739.14,2024-02-23,Shipped
17926,1660,Monitor,1,976.63,2024-01-29,Completed
17927,1517,Headphones,1,900.68,2024-02-17,Completed
17928,1922,Monitor,2,1688.81,2024-06-29,Pending
17929,1076,Keyboard,4,586.24,2024-05-25,Cancelled
17930,1190,Monitor,4,772.53,2024-11-05,Shipped
17931,1488,Headphones,2,1087.44,2024-03-31,Cancelled
17932,1316,Monitor,2,682.0,2024-08-04,Completed
17933,1034,Monitor,1,420.34,2024-12-04,Shipped
17934,1998,Keyboard,1,1965.14,2024-11-09,Pending
17935,1508,Monitor,2,1524.82,2024-06-20,Pending
17936,1575,Laptop,1,781.21,2024-02-17,Shipped
17937,1668,Monitor,2,454.79,2024-10-07,Shipped
17938,1216,Tablet,1,1611.35,2024-02-14,Shipped
17939,1165,Mouse,1,1566.74,2024-04-06,Completed
17940,1832,Phone,1,1797.59,2024-02-02,Pending
17941,1480,Phone,4,564.0,2024-04-04,Cancelled
17942,1264,Tablet,4,1985.48,2024-04-12,Pending
17943,1817,Laptop,1,1190.8,2024-02-05,Completed
17944,1026,Keyboard,1,1412.33,2024-07-27,Pending
17945,1682,Keyboard,4,1242.58,2024-05-28,Pending
17946,1248,Monitor,2,1554.73,2024-07-09,Completed
17947,1605,Monitor,4,1028.04,2024-08-26,Shipped
17948,1063,Keyboard,2,346.6,2024-12-12,Completed
17949,1882,Headphones,1,1408.43,2024-11-27,Shipped
17950,1755,Monitor,2,770.44,2024-04-19,Completed
17951,1675,Headphones,2,1531.24,2024-02-06,Shipped
17952,1918,Phone,1,1748.78,2024-04-14,Cancelled
17953,1232,Tablet,1,757.11,2024-01-31,Completed
17954,1032,Tablet,4,730.5,2024-03-04,Shipped
17955,1800,Keyboard,4,1983.39,2024-02-14,Completed
17956,1726,Keyboard,4,123.73,2024-04-28,Shipped
17957,1043,Keyboard,2,1480.23,2024-11-10,Pending
17958,1662,Keyboard,2,1111.73,2024-06-19,Shipped
17959,1321,Phone,3,1279.91,2024-01-12,Completed
17960,1289,Phone,1,716.5,2024-10-14,Shipped
17961,1931,Mouse,3,169.23,2024-03-21,Completed
17962,1794,Keyboard,2,400.73,2024-09-18,Completed
17963,1935,Keyboard,3,56.02,2024-07-25,Completed
17964,1078,Headphones,3,617.84,2024-05-31,Shipped
17965,1480,Headphones,1,1372.18,2024-10-21,Shipped
17966,1804,Keyboard,3,958.27,2024-12-01,Pending
17967,1372,Monitor,4,419.86,2024-03-27,Cancelled
17968,1649,Monitor,2,1566.09,2024-06-30,Pending
17969,1163,Headphones,4,1818.82,2024-03-28,Completed
17970,1817,Monitor,4,835.71,2024-03-08,Pending
17971,1539,Monitor,3,1567.43,2024-04-22,Shipped
17972,1943,Tablet,1,1415.51,2024-06-10,Pending
17973,1440,Monitor,1,165.52,2024-02-08,Shipped
17974,1015,Phone,3,1514.52,2024-10-18,Pending
17975,1135,Headphones,2,1293.06,2024-08-02,Completed
17976,1292,Laptop,1,165.29,2024-03-22,Completed
17977,1361,Headphones,2,238.54,2024-10-27,Shipped
17978,1519,Phone,3,1798.06,2024-06-04,Pending
17979,1458,Tablet,2,1972.29,2024-02-26,Shipped
17980,1438,Monitor,2,1344.72,2024-10-24,Completed
17981,1501,Laptop,4,1388.69,2024-05-09,Completed
17982,1217,Laptop,3,1781.67,2024-08-14,Shipped
17983,1869,Phone,1,1025.92,2024-04-05,Pending
17984,1014,Laptop,4,297.71,2024-01-07,Completed
17985,1745,Laptop,4,1084.98,2024-07-08,Cancelled
17986,1216,Laptop,2,698.22,2024-01-20,Cancelled
17987,1950,Laptop,1,268.97,2024-01-01,Cancelled
17988,1479,Mouse,2,1643.78,2024-03-11,Pending
17989,1702,Phone,1,1335.85,2024-11-13,Pending
17990,1575,Phone,1,1267.38,2024-09-03,Shipped
17991,1927,Mouse,3,1680.08,2024-11-02,Cancelled
17992,1528,Laptop,1,1843.03,2024-07-16,Completed
17993,1913,Monitor,1,1928.72,2024-03-02,Shipped
17994,1268,Laptop,1,870.4,2024-10-17,Shipped
17995,1443,Headphones,3,1428.41,2024-11-18,Cancelled
17996,1835,Monitor,1,335.88,2024-07-19,Cancelled
17997,1325,Phone,4,832.35,2024-10-03,Completed
17998,1484,Keyboard,4,863.48,2024-02-20,Cancelled
17999,1086,Phone,4,525.41,2024-10-27,Completed
18000,1255,Mouse,4,711.69,2024-01-23,Completed
18001,1392,Phone,1,1012.13,2024-12-30,Shipped
18002,1798,Phone,4,1836.96,2024-11-30,Pending
18003,1690,Headphones,4,837.87,2024-05-10,Cancelled
18004,1186,Monitor,3,126.51,2024-04-04,Completed
18005,1610,Laptop,1,1966.26,2024-04-22,Pending
18006,1729,Keyboard,4,1091.18,2024-08-12,Completed
18007,1068,Phone,3,1741.49,2024-09-11,Cancelled
18008,1278,Headphones,1,189.64,2024-07-24,Pending
18009,1693,Tablet,3,1005.39,2024-11-23,Completed
18010,1285,Headphones,4,131.47,2024-01-24,Completed
18011,1603,Keyboard,1,1554.03,2024-03-18,Cancelled
18012,1350,Laptop,3,437.37,2024-05-20,Pending
18013,1392,Keyboard,4,1823.8,2024-12-21,Completed
18014,1828,Keyboard,2,823.17,2024-05-26,Cancelled
18015,1458,Mouse,2,91.17,2024-10-09,Cancelled
18016,1395,Laptop,3,1536.92,2024-06-01,Cancelled
18017,1373,Mouse,1,780.55,2024-05-01,Cancelled
18018,1874,Headphones,2,1511.39,2024-01-04,Shipped
18019,1286,Monitor,4,1390.24,2024-04-10,Shipped
18020,1686,Phone,1,1843.28,2024-12-07,Cancelled
18021,1311,Keyboard,4,635.45,2024-10-06,Completed
18022,1815,Monitor,2,77.45,2024-12-09,Shipped
18023,1043,Mouse,4,834.08,2024-09-14,Shipped
18024,1347,Tablet,1,1806.09,2024-04-07,Pending
18025,1113,Keyboard,1,320.46,2024-12-05,Shipped
18026,1539,Tablet,1,1630.87,2024-06-18,Cancelled
18027,1551,Headphones,4,512.81,2024-06-08,Cancelled
18028,1842,Monitor,2,1958.92,2024-06-08,Completed
18029,1254,Tablet,2,1281.37,2024-11-23,Completed
18030,1658,Keyboard,4,1948.36,2024-09-15,Cancelled
18031,1388,Headphones,3,347.17,2024-03-08,Shipped
18032,1842,Laptop,3,809.31,2024-09-27,Completed
18033,1550,Mouse,1,1629.89,2024-07-29,Cancelled
18034,1051,Keyboard,3,1233.08,2024-02-28,Cancelled
18035,1379,Headphones,4,1203.09,2024-01-01,Shipped
18036,1137,Monitor,3,941.02,2024-07-15,Pending
18037,1946,Laptop,2,239.37,2024-03-16,Completed
18038,1806,Monitor,2,359.82,2024-01-19,Pending
18039,1144,Mouse,4,622.19,2024-05-08,Pending
18040,1399,Mouse,2,1292.5,2024-10-18,Completed
18041,1518,Mouse,1,209.25,2024-11-20,Completed
18042,1564,Headphones,2,1081.79,2024-04-23,Cancelled
18043,1613,Phone,2,285.98,2024-02-29,Pending
18044,1664,Laptop,2,1564.98,2024-11-20,Shipped
18045,1234,Tablet,4,210.42,2024-05-05,Shipped
18046,1868,Mouse,3,639.07,2024-01-21,Pending
18047,1592,Laptop,4,1978.78,2024-12-19,Cancelled
18048,1391,Headphones,4,1149.4,2024-10-10,Shipped
18049,1774,Tablet,3,1498.54,2024-08-16,Pending
18050,1968,Monitor,1,772.98,2024-04-02,Pending
18051,1370,Laptop,4,1589.31,2024-11-18,Completed
18052,1132,Monitor,2,135.61,2024-10-09,Pending
18053,1820,Mouse,3,653.51,2024-07-16,Pending
18054,1936,Monitor,2,1485.61,2024-08-15,Pending
18055,1643,Tablet,3,887.22,2024-06-30,Shipped
18056,1028,Tablet,1,1315.28,2024-01-28,Pending
18057,1349,Keyboard,1,446.65,2024-05-01,Shipped
18058,1697,Headphones,3,1554.13,2024-03-15,Cancelled
18059,1138,Monitor,2,944.83,2024-06-02,Shipped
18060,1018,Laptop,3,1665.89,2024-04-12,Completed
18061,1961,Laptop,4,915.62,2024-12-17,Pending
18062,1210,Laptop,3,1271.87,2024-01-06,Shipped
18063,1367,Phone,4,56.73,2024-08-01,Pending
18064,1316,Monitor,3,716.92,2024-08-07,Completed
18065,1942,Laptop,4,968.52,2024-12-18,Cancelled
18066,1263,Mouse,2,1230.15,2024-02-27,Cancelled
18067,1130,Laptop,2,1549.8,2024-03-27,Pending
18068,1147,Tablet,3,482.96,2024-02-17,Completed
18069,1096,Phone,2,822.89,2024-06-20,Completed
18070,1778,Mouse,1,754.39,2024-11-29,Pending
18071,1341,Headphones,4,1457.26,2024-10-02,Cancelled
18072,1606,Phone,1,376.41,2024-08-24,Completed
18073,1698,Phone,1,1233.53,2024-01-12,Completed
18074,1147,Monitor,3,1328.8,2024-12-27,Shipped
18075,1716,Phone,4,1008.21,2024-05-29,Cancelled
18076,1983,Mouse,4,1186.92,2024-08-14,Pending
18077,1688,Keyboard,4,1916.91,2024-03-09,Cancelled
18078,1001,Headphones,4,1416.87,2024-09-26,Cancelled
18079,1014,Mouse,1,1670.05,2024-07-27,Pending
18080,1384,Phone,1,850.32,2024-10-26,Cancelled
18081,1312,Laptop,1,868.26,2024-05-07,Cancelled
18082,1486,Monitor,2,628.73,2024-07-06,Pending
18083,1767,Monitor,3,1202.77,2024-05-22,Completed
18084,1555,Phone,4,298.93,2024-05-07,Pending
18085,1289,Monitor,1,984.51,2024-07-02,Pending
18086,1382,Headphones,1,1412.1,2024-03-05,Shipped
18087,1255,Laptop,4,1209.74,2024-02-26,Shipped
18088,1671,Headphones,3,1371.37,2024-01-19,Cancelled
18089,1337,Headphones,2,1281.92,2024-09-29,Completed
18090,1182,Laptop,3,376.31,2024-06-19,Pending
18091,1537,Laptop,4,1324.06,2024-09-26,Shipped
18092,1507,Mouse,4,510.93,2024-09-19,Pending
18093,1114,Keyboard,2,138.54,2024-01-03,Pending
18094,1448,Mouse,4,1843.78,2024-05-12,Pending
18095,1133,Tablet,4,1518.19,2024-11-18,Pending
18096,1791,Headphones,1,1938.92,2024-06-22,Cancelled
18097,1434,Monitor,1,1297.47,2024-02-18,Shipped
18098,1712,Headphones,3,1050.26,2024-06-14,Cancelled
18099,1925,Phone,3,1282.67,2024-12-29,Pending
18100,1267,Laptop,4,934.95,2024-01-26,Completed
18101,1386,Headphones,3,1969.47,2024-02-18,Pending
18102,1402,Laptop,3,438.73,2024-12-31,Shipped
18103,1544,Laptop,1,178.87,2024-07-08,Cancelled
18104,1968,Phone,4,182.29,2024-01-13,Pending
18105,1506,Phone,1,1084.09,2024-08-07,Cancelled
18106,1647,Phone,4,1192.99,2024-04-12,Pending
18107,1337,Mouse,4,996.44,2024-05-12,Completed
18108,1558,Headphones,3,71.07,2024-10-30,Pending
18109,1781,Laptop,2,335.2,2024-01-16,Cancelled
18110,1248,Headphones,2,1402.95,2024-03-05,Shipped
18111,1118,Mouse,1,331.9,2024-12-26,Completed
18112,1996,Keyboard,4,1019.08,2024-10-29,Completed
18113,1902,Tablet,1,1175.55,2024-02-07,Completed
18114,1651,Tablet,1,1390.07,2024-02-17,Cancelled
18115,1781,Tablet,1,257.56,2024-10-30,Completed
18116,1556,Headphones,1,1076.69,2024-08-26,Cancelled
18117,1755,Laptop,4,441.65,2024-10-14,Shipped
18118,1826,Phone,1,918.68,2024-12-19,Cancelled
18119,1040,Keyboard,4,598.32,2024-07-11,Completed
18120,1639,Tablet,1,1979.83,2024-07-29,Shipped
18121,1486,Laptop,3,1623.36,2024-03-20,Completed
18122,1694,Monitor,1,181.66,2024-09-07,Pending
18123,1773,Phone,4,352.14,2024-06-07,Cancelled
18124,1957,Laptop,1,450.6,2024-11-25,Shipped
18125,1060,Monitor,1,1706.23,2024-04-15,Pending
18126,1151,Mouse,3,884.9,2024-10-06,Cancelled
18127,1339,Tablet,2,663.85,2024-05-07,Shipped
18128,1229,Mouse,2,1927.31,2024-05-17,Pending
18129,1526,Mouse,2,965.79,2024-08-09,Shipped
18130,1321,Laptop,3,1091.42,2024-08-20,Completed
18131,1909,Mouse,4,1052.87,2024-10-02,Cancelled
18132,1782,Tablet,3,1003.78,2024-12-14,Pending
18133,1222,Mouse,2,1946.46,2024-05-08,Pending
18134,1481,Phone,3,1710.48,2024-06-25,Cancelled
18135,1897,Mouse,3,122.88,2024-10-03,Shipped
18136,1756,Keyboard,3,990.41,2024-11-08,Cancelled
18137,1439,Laptop,3,373.33,2024-10-29,Pending
18138,1061,Phone,3,79.39,2024-04-20,Completed
18139,1240,Tablet,1,394.63,2024-10-09,Shipped
18140,1246,Headphones,4,259.29,2024-02-16,Completed
18141,1486,Tablet,2,948.29,2024-11-16,Pending
18142,1877,Monitor,3,1531.14,2024-03-07,Pending
18143,1301,Keyboard,1,1844.23,2024-08-31,Shipped
18144,1800,Phone,1,72.31,2024-09-22,Completed
18145,1750,Tablet,2,1625.51,2024-12-28,Pending
18146,1563,Mouse,1,1550.12,2024-11-20,Pending
18147,1308,Laptop,2,1877.5,2024-09-12,Shipped
18148,1217,Phone,3,1110.02,2024-01-30,Pending
18149,1277,Phone,1,355.3,2024-01-04,Pending
18150,1822,Headphones,3,1323.91,2024-12-03,Shipped
18151,1423,Keyboard,2,233.56,2024-12-24,Cancelled
18152,1913,Tablet,3,1453.7,2024-11-03,Pending
18153,1013,Monitor,4,1108.51,2024-06-29,Cancelled
18154,1558,Tablet,1,1940.25,2024-12-12,Completed
18155,1556,Phone,2,297.81,2024-03-12,Cancelled
18156,1579,Headphones,4,476.8,2024-06-30,Pending
18157,1611,Monitor,1,600.37,2024-05-14,Shipped
18158,1476,Mouse,2,623.15,2024-09-27,Cancelled
18159,1557,Mouse,4,1190.33,2024-01-09,Shipped
18160,1247,Phone,4,1594.18,2024-06-02,Cancelled
18161,1560,Mouse,2,1080.08,2024-11-25,Shipped
18162,1406,Phone,4,1427.78,2024-03-06,Cancelled
18163,1643,Mouse,4,1825.02,2024-06-10,Cancelled
18164,1928,Laptop,3,1114.69,2024-11-26,Pending
18165,1325,Keyboard,1,1244.79,2024-04-09,Shipped
18166,1332,Monitor,2,1409.42,2024-09-06,Pending
18167,1051,Headphones,2,910.12,2024-03-25,Completed
18168,1287,Phone,2,1290.9,2024-11-28,Cancelled
18169,1593,Phone,2,1941.91,2024-01-18,Pending
18170,1590,Tablet,3,1608.43,2024-02-18,Cancelled
18171,1342,Monitor,2,892.61,2024-05-16,Pending
18172,1464,Tablet,1,386.44,2024-10-09,Shipped
18173,1409,Laptop,2,1316.71,2024-06-21,Shipped
18174,1401,Headphones,2,608.82,2024-03-13,Cancelled
18175,1909,Tablet,2,234.51,2024-08-01,Cancelled
18176,1425,Mouse,3,679.48,2024-01-18,Completed
18177,1875,Headphones,3,1783.88,2024-04-13,Pending
18178,1266,Keyboard,2,187.83,2024-07-10,Completed
18179,1679,Tablet,1,1858.84,2024-08-03,Shipped
18180,1646,Keyboard,4,1750.56,2024-04-27,Cancelled
18181,1298,Phone,3,801.53,2024-05-02,Shipped
18182,1206,Keyboard,2,1733.17,2024-09-07,Cancelled
18183,1196,Mouse,3,1535.27,2024-02-29,Shipped
18184,1784,Keyboard,1,1773.83,2024-06-01,Shipped
18185,1591,Headphones,4,519.19,2024-06-19,Pending
18186,1465,Laptop,2,782.32,2024-02-24,Shipped
18187,1219,Mouse,1,1893.97,2024-08-28,Shipped
18188,1582,Mouse,1,290.0,2024-09-17,Completed
18189,1872,Headphones,2,1459.9,2024-10-12,Pending
18190,1118,Tablet,2,993.35,2024-07-08,Pending
18191,1451,Keyboard,2,1936.19,2024-08-02,Cancelled
18192,1802,Phone,4,1953.9,2024-02-06,Completed
18193,1369,Monitor,1,328.63,2024-12-18,Completed
18194,1470,Monitor,1,308.71,2024-10-09,Completed
18195,1853,Headphones,2,653.39,2024-03-24,Completed
18196,1290,Tablet,1,241.98,2024-03-08,Shipped
18197,1417,Laptop,3,1422.67,2024-04-04,Shipped
18198,1696,Headphones,1,1244.56,2024-02-22,Shipped
18199,1283,Keyboard,1,683.81,2024-01-18,Shipped
18200,1687,Keyboard,2,153.5,2024-01-31,Shipped
18201,1550,Tablet,3,1844.59,2024-02-01,Cancelled
18202,1170,Tablet,1,952.05,2024-03-29,Cancelled
18203,1947,Mouse,3,1467.62,2024-08-15,Cancelled
18204,1074,Laptop,3,1705.98,2024-06-15,Cancelled
18205,1423,Tablet,3,558.51,2024-01-21,Shipped
18206,1755,Mouse,1,1064.52,2024-04-18,Completed
18207,1335,Tablet,3,546.01,2024-03-12,Cancelled
18208,1890,Phone,2,1653.51,2024-10-20,Pending
18209,1613,Mouse,3,948.95,2024-12-27,Completed
18210,1928,Laptop,2,402.66,2024-07-24,Completed
18211,1239,Phone,3,871.24,2024-12-20,Shipped
18212,1941,Tablet,4,1137.78,2024-11-24,Pending
18213,1294,Headphones,4,1511.65,2024-03-24,Pending
18214,1212,Keyboard,1,255.25,2024-02-09,Completed
18215,1220,Laptop,3,307.54,2024-09-08,Shipped
18216,1701,Phone,4,272.3,2024-08-15,Completed
18217,1734,Keyboard,1,411.69,2024-10-28,Cancelled
18218,1447,Headphones,4,1222.83,2024-09-17,Completed
18219,1183,Phone,3,268.31,2024-03-02,Shipped
18220,1794,Mouse,1,996.92,2024-04-22,Cancelled
18221,1011,Keyboard,4,1806.09,2024-11-22,Pending
18222,1744,Tablet,2,349.35,2024-05-04,Completed
18223,1247,Tablet,2,421.41,2024-09-02,Completed
18224,1021,Tablet,2,1242.66,2024-08-30,Cancelled
18225,1513,Keyboard,4,1675.96,2024-05-11,Cancelled
18226,1173,Keyboard,2,871.84,2024-02-11,Pending
18227,1916,Tablet,1,1444.94,2024-06-02,Pending
18228,1823,Keyboard,1,564.29,2024-03-04,Pending
18229,1544,Headphones,2,340.68,2024-01-17,Shipped
18230,1072,Tablet,3,577.8,2024-07-08,Shipped
18231,1178,Phone,4,799.6,2024-04-08,Cancelled
18232,1831,Tablet,1,1423.09,2024-02-07,Completed
18233,1462,Keyboard,3,1053.2,2024-05-27,Cancelled
18234,1062,Mouse,1,1931.2,2024-08-19,Completed
18235,1085,Mouse,2,866.45,2024-01-25,Cancelled
18236,1174,Phone,1,638.33,2024-08-31,Pending
18237,1272,Keyboard,1,1687.98,2024-09-25,Shipped
18238,1011,Laptop,1,1315.39,2024-03-01,Completed
18239,1883,Headphones,4,299.04,2024-12-16,Cancelled
18240,1968,Mouse,2,1205.16,2024-10-12,Shipped
18241,1617,Monitor,1,1968.82,2024-09-11,Cancelled
18242,1965,Keyboard,4,286.11,2024-06-03,Pending
18243,1331,Phone,3,920.31,2024-08-26,Pending
18244,1298,Mouse,1,1850.53,2024-05-21,Completed
18245,1993,Headphones,1,1639.33,2024-08-31,Pending
18246,1295,Headphones,3,1644.4,2024-10-26,Cancelled
18247,1643,Phone,1,1108.47,2024-03-11,Shipped
18248,1453,Mouse,3,1944.59,2024-10-03,Shipped
18249,1828,Mouse,1,1537.45,2024-07-23,Completed
18250,1193,Phone,3,748.76,2024-03-06,Shipped
18251,1666,Tablet,2,62.88,2024-03-14,Completed
18252,1930,Tablet,1,451.05,2024-12-24,Pending
18253,1510,Headphones,1,446.55,2024-04-28,Cancelled
18254,1967,Keyboard,3,473.81,2024-08-08,Cancelled
18255,1251,Phone,4,628.34,2024-10-09,Pending
18256,1082,Phone,4,1659.53,2024-11-18,Cancelled
18257,1417,Phone,3,1582.91,2024-08-16,Pending
18258,1324,Keyboard,1,1450.61,2024-07-10,Cancelled
18259,1233,Monitor,4,1594.83,2024-09-02,Cancelled
18260,1065,Laptop,1,1121.57,2024-01-02,Completed
18261,1073,Keyboard,1,1853.11,2024-07-14,Shipped
18262,1233,Headphones,3,456.01,2024-11-09,Shipped
18263,1667,Keyboard,4,1415.25,2024-04-02,Pending
18264,1694,Keyboard,3,281.7,2024-07-31,Pending
18265,1136,Phone,4,1657.82,2024-03-13,Completed
18266,1120,Keyboard,2,375.93,2024-01-19,Cancelled
18267,1845,Mouse,4,360.85,2024-12-21,Cancelled
18268,1786,Keyboard,2,103.44,2024-04-02,Cancelled
18269,1517,Phone,3,1484.56,2024-09-22,Shipped
18270,1880,Monitor,4,1215.12,2024-04-04,Shipped
18271,1121,Keyboard,2,704.69,2024-08-16,Shipped
18272,1353,Mouse,2,1512.31,2024-06-29,Cancelled
18273,1892,Tablet,1,687.73,2024-01-22,Cancelled
18274,1184,Tablet,2,1900.06,2024-05-31,Cancelled
18275,1347,Tablet,3,1587.95,2024-04-09,Pending
18276,1114,Tablet,1,544.51,2024-08-18,Cancelled
18277,1862,Keyboard,1,907.64,2024-11-06,Shipped
18278,1872,Headphones,4,793.08,2024-12-04,Shipped
18279,1236,Mouse,1,958.82,2024-12-14,Completed
18280,1487,Keyboard,1,1033.53,2024-03-04,Shipped
18281,1754,Laptop,2,562.17,2024-12-02,Completed
18282,1202,Laptop,3,651.63,2024-01-09,Completed
18283,1026,Keyboard,2,1886.25,2024-07-27,Pending
18284,1476,Keyboard,1,997.88,2024-09-20,Shipped
18285,1905,Laptop,4,1752.72,2024-02-26,Completed
18286,1313,Headphones,2,1044.09,2024-09-06,Shipped
18287,1849,Monitor,2,1499.44,2024-09-25,Completed
18288,1445,Keyboard,4,1460.82,2024-08-25,Shipped
18289,1422,Tablet,4,1839.74,2024-10-24,Pending
18290,1132,Laptop,3,1826.04,2024-03-16,Pending
18291,1779,Headphones,1,585.8,2024-01-14,Pending
18292,1083,Keyboard,3,1269.08,2024-02-09,Pending
18293,1125,Phone,2,953.82,2024-06-08,Completed
18294,1211,Phone,1,782.81,2024-02-24,Cancelled
18295,1309,Tablet,1,1579.74,2024-03-24,Cancelled
18296,1770,Laptop,3,867.88,2024-07-15,Completed
18297,1820,Phone,3,1360.19,2024-11-18,Cancelled
18298,1997,Headphones,3,1609.61,2024-03-22,Shipped
18299,1149,Laptop,4,550.47,2024-09-06,Pending
18300,1282,Laptop,2,317.61,2024-09-26,Completed
18301,1734,Tablet,1,667.16,2024-12-17,Completed
18302,1793,Mouse,1,1724.13,2024-09-19,Cancelled
18303,1578,Laptop,4,1771.32,2024-07-31,Completed
18304,1511,Mouse,2,1158.22,2024-10-17,Shipped
18305,1785,Headphones,1,1024.94,2024-02-09,Completed
18306,1700,Headphones,3,696.72,2024-12-05,Completed
18307,1567,Laptop,2,527.76,2024-06-10,Pending
18308,1562,Monitor,2,983.43,2024-05-11,Completed
18309,1521,Phone,1,1787.35,2024-11-22,Shipped
18310,1476,Phone,2,1624.78,2024-10-01,Cancelled
18311,1996,Phone,4,948.53,2024-01-23,Pending
18312,1774,Phone,1,1763.87,2024-06-29,Cancelled
18313,1904,Tablet,3,131.56,2024-05-31,Completed
18314,1343,Mouse,2,859.53,2024-04-26,Shipped
18315,1332,Laptop,3,1645.08,2024-07-13,Shipped
18316,1317,Keyboard,4,352.02,2024-07-19,Cancelled
18317,1459,Monitor,4,1770.46,2024-01-11,Cancelled
18318,1225,Laptop,3,80.38,2024-04-13,Pending
18319,1413,Laptop,2,706.56,2024-04-02,Cancelled
18320,1249,Headphones,1,1974.46,2024-02-09,Cancelled
18321,1943,Tablet,2,486.02,2024-07-30,Completed
18322,1689,Laptop,3,858.49,2024-01-25,Pending
18323,1174,Mouse,1,1503.67,2024-05-02,Pending
18324,1589,Tablet,4,1224.99,2024-02-10,Cancelled
18325,1419,Monitor,1,698.91,2024-07-26,Pending
18326,1258,Tablet,3,964.58,2024-12-24,Cancelled
18327,1464,Tablet,3,1038.72,2024-01-24,Completed
18328,1747,Laptop,4,1461.69,2024-03-13,Completed
18329,1914,Mouse,4,532.11,2024-07-05,Shipped
18330,1623,Mouse,4,551.47,2024-07-01,Shipped
18331,1702,Keyboard,4,702.44,2024-09-28,Cancelled
18332,1024,Mouse,2,1684.42,2024-05-29,Pending
18333,1753,Mouse,4,97.62,2024-04-04,Completed
18334,1933,Headphones,3,1246.71,2024-07-10,Pending
18335,1253,Monitor,1,747.24,2024-10-26,Completed
18336,1525,Laptop,1,1399.56,2024-04-15,Shipped
18337,1068,Tablet,3,1292.17,2024-04-30,Cancelled
18338,1661,Tablet,4,151.67,2024-11-19,Shipped
18339,1642,Monitor,3,946.35,2024-05-19,Pending
18340,1199,Mouse,3,1100.73,2024-10-15,Cancelled
18341,1990,Mouse,2,1111.16,2024-06-01,Shipped
18342,1198,Phone,2,129.6,2024-02-23,Cancelled
18343,1932,Mouse,3,1623.92,2024-05-21,Cancelled
18344,1078,Monitor,4,146.6,2024-01-21,Completed
18345,1740,Tablet,1,1210.95,2024-03-05,Shipped
18346,1002,Monitor,4,1475.69,2024-12-28,Completed
18347,1022,Headphones,4,818.13,2024-05-10,Pending
18348,1431,Keyboard,3,728.91,2024-02-24,Completed
18349,1272,Laptop,2,1357.71,2024-03-01,Shipped
18350,1258,Laptop,2,1577.26,2024-06-02,Cancelled
18351,1365,Mouse,2,506.47,2024-06-09,Pending
18352,1688,Phone,2,659.12,2024-06-07,Shipped
18353,1869,Laptop,4,920.81,2024-10-31,Pending
18354,1120,Tablet,4,861.33,2024-09-08,Completed
18355,1668,Headphones,2,1011.16,2024-06-05,Completed
18356,1020,Laptop,4,824.6,2024-10-04,Shipped
18357,1272,Monitor,3,232.58,2024-03-23,Shipped
18358,1390,Phone,4,321.76,2024-08-29,Cancelled
18359,1868,Phone,3,1516.68,2024-09-06,Cancelled
18360,1272,Mouse,4,1971.23,2024-07-23,Completed
18361,1977,Monitor,4,1796.02,2024-11-04,Shipped
18362,1904,Keyboard,1,956.78,2024-03-27,Pending
18363,1772,Tablet,3,1996.61,2024-10-11,Shipped
18364,1829,Tablet,1,1075.18,2024-04-22,Cancelled
18365,1549,Headphones,2,1613.64,2024-07-30,Shipped
18366,1919,Mouse,4,59.07,2024-02-14,Completed
18367,1346,Monitor,3,1603.26,2024-10-27,Shipped
18368,1488,Tablet,1,1735.76,2024-03-14,Cancelled
18369,1428,Phone,4,789.59,2024-03-25,Pending
18370,1591,Phone,3,1215.83,2024-07-05,Pending
18371,1903,Headphones,1,501.93,2024-09-16,Cancelled
18372,1544,Phone,4,1446.1,2024-09-14,Completed
18373,1787,Keyboard,4,845.28,2024-02-26,Shipped
18374,1526,Keyboard,3,457.07,2024-01-12,Completed
18375,1203,Headphones,4,1144.1,2024-12-18,Completed
18376,1624,Keyboard,2,1650.49,2024-05-19,Pending
18377,1382,Monitor,4,1210.62,2024-11-06,Pending
18378,1707,Monitor,4,868.3,2024-09-22,Cancelled
18379,1401,Headphones,4,740.65,2024-06-24,Shipped
18380,1137,Tablet,2,1898.27,2024-07-08,Pending
18381,1114,Tablet,4,966.59,2024-11-19,Shipped
18382,1487,Phone,2,722.94,2024-09-20,Cancelled
18383,1302,Headphones,3,1650.84,2024-01-24,Completed
18384,1131,Keyboard,3,332.28,2024-09-04,Shipped
18385,1352,Laptop,3,1314.47,2024-05-15,Shipped
18386,1232,Mouse,1,154.69,2024-03-06,Pending
18387,1683,Phone,1,715.82,2024-09-19,Cancelled
18388,1686,Mouse,4,513.3,2024-06-03,Shipped
18389,1969,Headphones,4,1022.2,2024-08-22,Cancelled
18390,1040,Phone,3,1011.82,2024-01-24,Shipped
18391,1703,Monitor,4,1616.26,2024-01-04,Shipped
18392,1415,Monitor,3,1791.31,2024-11-17,Completed
18393,1987,Phone,1,1002.49,2024-07-18,Pending
18394,1626,Tablet,3,132.21,2024-10-18,Shipped
18395,1186,Monitor,4,1529.68,2024-01-23,Cancelled
18396,1439,Phone,3,1067.18,2024-08-09,Completed
18397,1353,Tablet,1,1525.84,2024-04-26,Shipped
18398,1265,Laptop,3,222.43,2024-04-25,Pending
18399,1648,Phone,3,1695.76,2024-04-15,Cancelled
18400,1970,Laptop,1,1617.17,2024-01-21,Completed
18401,1034,Monitor,3,673.74,2024-12-20,Shipped
18402,1262,Laptop,2,1561.29,2024-09-03,Completed
18403,1682,Tablet,3,788.47,2024-08-23,Pending
18404,1953,Keyboard,2,1565.89,2024-01-19,Pending
18405,1818,Mouse,2,1631.14,2024-01-03,Shipped
18406,1181,Mouse,2,1801.64,2024-06-01,Shipped
18407,1583,Laptop,3,737.93,2024-08-04,Cancelled
18408,1956,Tablet,2,1856.84,2024-08-22,Pending
18409,1045,Phone,4,941.81,2024-06-08,Pending
18410,1634,Tablet,3,1630.62,2024-01-03,Completed
18411,1025,Headphones,4,930.39,2024-06-28,Cancelled
18412,1479,Phone,1,315.53,2024-11-25,Cancelled
18413,1034,Laptop,3,1725.5,2024-01-05,Completed
18414,1751,Headphones,4,812.85,2024-11-10,Completed
18415,1978,Laptop,4,912.27,2024-01-25,Shipped
18416,1121,Phone,2,1070.83,2024-07-16,Cancelled
18417,1405,Mouse,2,1171.45,2024-05-17,Pending
18418,1614,Laptop,1,844.27,2024-12-31,Completed
18419,1767,Phone,4,1287.91,2024-11-25,Cancelled
18420,1870,Mouse,4,930.99,2024-04-16,Pending
18421,1763,Tablet,1,636.76,2024-11-20,Completed
18422,1218,Laptop,2,1937.12,2024-01-09,Completed
18423,1121,Monitor,2,578.56,2024-03-15,Shipped
18424,1942,Keyboard,2,1947.06,2024-09-09,Pending
18425,1724,Monitor,4,1625.36,2024-08-01,Shipped
18426,1187,Tablet,4,1879.23,2024-05-31,Completed
18427,1088,Laptop,4,1795.39,2024-01-22,Completed
18428,1400,Headphones,1,1025.65,2024-10-09,Pending
18429,1826,Headphones,2,1759.65,2024-08-31,Pending
18430,1750,Laptop,3,930.0,2024-12-16,Completed
18431,1873,Monitor,1,495.54,2024-04-06,Cancelled
18432,1861,Tablet,3,581.84,2024-10-04,Cancelled
18433,1668,Mouse,1,66.68,2024-09-16,Cancelled
18434,1842,Laptop,2,523.95,2024-06-13,Pending
18435,1572,Mouse,2,415.6,2024-04-08,Shipped
18436,1285,Phone,2,1833.51,2024-01-28,Cancelled
18437,1099,Mouse,4,1947.68,2024-05-29,Completed
18438,1984,Mouse,4,785.51,2024-03-27,Pending
18439,1134,Laptop,2,532.79,2024-10-31,Shipped
18440,1585,Tablet,3,142.33,2024-01-31,Cancelled
18441,1208,Mouse,3,718.53,2024-05-10,Shipped
18442,1644,Laptop,3,1415.25,2024-05-07,Completed
18443,1542,Mouse,2,1913.19,2024-11-03,Shipped
18444,1944,Laptop,2,1138.54,2024-08-30,Pending
18445,1083,Headphones,3,328.94,2024-02-22,Pending
18446,1037,Headphones,3,1549.29,2024-12-26,Pending
18447,1831,Keyboard,1,1977.09,2024-08-06,Shipped
18448,1767,Phone,4,893.82,2024-08-16,Pending
18449,1720,Mouse,3,551.63,2024-06-29,Shipped
18450,1770,Monitor,1,405.9,2024-03-26,Shipped
18451,1702,Monitor,4,1618.51,2024-10-25,Shipped
18452,1817,Monitor,3,285.66,2024-03-09,Shipped
18453,1462,Monitor,2,1028.42,2024-03-10,Shipped
18454,1488,Laptop,3,1453.13,2024-12-10,Pending
18455,1403,Tablet,3,1297.31,2024-10-08,Shipped
18456,1658,Laptop,2,992.27,2024-04-18,Completed
18457,1871,Phone,3,238.04,2024-07-30,Cancelled
18458,1146,Keyboard,4,1038.71,2024-05-22,Pending
18459,1924,Keyboard,1,270.87,2024-08-03,Shipped
18460,1925,Phone,3,1389.17,2024-05-12,Cancelled
18461,1180,Monitor,4,744.97,2024-04-06,Cancelled
18462,1907,Phone,2,1207.9,2024-11-23,Cancelled
18463,1827,Mouse,1,1054.0,2024-03-31,Completed
18464,1225,Keyboard,4,587.42,2024-11-25,Cancelled
18465,1032,Monitor,3,1321.01,2024-06-09,Shipped
18466,1205,Mouse,1,561.53,2024-01-30,Completed
18467,1560,Laptop,1,412.28,2024-01-06,Completed
18468,1235,Monitor,3,525.88,2024-11-28,Shipped
18469,1993,Laptop,3,1983.91,2024-06-30,Completed
18470,1900,Laptop,2,1437.97,2024-10-12,Shipped
18471,1247,Phone,3,1363.79,2024-05-05,Pending
18472,1756,Monitor,4,1535.59,2024-05-25,Shipped
18473,1456,Keyboard,1,870.71,2024-09-02,Cancelled
18474,1118,Headphones,1,807.7,2024-02-04,Shipped
18475,1908,Monitor,1,86.5,2024-04-07,Shipped
18476,1785,Phone,2,1748.99,2024-06-06,Cancelled
18477,1941,Headphones,1,1990.24,2024-01-06,Cancelled
18478,1076,Tablet,3,158.91,2024-08-08,Cancelled
18479,1643,Keyboard,3,1394.24,2024-12-27,Shipped
18480,1396,Headphones,1,1233.15,2024-10-26,Completed
18481,1315,Monitor,4,237.85,2024-11-27,Cancelled
18482,1663,Keyboard,2,993.88,2024-07-11,Cancelled
18483,1062,Keyboard,4,1964.83,2024-11-12,Shipped
18484,1203,Phone,2,837.31,2024-12-30,Shipped
18485,1710,Monitor,1,1465.8,2024-07-29,Completed
18486,1123,Keyboard,4,1179.13,2024-04-07,Completed
18487,1971,Phone,2,632.87,2024-02-01,Cancelled
18488,1617,Mouse,4,319.22,2024-04-17,Shipped
18489,1018,Keyboard,4,154.45,2024-02-27,Pending
18490,1101,Monitor,4,1092.53,2024-12-07,Completed
18491,1604,Tablet,4,1463.29,2024-03-07,Cancelled
18492,1499,Monitor,3,902.01,2024-02-29,Completed
18493,1648,Phone,2,1941.67,2024-03-11,Pending
18494,1062,Headphones,3,1893.07,2024-11-17,Cancelled
18495,1570,Keyboard,1,187.94,2024-11-23,Pending
18496,1021,Laptop,2,388.98,2024-09-24,Completed
18497,1927,Monitor,4,1584.61,2024-06-23,Completed
18498,1602,Keyboard,2,307.25,2024-02-02,Cancelled
18499,1290,Keyboard,3,622.52,2024-11-15,Pending
18500,1410,Laptop,1,924.69,2024-06-07,Pending
18501,1162,Laptop,3,1070.77,2024-01-17,Pending
18502,1380,Laptop,2,1834.53,2024-12-30,Pending
18503,1731,Mouse,4,1542.57,2024-04-17,Completed
18504,1800,Tablet,1,527.57,2024-04-24,Completed
18505,1019,Keyboard,2,1643.27,2024-03-05,Completed
18506,1619,Headphones,4,1941.77,2024-06-30,Pending
18507,1436,Mouse,1,388.68,2024-02-28,Pending
18508,1192,Monitor,4,379.6,2024-02-29,Completed
18509,1415,Tablet,4,1932.16,2024-10-19,Cancelled
18510,1606,Phone,4,857.74,2024-10-02,Pending
18511,1096,Mouse,2,1132.25,2024-01-18,Pending
18512,1534,Laptop,3,1382.66,2024-08-12,Cancelled
18513,1839,Tablet,3,1242.16,2024-06-09,Completed
18514,1496,Laptop,2,750.87,2024-08-12,Shipped
18515,1330,Headphones,2,1082.77,2024-04-11,Cancelled
18516,1887,Tablet,4,409.11,2024-01-08,Shipped
18517,1748,Phone,1,858.39,2024-07-26,Pending
18518,1842,Mouse,4,1571.01,2024-12-01,Completed
18519,1245,Keyboard,1,1926.6,2024-04-21,Shipped
18520,1322,Tablet,3,107.25,2024-05-10,Shipped
18521,1443,Mouse,3,140.3,2024-05-25,Pending
18522,1730,Keyboard,4,746.03,2024-11-29,Completed
18523,1763,Mouse,3,1281.46,2024-08-19,Cancelled
18524,1456,Monitor,2,1971.29,2024-09-09,Shipped
18525,1580,Mouse,2,670.05,2024-08-07,Pending
18526,1075,Mouse,3,428.83,2024-07-08,Completed
18527,1585,Laptop,4,557.18,2024-07-05,Cancelled
18528,1023,Headphones,4,1502.91,2024-11-14,Completed
18529,1628,Keyboard,4,360.36,2024-10-07,Shipped
18530,1409,Tablet,1,911.52,2024-06-12,Completed
18531,1880,Headphones,4,1824.69,2024-11-23,Cancelled
18532,1230,Tablet,2,117.32,2024-05-27,Completed
18533,1141,Mouse,1,1472.13,2024-08-02,Completed
18534,1274,Keyboard,3,765.65,2024-07-06,Shipped
18535,1792,Laptop,2,1869.6,2024-12-23,Cancelled
18536,1531,Keyboard,2,829.4,2024-03-16,Pending
18537,1085,Headphones,1,238.29,2024-12-13,Shipped
18538,1020,Monitor,1,1440.75,2024-09-08,Completed
18539,1253,Mouse,2,229.14,2024-08-30,Cancelled
18540,1327,Monitor,3,138.49,2024-12-20,Shipped
18541,1979,Laptop,1,756.43,2024-12-13,Pending
18542,1033,Tablet,2,1227.32,2024-08-25,Pending
18543,1139,Tablet,4,1967.77,2024-10-24,Pending
18544,1489,Laptop,4,1423.71,2024-12-16,Cancelled
18545,1661,Keyboard,4,752.28,2024-02-19,Cancelled
18546,1645,Mouse,4,1574.96,2024-05-19,Pending
18547,1415,Tablet,2,1803.8,2024-09-15,Shipped
18548,1897,Phone,3,450.01,2024-01-28,Cancelled
18549,1373,Keyboard,4,1620.82,2024-11-27,Cancelled
18550,1221,Phone,2,1603.15,2024-02-27,Cancelled
18551,1569,Laptop,1,973.1,2024-08-16,Completed
18552,1446,Tablet,3,1514.91,2024-07-06,Completed
18553,1059,Phone,1,276.44,2024-12-03,Pending
18554,1301,Tablet,3,1634.39,2024-11-27,Completed
18555,1652,Monitor,3,1967.56,2024-12-06,Cancelled
18556,1276,Laptop,1,1260.69,2024-08-06,Pending
18557,1692,Tablet,3,785.2,2024-07-31,Shipped
18558,1771,Keyboard,1,1847.25,2024-05-11,Completed
18559,1247,Tablet,1,321.29,2024-05-21,Pending
18560,1024,Monitor,4,367.07,2024-01-12,Cancelled
18561,1201,Monitor,3,471.07,2024-02-16,Pending
18562,1665,Monitor,4,1250.13,2024-03-16,Shipped
18563,1436,Headphones,4,1322.55,2024-05-08,Completed
18564,1466,Tablet,4,910.34,2024-02-23,Cancelled
18565,1434,Headphones,4,1679.62,2024-04-10,Cancelled
18566,1511,Laptop,2,271.74,2024-05-27,Completed
18567,1315,Headphones,3,1304.52,2024-12-09,Shipped
18568,1452,Laptop,4,1521.6,2024-02-20,Cancelled
18569,1324,Phone,2,164.85,2024-10-24,Completed
18570,1005,Laptop,2,1462.08,2024-12-29,Completed
18571,1066,Keyboard,2,1139.12,2024-03-21,Completed
18572,1711,Headphones,3,1935.52,2024-12-28,Shipped
18573,1971,Mouse,1,970.0,2024-02-05,Cancelled
18574,1430,Phone,2,1490.71,2024-02-28,Cancelled
18575,1041,Mouse,1,377.57,2024-07-01,Completed
18576,1843,Headphones,1,287.4,2024-12-10,Cancelled
18577,1110,Mouse,3,1881.62,2024-11-17,Cancelled
18578,1838,Monitor,4,1218.11,2024-01-28,Shipped
18579,1861,Keyboard,4,769.68,2024-08-26,Completed
18580,1190,Laptop,2,507.9,2024-08-16,Completed
18581,1386,Phone,2,616.55,2024-01-27,Completed
18582,1864,Tablet,3,1327.2,2024-01-19,Cancelled
18583,1977,Laptop,1,534.09,2024-01-15,Shipped
18584,1847,Headphones,4,1747.07,2024-04-29,Cancelled
18585,1285,Mouse,1,451.73,2024-07-20,Completed
18586,1430,Keyboard,3,932.16,2024-07-01,Shipped
18587,1900,Keyboard,2,593.79,2024-12-06,Completed
18588,1653,Mouse,3,612.71,2024-07-26,Shipped
18589,1658,Monitor,1,1562.55,2024-12-25,Pending
18590,1375,Phone,2,1985.69,2024-11-27,Completed
18591,1715,Keyboard,1,1885.49,2024-04-17,Cancelled
18592,1874,Monitor,2,1094.44,2024-07-22,Shipped
18593,1352,Headphones,4,1756.53,2024-09-02,Cancelled
18594,1316,Monitor,3,1213.55,2024-10-28,Cancelled
18595,1083,Headphones,1,1366.78,2024-06-24,Pending
18596,1753,Laptop,1,511.21,2024-03-28,Completed
18597,1276,Laptop,2,59.4,2024-05-05,Cancelled
18598,1067,Mouse,4,1074.33,2024-10-19,Pending
18599,1874,Phone,3,1405.3,2024-03-01,Completed
18600,1448,Headphones,2,1098.64,2024-08-09,Completed
18601,1744,Laptop,3,453.83,2024-10-17,Cancelled
18602,1859,Keyboard,2,979.23,2024-02-10,Completed
18603,1653,Laptop,2,75.95,2024-01-25,Pending
18604,1484,Monitor,1,117.93,2024-02-01,Completed
18605,1060,Keyboard,2,1419.4,2024-12-04,Pending
18606,1050,Tablet,3,152.12,2024-01-28,Shipped
18607,1926,Phone,4,329.67,2024-12-26,Completed
18608,1989,Phone,4,1479.99,2024-04-24,Pending
18609,1557,Tablet,1,981.0,2024-04-18,Pending
18610,1601,Phone,3,1040.53,2024-10-12,Cancelled
18611,1914,Mouse,3,929.85,2024-02-20,Shipped
18612,1969,Keyboard,1,218.53,2024-09-05,Pending
18613,1211,Phone,3,1203.26,2024-06-06,Shipped
18614,1165,Keyboard,1,1502.92,2024-07-29,Pending
18615,1232,Headphones,4,974.58,2024-08-16,Pending
18616,1747,Phone,3,1068.94,2024-06-06,Shipped
18617,1212,Headphones,2,51.26,2024-03-02,Shipped
18618,1216,Laptop,4,799.21,2024-01-29,Completed
18619,1735,Mouse,1,1770.96,2024-05-27,Cancelled
18620,1308,Phone,2,1936.42,2024-11-30,Completed
18621,1425,Keyboard,4,1692.69,2024-10-23,Pending
18622,1929,Keyboard,1,296.16,2024-01-21,Shipped
18623,1339,Mouse,1,1065.39,2024-04-22,Cancelled
18624,1622,Laptop,4,1982.0,2024-09-12,Cancelled
18625,1188,Phone,4,248.26,2024-03-25,Shipped
18626,1043,Mouse,2,1833.87,2024-07-08,Pending
18627,1683,Headphones,3,551.14,2024-03-09,Completed
18628,1615,Monitor,3,758.6,2024-11-05,Pending
18629,1056,Laptop,3,690.32,2024-01-26,Cancelled
18630,1766,Laptop,2,503.28,2024-11-12,Completed
18631,1503,Keyboard,1,522.88,2024-09-22,Cancelled
18632,1143,Mouse,1,1095.56,2024-10-08,Shipped
18633,1971,Mouse,4,675.39,2024-01-12,Shipped
18634,1548,Tablet,2,1087.43,2024-11-21,Shipped
18635,1666,Mouse,1,675.32,2024-11-17,Pending
18636,1910,Mouse,2,335.92,2024-10-12,Pending
18637,1752,Headphones,2,1489.22,2024-05-27,Cancelled
18638,1774,Monitor,1,1281.82,2024-12-28,Cancelled
18639,1122,Tablet,4,1615.68,2024-12-25,Completed
18640,1681,Headphones,2,751.57,2024-07-01,Pending
18641,1236,Tablet,2,1599.49,2024-07-18,Shipped
18642,1357,Keyboard,3,1126.62,2024-11-28,Shipped
18643,1053,Keyboard,4,1734.69,2024-06-28,Shipped
18644,1528,Monitor,1,780.58,2024-08-21,Cancelled
18645,1023,Headphones,4,407.17,2024-10-16,Completed
18646,1195,Phone,2,1076.26,2024-03-17,Pending
18647,1823,Tablet,2,488.26,2024-05-13,Cancelled
18648,1774,Keyboard,2,1466.5,2024-03-05,Pending
18649,1641,Headphones,1,836.32,2024-09-16,Pending
18650,1587,Keyboard,4,737.47,2024-06-13,Cancelled
18651,1203,Headphones,3,280.21,2024-09-02,Pending
18652,1248,Phone,3,693.52,2024-07-21,Pending
18653,1679,Phone,3,124.33,2024-10-16,Pending
18654,1546,Mouse,4,702.03,2024-03-15,Completed
18655,1964,Monitor,2,922.4,2024-11-10,Completed
18656,1270,Headphones,3,1288.36,2024-07-14,Completed
18657,1309,Tablet,2,1649.94,2024-06-20,Completed
18658,1219,Phone,3,104.3,2024-01-11,Cancelled
18659,1491,Keyboard,1,223.33,2024-08-24,Cancelled
18660,1006,Phone,4,1846.74,2024-03-31,Cancelled
18661,1490,Keyboard,3,615.83,2024-04-17,Cancelled
18662,1354,Phone,3,861.07,2024-11-17,Cancelled
18663,1773,Laptop,1,372.43,2024-02-19,Completed
18664,1906,Headphones,1,1188.68,2024-09-15,Pending
18665,1501,Keyboard,2,824.2,2024-01-25,Completed
18666,1691,Mouse,1,1415.03,2024-08-28,Completed
18667,1508,Mouse,4,1676.63,2024-08-25,Completed
18668,1782,Headphones,3,1424.28,2024-10-16,Completed
18669,1551,Monitor,1,1953.62,2024-07-23,Shipped
18670,1353,Phone,4,1810.75,2024-03-30,Cancelled
18671,1962,Laptop,1,1199.74,2024-09-09,Cancelled
18672,1138,Laptop,3,1524.02,2024-02-02,Completed
18673,1720,Laptop,4,1958.33,2024-11-11,Completed
18674,1165,Mouse,3,594.98,2024-10-19,Pending
18675,1804,Laptop,2,1014.98,2024-02-18,Shipped
18676,1819,Keyboard,3,1763.65,2024-07-08,Shipped
18677,1437,Tablet,1,1594.46,2024-10-25,Cancelled
18678,1061,Keyboard,4,1644.93,2024-05-28,Completed
18679,1200,Phone,1,1267.23,2024-09-05,Shipped
18680,1261,Laptop,3,849.35,2024-10-19,Pending
18681,1377,Mouse,2,1826.46,2024-07-21,Cancelled
18682,1359,Keyboard,4,1214.05,2024-02-28,Pending
18683,1856,Headphones,2,980.14,2024-05-25,Cancelled
18684,1371,Monitor,4,1574.1,2024-11-20,Shipped
18685,1880,Keyboard,3,1957.22,2024-11-08,Completed
18686,1648,Mouse,1,181.58,2024-12-07,Shipped
18687,1012,Keyboard,3,708.81,2024-04-28,Completed
18688,1624,Phone,2,239.63,2024-05-21,Pending
18689,1771,Monitor,3,1095.77,2024-10-21,Pending
18690,1530,Monitor,3,918.43,2024-06-12,Cancelled
18691,1585,Phone,1,1896.76,2024-03-06,Shipped
18692,1989,Phone,4,323.41,2024-12-30,Completed
18693,1973,Keyboard,2,341.6,2024-04-01,Cancelled
18694,1629,Headphones,3,1520.32,2024-12-30,Cancelled
18695,1669,Tablet,3,1787.28,2024-04-29,Cancelled
18696,1821,Monitor,4,203.11,2024-05-03,Completed
18697,1366,Keyboard,2,1104.78,2024-08-22,Pending
18698,1279,Headphones,2,842.5,2024-07-02,Completed
18699,1163,Laptop,2,1073.94,2024-08-19,Shipped
18700,1183,Monitor,4,547.81,2024-06-06,Completed
18701,1115,Tablet,2,1603.48,2024-10-08,Completed
18702,1327,Headphones,3,1691.94,2024-04-02,Pending
18703,1764,Headphones,2,920.54,2024-04-01,Shipped
18704,1644,Keyboard,1,743.32,2024-04-10,Cancelled
18705,1358,Laptop,1,1078.19,2024-01-24,Pending
18706,1539,Mouse,2,1803.52,2024-04-28,Completed
18707,1832,Mouse,3,366.47,2024-12-15,Pending
18708,1193,Laptop,1,761.2,2024-07-14,Completed
18709,1867,Mouse,1,475.13,2024-10-28,Pending
18710,1307,Laptop,1,808.43,2024-12-05,Completed
18711,1353,Laptop,3,267.67,2024-04-10,Cancelled
18712,1360,Monitor,4,1149.42,2024-05-21,Completed
18713,1920,Mouse,4,1728.54,2024-06-17,Shipped
18714,1092,Mouse,3,78.06,2024-03-16,Pending
18715,1583,Phone,3,1234.29,2024-05-08,Cancelled
18716,1204,Tablet,3,90.98,2024-08-06,Pending
18717,1248,Tablet,1,597.35,2024-12-15,Completed
18718,1515,Phone,2,1111.04,2024-04-23,Cancelled
18719,1765,Mouse,4,976.61,2024-10-02,Completed
18720,1732,Monitor,3,1701.38,2024-01-06,Completed
18721,1610,Monitor,4,125.59,2024-08-12,Completed
18722,1655,Mouse,4,618.0,2024-12-16,Completed
18723,1106,Laptop,4,1256.3,2024-11-04,Shipped
18724,1568,Keyboard,1,297.54,2024-08-23,Shipped
18725,1854,Mouse,1,592.46,2024-06-28,Shipped
18726,1342,Keyboard,4,1475.78,2024-04-18,Pending
18727,1718,Keyboard,3,684.02,2024-01-12,Shipped
18728,1925,Keyboard,4,1168.96,2024-09-12,Completed
18729,1387,Laptop,2,163.65,2024-07-25,Completed
18730,1043,Monitor,2,141.11,2024-09-30,Cancelled
18731,1148,Mouse,1,497.1,2024-12-02,Pending
18732,1745,Mouse,3,1893.32,2024-01-22,Cancelled
18733,1949,Monitor,4,70.61,2024-05-14,Shipped
18734,1415,Laptop,2,1239.38,2024-09-10,Cancelled
18735,1607,Monitor,1,411.57,2024-08-04,Completed
18736,1781,Tablet,3,660.24,2024-04-16,Completed
18737,1073,Monitor,1,309.39,2024-09-27,Pending
18738,1345,Keyboard,4,989.32,2024-06-01,Pending
18739,1699,Headphones,4,1288.23,2024-05-21,Pending
18740,1795,Mouse,3,309.32,2024-02-08,Completed
18741,1631,Laptop,4,1942.86,2024-05-27,Shipped
18742,1975,Headphones,4,435.46,2024-03-24,Shipped
18743,1619,Monitor,3,1559.33,2024-12-09,Cancelled
18744,1290,Tablet,3,1581.11,2024-12-29,Cancelled
18745,1510,Monitor,4,1008.4,2024-08-20,Pending
18746,1297,Mouse,2,449.37,2024-04-17,Completed
18747,1799,Laptop,2,1981.42,2024-07-25,Pending
18748,1491,Tablet,1,334.99,2024-10-09,Completed
18749,1565,Phone,4,844.03,2024-04-27,Completed
18750,1561,Keyboard,1,708.92,2024-12-15,Pending
18751,1833,Mouse,4,1454.68,2024-01-31,Cancelled
18752,1595,Laptop,4,1835.31,2024-08-09,Shipped
18753,1079,Phone,2,1797.74,2024-09-12,Completed
18754,1333,Headphones,2,863.44,2024-04-12,Cancelled
18755,1955,Mouse,4,217.49,2024-08-23,Completed
18756,1537,Keyboard,1,1801.54,2024-02-14,Pending
18757,1294,Headphones,1,555.5,2024-05-20,Completed
18758,1717,Mouse,4,1268.28,2024-10-26,Completed
18759,1043,Headphones,4,1692.24,2024-09-27,Pending
18760,1147,Mouse,4,1658.69,2024-03-16,Pending
18761,1810,Laptop,1,840.53,2024-02-08,Shipped
18762,1522,Monitor,4,1062.28,2024-07-14,Cancelled
18763,1881,Headphones,3,736.9,2024-04-19,Completed
18764,1530,Headphones,4,192.39,2024-11-03,Completed
18765,1214,Phone,3,942.65,2024-04-22,Pending
18766,1880,Mouse,4,1026.86,2024-03-27,Pending
18767,1903,Keyboard,2,1708.36,2024-04-14,Shipped
18768,1241,Phone,2,1981.81,2024-12-08,Pending
18769,1995,Tablet,1,811.53,2024-04-26,Cancelled
18770,1892,Monitor,4,1046.98,2024-02-09,Pending
18771,1544,Phone,4,427.69,2024-06-23,Shipped
18772,1541,Headphones,2,1829.78,2024-06-10,Pending
18773,1721,Mouse,1,125.69,2024-12-05,Completed
18774,1358,Monitor,4,359.74,2024-05-10,Pending
18775,1235,Keyboard,4,126.26,2024-08-14,Completed
18776,1514,Tablet,2,844.62,2024-04-26,Completed
18777,1335,Phone,1,65.4,2024-09-28,Cancelled
18778,1871,Keyboard,3,848.57,2024-01-17,Pending
18779,1019,Laptop,1,875.5,2024-03-20,Shipped
18780,1178,Phone,2,1579.05,2024-02-08,Pending
18781,1582,Tablet,2,930.04,2024-12-25,Shipped
18782,1553,Phone,3,1936.37,2024-05-02,Shipped
18783,1933,Mouse,3,1336.96,2024-03-18,Shipped
18784,1650,Phone,4,1459.01,2024-07-25,Completed
18785,1018,Laptop,4,1159.85,2024-03-03,Cancelled
18786,1297,Keyboard,1,75.94,2024-09-21,Completed
18787,1736,Mouse,2,736.67,2024-06-10,Completed
18788,1427,Laptop,4,1062.58,2024-10-14,Pending
18789,1007,Keyboard,4,943.35,2024-03-09,Pending
18790,1229,Tablet,3,264.94,2024-10-14,Pending
18791,1327,Tablet,3,903.23,2024-10-10,Shipped
18792,1274,Mouse,1,1268.93,2024-04-02,Pending
18793,1675,Tablet,1,1754.22,2024-03-13,Pending
18794,1679,Tablet,2,729.63,2024-02-16,Completed
18795,1382,Tablet,2,734.43,2024-07-27,Pending
18796,1582,Keyboard,4,352.43,2024-01-03,Completed
18797,1000,Tablet,3,1012.89,2024-08-24,Shipped
18798,1149,Laptop,3,1677.65,2024-02-12,Shipped
18799,1320,Tablet,3,1893.56,2024-05-19,Completed
18800,1336,Headphones,3,733.61,2024-04-08,Pending
18801,1272,Monitor,4,888.3,2024-08-07,Cancelled
18802,1329,Laptop,2,1144.57,2024-03-01,Pending
18803,1690,Keyboard,3,517.76,2024-01-24,Pending
18804,1416,Mouse,3,512.58,2024-05-06,Cancelled
18805,1988,Mouse,1,1842.44,2024-09-13,Shipped
18806,1835,Phone,1,179.52,2024-03-04,Cancelled
18807,1824,Monitor,4,1585.05,2024-09-18,Shipped
18808,1225,Mouse,4,1345.74,2024-09-12,Cancelled
18809,1939,Monitor,4,1050.61,2024-08-31,Cancelled
18810,1806,Headphones,3,228.32,2024-04-27,Shipped
18811,1270,Headphones,2,955.26,2024-03-12,Pending
18812,1434,Keyboard,1,263.99,2024-02-28,Completed
18813,1897,Phone,4,182.97,2024-07-27,Pending
18814,1031,Phone,3,1470.03,2024-05-25,Completed
18815,1307,Mouse,4,1345.94,2024-03-22,Cancelled
18816,1039,Phone,3,1490.38,2024-03-11,Pending
18817,1103,Phone,4,525.25,2024-06-02,Pending
18818,1028,Mouse,3,581.13,2024-01-12,Shipped
18819,1683,Phone,2,419.68,2024-08-21,Pending
18820,1283,Mouse,3,662.92,2024-04-29,Completed
18821,1707,Keyboard,2,231.8,2024-09-08,Completed
18822,1794,Keyboard,4,1950.3,2024-01-08,Completed
18823,1508,Headphones,2,1828.97,2024-09-08,Cancelled
18824,1025,Tablet,2,276.36,2024-10-06,Completed
18825,1308,Phone,2,751.67,2024-12-27,Cancelled
18826,1950,Phone,2,306.66,2024-09-20,Shipped
18827,1415,Tablet,1,1899.99,2024-11-23,Cancelled
18828,1873,Keyboard,3,1546.06,2024-02-09,Cancelled
18829,1555,Mouse,4,496.44,2024-11-02,Completed
18830,1053,Phone,3,495.46,2024-08-28,Completed
18831,1211,Mouse,4,1493.47,2024-11-04,Shipped
18832,1651,Phone,2,374.03,2024-10-01,Shipped
18833,1094,Phone,4,182.55,2024-05-29,Completed
18834,1738,Mouse,3,165.9,2024-05-27,Cancelled
18835,1717,Phone,2,987.68,2024-09-17,Pending
18836,1229,Headphones,1,1063.65,2024-06-09,Cancelled
18837,1177,Phone,4,1392.6,2024-07-11,Cancelled
18838,1409,Monitor,3,1027.55,2024-02-24,Pending
18839,1658,Headphones,3,552.67,2024-01-14,Cancelled
18840,1128,Laptop,3,1166.79,2024-01-29,Cancelled
18841,1149,Laptop,1,1993.01,2024-10-02,Shipped
18842,1667,Monitor,2,820.25,2024-08-31,Pending
18843,1650,Tablet,2,1629.65,2024-06-09,Completed
18844,1629,Laptop,1,658.61,2024-05-24,Shipped
18845,1320,Mouse,2,420.8,2024-10-30,Cancelled
18846,1599,Mouse,3,300.04,2024-04-16,Completed
18847,1629,Mouse,4,1564.32,2024-07-10,Pending
18848,1120,Headphones,3,1332.12,2024-02-06,Pending
18849,1398,Laptop,1,1310.67,2024-01-11,Completed
18850,1807,Keyboard,2,360.77,2024-10-01,Completed
18851,1951,Phone,1,1586.29,2024-08-19,Cancelled
18852,1594,Monitor,1,734.22,2024-03-11,Shipped
18853,1674,Mouse,3,363.1,2024-01-11,Completed
18854,1376,Mouse,2,98.18,2024-09-14,Completed
18855,1001,Keyboard,4,1957.8,2024-08-18,Cancelled
18856,1699,Phone,3,1068.8,2024-02-25,Shipped
18857,1705,Keyboard,3,1302.17,2024-11-15,Cancelled
18858,1463,Headphones,2,1025.54,2024-02-12,Cancelled
18859,1440,Mouse,2,360.48,2024-10-15,Cancelled
18860,1439,Phone,1,928.79,2024-09-02,Pending
18861,1714,Laptop,2,1470.76,2024-12-10,Completed
18862,1461,Tablet,2,1937.6,2024-01-24,Pending
18863,1291,Keyboard,4,1312.65,2024-09-16,Pending
18864,1213,Keyboard,2,865.07,2024-09-07,Shipped
18865,1490,Keyboard,2,925.53,2024-05-13,Cancelled
18866,1188,Monitor,4,1644.08,2024-11-21,Completed
18867,1256,Mouse,4,1598.54,2024-09-05,Completed
18868,1352,Tablet,4,1167.5,2024-07-03,Pending
18869,1888,Headphones,4,1030.75,2024-01-05,Pending
18870,1841,Laptop,2,113.06,2024-08-22,Completed
18871,1208,Laptop,1,1398.67,2024-08-10,Completed
18872,1843,Tablet,1,64.03,2024-04-06,Completed
18873,1278,Headphones,2,138.86,2024-03-15,Cancelled
18874,1366,Phone,4,555.4,2024-07-05,Pending
18875,1153,Laptop,4,676.05,2024-05-15,Completed
18876,1295,Monitor,4,1447.26,2024-03-19,Shipped
18877,1939,Mouse,1,537.36,2024-11-23,Completed
18878,1364,Tablet,4,378.15,2024-12-13,Cancelled
18879,1782,Tablet,2,995.82,2024-12-06,Pending
18880,1577,Phone,4,1825.92,2024-01-07,Completed
18881,1746,Keyboard,1,1877.99,2024-05-28,Cancelled
18882,1704,Laptop,3,1459.92,2024-08-12,Shipped
18883,1944,Phone,2,1181.88,2024-02-05,Cancelled
18884,1332,Laptop,4,1222.57,2024-03-30,Pending
18885,1691,Tablet,4,60.36,2024-09-20,Cancelled
18886,1643,Headphones,4,1268.08,2024-05-04,Shipped
18887,1548,Phone,3,308.67,2024-07-22,Cancelled
18888,1975,Tablet,1,1407.62,2024-04-03,Shipped
18889,1484,Mouse,1,1690.18,2024-09-21,Shipped
18890,1571,Phone,3,776.69,2024-03-06,Shipped
18891,1017,Keyboard,2,684.13,2024-05-09,Pending
18892,1253,Monitor,2,255.81,2024-08-12,Pending
18893,1723,Laptop,2,976.85,2024-12-23,Completed
18894,1552,Mouse,1,889.59,2024-08-28,Pending
18895,1697,Tablet,3,1033.2,2024-02-20,Cancelled
18896,1826,Mouse,4,51.51,2024-01-21,Pending
18897,1420,Monitor,3,1067.65,2024-05-24,Completed
18898,1076,Monitor,3,1751.66,2024-06-28,Completed
18899,1407,Monitor,3,1545.93,2024-12-08,Completed
18900,1160,Keyboard,1,1034.57,2024-02-24,Pending
18901,1800,Mouse,4,1796.09,2024-08-17,Pending
18902,1837,Headphones,2,1883.31,2024-11-01,Cancelled
18903,1740,Monitor,3,642.61,2024-01-09,Pending
18904,1451,Mouse,1,969.81,2024-11-25,Pending
18905,1579,Mouse,4,918.7,2024-09-23,Cancelled
18906,1084,Phone,1,327.26,2024-08-15,Pending
18907,1359,Monitor,2,1961.0,2024-12-24,Shipped
18908,1471,Headphones,3,1830.19,2024-07-25,Completed
18909,1642,Tablet,4,1689.61,2024-11-05,Completed
18910,1173,Phone,4,1839.36,2024-06-20,Pending
18911,1781,Mouse,3,616.56,2024-10-05,Completed
18912,1908,Tablet,4,668.22,2024-08-15,Cancelled
18913,1420,Mouse,1,664.87,2024-05-17,Shipped
18914,1396,Keyboard,1,1582.05,2024-11-10,Cancelled
18915,1569,Mouse,3,1991.11,2024-10-12,Cancelled
18916,1397,Phone,1,1757.33,2024-01-26,Shipped
18917,1760,Headphones,3,1932.16,2024-01-01,Completed
18918,1253,Phone,3,1864.19,2024-01-19,Pending
18919,1907,Headphones,4,904.74,2024-09-02,Completed
18920,1921,Tablet,1,878.44,2024-02-03,Cancelled
18921,1492,Laptop,1,556.55,2024-11-07,Completed
18922,1865,Laptop,2,724.5,2024-05-02,Pending
18923,1841,Keyboard,1,1707.22,2024-08-28,Pending
18924,1135,Tablet,4,583.24,2024-02-04,Shipped
18925,1207,Mouse,1,482.53,2024-12-27,Shipped
18926,1089,Laptop,2,1907.48,2024-12-23,Completed
18927,1025,Tablet,4,1704.96,2024-07-21,Cancelled
18928,1649,Mouse,3,1313.25,2024-08-05,Pending
18929,1178,Headphones,1,334.1,2024-01-19,Cancelled
18930,1403,Headphones,4,1831.82,2024-09-02,Pending
18931,1159,Keyboard,3,1880.5,2024-09-09,Pending
18932,1234,Mouse,1,1337.93,2024-11-03,Cancelled
18933,1233,Mouse,4,153.08,2024-12-12,Shipped
18934,1624,Laptop,1,314.89,2024-07-07,Shipped
18935,1944,Keyboard,4,1914.84,2024-06-03,Completed
18936,1488,Monitor,1,196.81,2024-10-19,Cancelled
18937,1838,Mouse,3,1463.89,2024-01-14,Shipped
18938,1114,Mouse,2,549.38,2024-06-25,Shipped
18939,1889,Keyboard,2,891.28,2024-09-20,Completed
18940,1548,Mouse,2,91.48,2024-04-27,Completed
18941,1396,Headphones,2,1981.61,2024-10-16,Shipped
18942,1187,Tablet,1,1129.62,2024-12-15,Cancelled
18943,1288,Phone,1,241.78,2024-09-22,Pending
18944,1742,Phone,2,198.81,2024-06-28,Cancelled
18945,1577,Phone,4,1019.22,2024-02-08,Shipped
18946,1187,Laptop,4,841.32,2024-06-06,Cancelled
18947,1780,Tablet,4,314.6,2024-03-18,Completed
18948,1956,Keyboard,4,1969.68,2024-07-31,Pending
18949,1783,Headphones,3,307.83,2024-03-03,Cancelled
18950,1180,Phone,3,408.81,2024-12-23,Pending
18951,1165,Phone,4,1277.59,2024-09-30,Shipped
18952,1601,Laptop,4,1034.97,2024-01-24,Cancelled
18953,1698,Phone,4,1660.9,2024-10-05,Cancelled
18954,1819,Monitor,4,1550.45,2024-10-04,Pending
18955,1699,Phone,3,701.44,2024-06-28,Pending
18956,1855,Mouse,2,363.61,2024-11-21,Cancelled
18957,1088,Monitor,2,1562.34,2024-03-26,Pending
18958,1612,Keyboard,2,1962.75,2024-11-30,Completed
18959,1505,Phone,3,673.02,2024-02-10,Pending
18960,1931,Phone,4,779.33,2024-06-21,Pending
18961,1910,Phone,4,1574.39,2024-12-14,Cancelled
18962,1664,Monitor,4,416.11,2024-10-08,Completed
18963,1720,Mouse,3,1912.14,2024-12-25,Shipped
18964,1750,Tablet,3,1766.89,2024-03-07,Pending
18965,1559,Headphones,3,1208.35,2024-07-03,Completed
18966,1040,Mouse,2,196.69,2024-11-29,Shipped
18967,1774,Tablet,1,1654.47,2024-05-28,Completed
18968,1056,Keyboard,3,1115.33,2024-10-01,Shipped
18969,1391,Laptop,2,974.44,2024-11-03,Completed
18970,1286,Monitor,3,1909.31,2024-11-21,Completed
18971,1344,Headphones,2,769.92,2024-10-10,Shipped
18972,1055,Laptop,3,1289.31,2024-01-19,Cancelled
18973,1783,Monitor,1,1169.85,2024-10-03,Completed
18974,1322,Headphones,1,1906.2,2024-03-22,Completed
18975,1141,Keyboard,2,1480.74,2024-02-16,Completed
18976,1956,Keyboard,4,260.62,2024-02-13,Pending
18977,1600,Headphones,3,542.95,2024-05-20,Completed
18978,1531,Tablet,3,1374.39,2024-05-14,Completed
18979,1589,Keyboard,2,1932.57,2024-01-12,Shipped
18980,1492,Keyboard,3,1690.25,2024-02-17,Pending
18981,1840,Tablet,2,1636.41,2024-10-04,Completed
18982,1060,Phone,3,469.72,2024-03-12,Pending
18983,1685,Mouse,4,1522.38,2024-10-13,Completed
18984,1359,Keyboard,4,462.47,2024-08-18,Cancelled
18985,1679,Headphones,1,489.3,2024-11-25,Pending
18986,1841,Laptop,3,1158.55,2024-10-28,Completed
18987,1081,Tablet,2,237.04,2024-12-15,Pending
18988,1340,Phone,2,1051.99,2024-07-28,Completed
18989,1263,Keyboard,4,392.7,2024-03-25,Shipped
18990,1252,Mouse,2,387.37,2024-06-02,Completed
18991,1485,Laptop,1,1096.41,2024-11-16,Shipped
18992,1920,Monitor,3,320.62,2024-09-12,Completed
18993,1032,Laptop,3,1172.41,2024-05-15,Shipped
18994,1064,Tablet,3,236.72,2024-04-25,Cancelled
18995,1845,Laptop,3,667.69,2024-12-05,Shipped
18996,1851,Mouse,3,325.27,2024-09-18,Pending
18997,1073,Mouse,4,250.36,2024-10-01,Completed
18998,1707,Headphones,3,920.11,2024-11-08,Completed
18999,1101,Mouse,2,1656.07,2024-04-18,Shipped
19000,1526,Phone,3,1228.97,2024-08-22,Shipped
19001,1156,Phone,2,1901.17,2024-03-03,Cancelled
19002,1619,Laptop,2,869.18,2024-03-09,Shipped
19003,1375,Tablet,2,959.81,2024-09-15,Cancelled
19004,1654,Mouse,4,1061.0,2024-09-25,Cancelled
19005,1667,Phone,3,134.64,2024-01-27,Pending
19006,1517,Tablet,3,308.29,2024-08-15,Cancelled
19007,1021,Laptop,1,1443.72,2024-01-11,Shipped
19008,1566,Laptop,4,1440.85,2024-01-18,Completed
19009,1812,Mouse,3,1182.34,2024-02-12,Cancelled
19010,1880,Keyboard,1,1694.48,2024-01-20,Completed
19011,1895,Tablet,2,430.81,2024-02-16,Cancelled
19012,1522,Laptop,1,263.19,2024-03-22,Pending
19013,1260,Phone,4,1351.89,2024-11-14,Completed
19014,1785,Laptop,1,638.73,2024-09-10,Pending
19015,1789,Keyboard,3,1682.48,2024-10-21,Cancelled
19016,1503,Headphones,4,1625.05,2024-07-26,Completed
19017,1197,Phone,1,537.29,2024-11-17,Shipped
19018,1160,Keyboard,1,814.85,2024-11-28,Cancelled
19019,1614,Mouse,4,1252.18,2024-01-17,Shipped
19020,1340,Keyboard,1,1507.28,2024-06-13,Cancelled
19021,1337,Mouse,2,1999.68,2024-03-17,Cancelled
19022,1743,Laptop,3,1635.58,2024-08-13,Cancelled
19023,1613,Tablet,1,1087.35,2024-08-11,Cancelled
19024,1819,Monitor,4,218.31,2024-05-26,Cancelled
19025,1976,Phone,1,1239.06,2024-02-04,Cancelled
19026,1949,Keyboard,1,1093.69,2024-09-03,Completed
19027,1899,Tablet,2,1421.52,2024-04-19,Cancelled
19028,1890,Phone,1,210.67,2024-06-26,Shipped
19029,1775,Headphones,4,510.33,2024-09-07,Cancelled
19030,1624,Phone,3,1320.05,2024-04-20,Pending
19031,1964,Tablet,1,1544.55,2024-04-27,Shipped
19032,1780,Monitor,1,87.65,2024-02-26,Pending
19033,1085,Keyboard,1,379.39,2024-07-26,Completed
19034,1423,Keyboard,2,1240.84,2024-08-26,Pending
19035,1270,Laptop,3,1162.69,2024-01-30,Cancelled
19036,1200,Laptop,1,1249.99,2024-12-10,Completed
19037,1815,Monitor,4,260.8,2024-12-09,Pending
19038,1920,Phone,4,629.6,2024-05-04,Cancelled
19039,1471,Monitor,3,1629.42,2024-04-04,Completed
19040,1436,Phone,3,808.41,2024-10-07,Shipped
19041,1543,Phone,1,797.52,2024-02-09,Shipped
19042,1490,Monitor,2,1079.38,2024-11-28,Completed
19043,1187,Monitor,2,157.6,2024-03-25,Pending
19044,1579,Monitor,3,1072.51,2024-02-28,Cancelled
19045,1610,Mouse,4,1751.23,2024-05-10,Pending
19046,1432,Headphones,4,1644.2,2024-06-16,Pending
19047,1021,Keyboard,2,1548.16,2024-05-31,Shipped
19048,1271,Keyboard,1,1597.54,2024-12-04,Pending
19049,1716,Monitor,1,1518.77,2024-03-19,Completed
19050,1892,Tablet,4,1765.09,2024-05-12,Shipped
19051,1060,Monitor,4,68.35,2024-03-09,Cancelled
19052,1624,Tablet,3,1197.15,2024-10-26,Pending
19053,1002,Tablet,1,1378.14,2024-08-17,Completed
19054,1563,Monitor,2,1472.14,2024-07-22,Shipped
19055,1852,Keyboard,1,688.3,2024-09-18,Shipped
19056,1897,Laptop,4,687.15,2024-11-08,Pending
19057,1622,Keyboard,3,1685.46,2024-12-24,Cancelled
19058,1660,Headphones,3,375.49,2024-08-01,Shipped
19059,1302,Monitor,1,1018.01,2024-07-15,Cancelled
19060,1213,Tablet,3,1770.08,2024-07-28,Shipped
19061,1026,Keyboard,1,898.51,2024-02-24,Cancelled
19062,1703,Tablet,1,404.57,2024-11-03,Cancelled
19063,1369,Headphones,3,105.84,2024-11-28,Completed
19064,1022,Tablet,4,1136.39,2024-12-22,Pending
19065,1229,Phone,3,83.64,2024-06-19,Pending
19066,1791,Tablet,2,697.72,2024-09-10,Shipped
19067,1746,Headphones,3,206.75,2024-07-02,Pending
19068,1558,Laptop,2,1910.06,2024-10-01,Shipped
19069,1263,Phone,3,1226.96,2024-05-10,Completed
19070,1608,Keyboard,3,98.78,2024-09-04,Completed
19071,1231,Monitor,4,257.54,2024-05-03,Pending
19072,1937,Tablet,4,1963.64,2024-04-30,Shipped
19073,1133,Laptop,2,722.76,2024-11-27,Pending
19074,1274,Mouse,3,1977.79,2024-12-16,Completed
19075,1624,Headphones,1,671.05,2024-11-09,Pending
19076,1155,Monitor,4,510.74,2024-01-21,Completed
19077,1314,Keyboard,4,1778.23,2024-06-12,Completed
19078,1505,Phone,3,609.78,2024-06-10,Shipped
19079,1924,Headphones,1,489.13,2024-04-02,Cancelled
19080,1553,Monitor,3,667.05,2024-07-01,Shipped
19081,1878,Laptop,3,771.2,2024-02-02,Shipped
19082,1291,Phone,4,256.59,2024-10-16,Cancelled
19083,1162,Headphones,1,1573.64,2024-03-22,Cancelled
19084,1218,Mouse,2,82.42,2024-09-21,Completed
19085,1505,Headphones,1,303.91,2024-05-21,Shipped
19086,1255,Mouse,4,854.95,2024-07-24,Completed
19087,1157,Laptop,4,199.39,2024-06-29,Shipped
19088,1635,Tablet,2,1200.54,2024-01-23,Pending
19089,1721,Phone,4,889.47,2024-11-24,Completed
19090,1937,Headphones,4,577.03,2024-10-01,Pending
19091,1367,Mouse,1,1045.15,2024-11-26,Pending
19092,1413,Keyboard,2,229.3,2024-05-13,Pending
19093,1626,Tablet,4,587.54,2024-12-29,Shipped
19094,1032,Tablet,4,1308.08,2024-08-04,Cancelled
19095,1267,Headphones,4,997.59,2024-11-11,Pending
19096,1026,Headphones,2,607.2,2024-08-29,Shipped
19097,1237,Mouse,1,1340.11,2024-06-19,Shipped
19098,1166,Laptop,3,276.59,2024-03-18,Completed
19099,1785,Monitor,2,1381.53,2024-03-02,Pending
19100,1756,Phone,1,559.5,2024-12-04,Pending
19101,1396,Laptop,1,1670.25,2024-12-08,Shipped
19102,1765,Tablet,2,903.52,2024-03-12,Pending
19103,1561,Phone,3,74.14,2024-10-31,Shipped
19104,1783,Headphones,1,1552.94,2024-08-01,Completed
19105,1488,Keyboard,4,1352.96,2024-08-21,Completed
19106,1995,Monitor,2,1701.86,2024-12-02,Cancelled
19107,1020,Tablet,2,1442.44,2024-01-03,Cancelled
19108,1848,Laptop,3,173.57,2024-11-22,Cancelled
19109,1096,Monitor,3,542.45,2024-02-03,Completed
19110,1654,Headphones,2,340.36,2024-03-11,Cancelled
19111,1637,Phone,1,405.0,2024-08-21,Completed
19112,1806,Headphones,4,1351.65,2024-03-16,Cancelled
19113,1602,Headphones,3,889.13,2024-03-05,Cancelled
19114,1094,Laptop,1,364.15,2024-07-09,Shipped
19115,1166,Mouse,4,1193.58,2024-07-24,Shipped
19116,1972,Keyboard,2,1436.53,2024-01-26,Shipped
19117,1391,Mouse,2,169.89,2024-07-03,Pending
19118,1868,Headphones,4,382.6,2024-11-11,Cancelled
19119,1715,Monitor,4,81.5,2024-06-03,Completed
19120,1915,Monitor,4,1757.92,2024-09-28,Completed
19121,1987,Headphones,3,923.64,2024-02-15,Shipped
19122,1008,Monitor,1,1904.34,2024-05-23,Shipped
19123,1913,Keyboard,2,1623.87,2024-09-21,Cancelled
19124,1981,Laptop,1,823.1,2024-12-09,Completed
19125,1398,Headphones,3,977.92,2024-05-26,Shipped
19126,1162,Headphones,4,1986.6,2024-04-03,Cancelled
19127,1533,Laptop,4,1436.22,2024-05-30,Shipped
19128,1828,Monitor,2,952.4,2024-09-04,Completed
19129,1056,Laptop,4,698.22,2024-03-09,Cancelled
19130,1332,Tablet,2,659.15,2024-11-18,Completed
19131,1297,Phone,3,1659.57,2024-09-03,Cancelled
19132,1418,Phone,2,1594.6,2024-12-29,Cancelled
19133,1588,Laptop,4,734.7,2024-05-01,Shipped
19134,1213,Laptop,2,1794.33,2024-11-19,Pending
19135,1009,Laptop,4,946.8,2024-10-25,Cancelled
19136,1333,Phone,1,451.06,2024-07-11,Pending
19137,1114,Headphones,2,1799.69,2024-06-16,Pending
19138,1759,Phone,3,701.22,2024-07-13,Shipped
19139,1430,Keyboard,1,1344.05,2024-06-14,Completed
19140,1241,Mouse,3,230.91,2024-10-17,Completed
19141,1057,Monitor,3,328.93,2024-03-10,Completed
19142,1768,Keyboard,4,999.6,2024-04-22,Shipped
19143,1271,Phone,1,1323.47,2024-12-28,Pending
19144,1788,Keyboard,4,697.23,2024-05-06,Cancelled
19145,1755,Headphones,2,1416.93,2024-08-05,Completed
19146,1221,Keyboard,2,746.73,2024-02-09,Pending
19147,1850,Headphones,4,653.55,2024-11-30,Pending
19148,1967,Tablet,3,173.04,2024-09-28,Shipped
19149,1421,Laptop,2,1871.41,2024-04-30,Shipped
19150,1684,Keyboard,4,712.73,2024-01-29,Shipped
19151,1028,Mouse,2,1755.38,2024-02-25,Pending
19152,1367,Phone,3,1662.39,2024-08-21,Shipped
19153,1140,Laptop,2,545.44,2024-10-19,Shipped
19154,1504,Tablet,3,405.73,2024-02-05,Shipped
19155,1873,Phone,1,87.79,2024-07-16,Shipped
19156,1783,Laptop,2,325.95,2024-07-24,Completed
19157,1414,Mouse,3,60.19,2024-04-15,Pending
19158,1941,Laptop,2,1959.51,2024-06-02,Completed
19159,1153,Headphones,2,1191.34,2024-03-19,Shipped
19160,1255,Mouse,1,942.94,2024-05-18,Shipped
19161,1281,Keyboard,4,1091.07,2024-05-25,Cancelled
19162,1321,Keyboard,4,1716.48,2024-12-23,Pending
19163,1527,Headphones,1,1249.28,2024-04-25,Pending
19164,1942,Laptop,3,1316.57,2024-04-23,Pending
19165,1975,Headphones,4,1287.13,2024-12-16,Cancelled
19166,1332,Tablet,4,408.02,2024-09-03,Completed
19167,1520,Monitor,2,213.06,2024-05-09,Pending
19168,1262,Tablet,2,1703.87,2024-09-20,Completed
19169,1022,Mouse,3,405.06,2024-03-15,Pending
19170,1996,Monitor,4,1478.06,2024-01-18,Completed
19171,1739,Laptop,3,1125.17,2024-08-25,Completed
19172,1328,Tablet,2,1719.74,2024-09-22,Completed
19173,1096,Phone,1,1187.2,2024-05-30,Cancelled
19174,1459,Mouse,4,863.04,2024-11-27,Shipped
19175,1703,Headphones,2,704.78,2024-10-16,Cancelled
19176,1244,Tablet,1,557.2,2024-12-03,Completed
19177,1476,Phone,1,1094.14,2024-05-21,Completed
19178,1472,Headphones,4,564.94,2024-02-06,Pending
19179,1283,Keyboard,3,1283.25,2024-03-04,Pending
19180,1300,Laptop,2,193.86,2024-07-05,Shipped
19181,1383,Monitor,4,1749.56,2024-02-25,Cancelled
19182,1400,Mouse,3,134.0,2024-07-09,Completed
19183,1217,Keyboard,1,1436.67,2024-11-25,Shipped
19184,1315,Keyboard,2,1987.98,2024-01-04,Shipped
19185,1755,Headphones,3,834.88,2024-05-25,Completed
19186,1370,Headphones,2,578.33,2024-09-10,Shipped
19187,1125,Tablet,4,1504.23,2024-04-27,Completed
19188,1826,Monitor,4,316.25,2024-01-03,Shipped
19189,1995,Mouse,1,1767.65,2024-07-26,Pending
19190,1177,Tablet,3,1151.73,2024-02-03,Cancelled
19191,1521,Keyboard,4,840.28,2024-05-27,Pending
19192,1329,Laptop,4,1780.47,2024-03-28,Completed
19193,1439,Laptop,4,1788.19,2024-09-13,Completed
19194,1002,Monitor,4,1558.52,2024-06-19,Pending
19195,1812,Mouse,1,1312.25,2024-03-27,Pending
19196,1986,Keyboard,3,1378.46,2024-01-25,Pending
19197,1290,Tablet,2,1373.06,2024-09-23,Shipped
19198,1484,Mouse,3,495.31,2024-10-14,Cancelled
19199,1280,Mouse,1,1699.38,2024-03-07,Shipped
19200,1647,Laptop,3,365.26,2024-03-19,Pending
19201,1357,Monitor,2,902.89,2024-02-12,Completed
19202,1869,Tablet,1,1639.35,2024-03-11,Pending
19203,1010,Tablet,4,1720.67,2024-08-26,Cancelled
19204,1229,Laptop,1,1776.2,2024-05-31,Pending
19205,1910,Keyboard,4,1892.96,2024-07-08,Cancelled
19206,1522,Laptop,2,1098.5,2024-01-18,Completed
19207,1702,Monitor,3,1708.67,2024-08-20,Shipped
19208,1407,Headphones,3,1133.65,2024-09-06,Shipped
19209,1913,Tablet,4,443.42,2024-01-11,Shipped
19210,1596,Laptop,1,1280.43,2024-07-29,Completed
19211,1095,Laptop,3,195.07,2024-04-11,Pending
19212,1942,Keyboard,2,1109.19,2024-11-13,Pending
19213,1217,Tablet,4,801.24,2024-04-03,Pending
19214,1905,Laptop,4,479.93,2024-09-16,Cancelled
19215,1410,Monitor,3,1876.87,2024-11-05,Pending
19216,1883,Monitor,3,458.06,2024-03-22,Pending
19217,1898,Mouse,4,1408.52,2024-10-10,Shipped
19218,1081,Mouse,3,1463.75,2024-10-24,Cancelled
19219,1763,Monitor,1,880.59,2024-03-05,Shipped
19220,1040,Mouse,2,1080.71,2024-07-04,Shipped
19221,1762,Headphones,4,1598.51,2024-02-06,Shipped
19222,1677,Monitor,4,643.97,2024-06-19,Completed
19223,1535,Monitor,2,1850.5,2024-10-04,Completed
19224,1033,Phone,3,1275.7,2024-11-02,Shipped
19225,1523,Phone,1,1316.67,2024-01-27,Pending
19226,1303,Monitor,4,152.96,2024-10-14,Completed
19227,1630,Headphones,3,119.56,2024-07-29,Completed
19228,1692,Tablet,3,446.94,2024-07-16,Completed
19229,1011,Mouse,4,479.84,2024-03-13,Completed
19230,1118,Phone,2,425.37,2024-01-11,Shipped
19231,1134,Mouse,3,321.38,2024-08-17,Pending
19232,1686,Tablet,2,1848.63,2024-12-08,Cancelled
19233,1497,Laptop,3,292.47,2024-01-02,Cancelled
19234,1896,Laptop,2,1587.43,2024-07-05,Pending
19235,1889,Keyboard,1,1547.69,2024-11-02,Cancelled
19236,1037,Mouse,4,1873.25,2024-03-14,Pending
19237,1551,Mouse,4,1899.85,2024-03-13,Cancelled
19238,1220,Phone,1,1630.17,2024-05-18,Pending
19239,1031,Keyboard,3,1223.79,2024-08-05,Shipped
19240,1318,Monitor,1,778.48,2024-12-12,Pending
19241,1984,Laptop,1,416.7,2024-06-06,Completed
19242,1607,Monitor,1,1965.25,2024-03-19,Shipped
19243,1622,Monitor,4,873.25,2024-12-24,Completed
19244,1668,Monitor,4,55.15,2024-12-15,Pending
19245,1804,Mouse,4,1604.15,2024-04-27,Shipped
19246,1138,Laptop,3,1907.11,2024-11-18,Shipped
19247,1783,Mouse,1,1189.72,2024-07-27,Shipped
19248,1281,Mouse,2,1065.41,2024-05-23,Shipped
19249,1895,Phone,3,1830.95,2024-11-28,Shipped
19250,1312,Tablet,3,272.08,2024-09-10,Shipped
19251,1163,Tablet,4,1742.08,2024-01-18,Cancelled
19252,1234,Laptop,3,1124.81,2024-06-23,Shipped
19253,1852,Keyboard,1,680.7,2024-12-08,Cancelled
19254,1113,Keyboard,1,1690.17,2024-02-01,Shipped
19255,1069,Phone,3,1905.32,2024-06-18,Shipped
19256,1494,Tablet,4,1072.19,2024-06-29,Shipped
19257,1270,Laptop,4,1777.75,2024-07-15,Shipped
19258,1993,Laptop,2,706.61,2024-05-30,Cancelled
19259,1927,Phone,4,546.31,2024-05-12,Cancelled
19260,1005,Phone,4,505.39,2024-07-14,Completed
19261,1749,Keyboard,2,858.43,2024-07-25,Pending
19262,1458,Tablet,2,840.14,2024-11-23,Shipped
19263,1613,Mouse,2,299.96,2024-09-10,Shipped
19264,1483,Headphones,1,982.31,2024-08-23,Shipped
19265,1223,Monitor,4,1133.46,2024-12-09,Cancelled
19266,1139,Monitor,2,1114.03,2024-12-06,Pending
19267,1131,Headphones,2,162.69,2024-02-17,Cancelled
19268,1704,Headphones,1,765.21,2024-10-04,Pending
19269,1961,Laptop,3,350.96,2024-05-09,Completed
19270,1910,Keyboard,3,79.03,2024-05-30,Shipped
19271,1829,Tablet,1,306.34,2024-04-14,Pending
19272,1409,Phone,2,264.36,2024-01-30,Shipped
19273,1480,Tablet,1,1953.87,2024-08-12,Cancelled
19274,1396,Headphones,4,1408.14,2024-09-13,Cancelled
19275,1272,Headphones,1,808.83,2024-08-23,Shipped
19276,1452,Phone,2,1570.13,2024-06-20,Shipped
19277,1851,Laptop,1,1203.06,2024-01-31,Shipped
19278,1189,Headphones,2,1885.57,2024-06-09,Pending
19279,1589,Keyboard,2,1636.65,2024-01-25,Pending
19280,1039,Laptop,3,1618.12,2024-10-14,Completed
19281,1830,Laptop,2,1033.99,2024-07-01,Shipped
19282,1306,Headphones,4,1946.26,2024-10-15,Cancelled
19283,1715,Laptop,4,1351.97,2024-02-15,Shipped
19284,1819,Laptop,2,1008.32,2024-04-16,Pending
19285,1633,Monitor,1,1148.62,2024-08-07,Completed
19286,1369,Laptop,2,852.74,2024-03-22,Cancelled
19287,1390,Headphones,3,1601.49,2024-03-19,Cancelled
19288,1663,Keyboard,2,1335.2,2024-08-13,Shipped
19289,1162,Monitor,1,1902.89,2024-11-04,Completed
19290,1660,Phone,1,205.71,2024-11-17,Cancelled
19291,1242,Phone,3,1251.84,2024-04-18,Pending
19292,1763,Mouse,2,1916.14,2024-01-10,Cancelled
19293,1250,Keyboard,1,543.11,2024-03-29,Completed
19294,1653,Tablet,1,1518.91,2024-07-24,Pending
19295,1055,Tablet,3,1274.19,2024-01-21,Shipped
19296,1080,Mouse,2,1608.55,2024-10-10,Shipped
19297,1958,Mouse,3,180.82,2024-11-06,Shipped
19298,1883,Tablet,2,885.3,2024-05-05,Shipped
19299,1031,Phone,1,1652.99,2024-03-26,Cancelled
19300,1568,Laptop,2,1967.59,2024-07-19,Cancelled
19301,1307,Monitor,3,286.66,2024-04-14,Shipped
19302,1101,Laptop,1,1388.71,2024-02-23,Cancelled
19303,1911,Monitor,2,1666.37,2024-03-31,Cancelled
19304,1109,Keyboard,3,967.87,2024-03-11,Cancelled
19305,1353,Laptop,3,1148.2,2024-02-25,Cancelled
19306,1990,Keyboard,2,178.83,2024-12-07,Pending
19307,1973,Monitor,1,77.66,2024-10-19,Pending
19308,1266,Monitor,4,1935.72,2024-08-04,Pending
19309,1993,Phone,3,1575.08,2024-04-20,Shipped
19310,1280,Keyboard,2,242.51,2024-01-13,Shipped
19311,1499,Monitor,1,321.56,2024-10-24,Shipped
19312,1090,Laptop,1,610.0,2024-07-31,Shipped
19313,1579,Headphones,1,1647.86,2024-05-16,Completed
19314,1134,Headphones,1,924.5,2024-01-21,Cancelled
19315,1602,Monitor,4,1801.58,2024-10-30,Shipped
19316,1348,Laptop,2,148.4,2024-07-30,Shipped
19317,1630,Monitor,2,838.3,2024-11-01,Cancelled
19318,1752,Tablet,3,1432.46,2024-07-04,Cancelled
19319,1730,Tablet,1,55.81,2024-09-07,Pending
19320,1324,Headphones,3,142.69,2024-11-21,Completed
19321,1477,Laptop,1,643.27,2024-04-23,Pending
19322,1203,Keyboard,3,1542.59,2024-01-12,Shipped
19323,1263,Monitor,1,707.47,2024-01-21,Pending
19324,1651,Headphones,2,1947.51,2024-07-07,Cancelled
19325,1219,Monitor,2,1108.34,2024-12-06,Shipped
19326,1214,Headphones,2,471.27,2024-11-16,Completed
19327,1312,Mouse,4,402.04,2024-12-12,Completed
19328,1192,Headphones,2,1022.46,2024-10-13,Pending
19329,1602,Tablet,1,1177.07,2024-03-21,Completed
19330,1883,Phone,2,741.64,2024-07-29,Pending
19331,1229,Headphones,4,526.93,2024-05-09,Pending
19332,1866,Laptop,4,103.34,2024-03-23,Completed
19333,1351,Tablet,4,1126.99,2024-05-06,Pending
19334,1765,Monitor,2,1974.01,2024-02-02,Cancelled
19335,1143,Keyboard,4,829.79,2024-03-13,Pending
19336,1755,Tablet,2,92.35,2024-10-18,Cancelled
19337,1353,Tablet,4,1726.09,2024-05-05,Shipped
19338,1791,Laptop,3,395.46,2024-05-16,Shipped
19339,1624,Mouse,3,232.87,2024-11-21,Completed
19340,1422,Mouse,4,690.54,2024-02-05,Shipped
19341,1392,Monitor,4,1727.39,2024-09-17,Pending
19342,1674,Phone,2,372.99,2024-07-23,Cancelled
19343,1884,Headphones,1,1654.5,2024-12-20,Pending
19344,1955,Headphones,3,1020.82,2024-05-21,Completed
19345,1449,Mouse,1,229.88,2024-02-24,Pending
19346,1746,Headphones,1,1960.75,2024-05-03,Pending
19347,1321,Keyboard,4,505.78,2024-12-10,Completed
19348,1522,Phone,3,897.6,2024-02-09,Completed
19349,1602,Laptop,4,1679.24,2024-04-09,Pending
19350,1369,Phone,2,879.93,2024-03-13,Cancelled
19351,1191,Monitor,2,1715.42,2024-06-15,Completed
19352,1855,Tablet,2,144.16,2024-12-16,Shipped
19353,1791,Monitor,4,1590.34,2024-02-17,Completed
19354,1368,Mouse,3,741.17,2024-02-07,Pending
19355,1564,Laptop,3,1206.33,2024-04-04,Cancelled
19356,1260,Headphones,3,374.09,2024-12-10,Pending
19357,1734,Keyboard,3,1062.48,2024-02-23,Shipped
19358,1629,Laptop,2,1995.55,2024-05-24,Shipped
19359,1715,Laptop,3,329.53,2024-01-25,Cancelled
19360,1264,Headphones,1,1366.66,2024-12-30,Cancelled
19361,1539,Keyboard,3,962.6,2024-09-12,Completed
19362,1714,Mouse,4,80.58,2024-11-03,Cancelled
19363,1201,Monitor,4,621.39,2024-01-22,Pending
19364,1293,Laptop,2,319.57,2024-07-21,Cancelled
19365,1298,Monitor,3,1705.45,2024-01-24,Cancelled
19366,1379,Mouse,2,799.19,2024-05-25,Cancelled
19367,1687,Tablet,1,549.2,2024-05-09,Pending
19368,1287,Keyboard,2,1422.25,2024-01-24,Pending
19369,1052,Keyboard,3,922.47,2024-01-02,Cancelled
19370,1431,Headphones,3,639.6,2024-11-05,Pending
19371,1124,Laptop,2,985.71,2024-10-08,Shipped
19372,1209,Phone,3,1948.11,2024-05-31,Cancelled
19373,1664,Laptop,4,311.35,2024-12-06,Cancelled
19374,1264,Monitor,2,1175.2,2024-10-14,Completed
19375,1278,Monitor,4,277.99,2024-11-28,Completed
19376,1392,Phone,1,1734.7,2024-12-19,Cancelled
19377,1293,Keyboard,4,961.99,2024-09-14,Completed
19378,1732,Headphones,1,1519.73,2024-02-01,Pending
19379,1479,Phone,1,1878.86,2024-10-30,Completed
19380,1572,Monitor,2,283.84,2024-12-12,Completed
19381,1860,Keyboard,4,928.01,2024-06-12,Pending
19382,1150,Keyboard,1,954.5,2024-05-23,Pending
19383,1195,Laptop,4,1273.1,2024-06-28,Shipped
19384,1302,Laptop,4,621.26,2024-05-15,Completed
19385,1084,Keyboard,3,1012.91,2024-09-17,Cancelled
19386,1485,Phone,2,456.23,2024-08-10,Cancelled
19387,1779,Laptop,1,411.0,2024-01-25,Cancelled
19388,1020,Mouse,2,1088.61,2024-05-06,Cancelled
19389,1059,Monitor,1,680.92,2024-05-31,Cancelled
19390,1836,Phone,1,1572.6,2024-04-16,Completed
19391,1660,Phone,2,1335.53,2024-10-07,Pending
19392,1292,Laptop,4,501.48,2024-05-09,Shipped
19393,1038,Mouse,1,895.73,2024-06-13,Pending
19394,1850,Monitor,2,1173.2,2024-03-31,Shipped
19395,1679,Phone,1,1552.12,2024-03-28,Completed
19396,1948,Phone,3,1352.38,2024-04-18,Shipped
19397,1212,Keyboard,2,1996.66,2024-12-30,Shipped
19398,1395,Mouse,1,1749.01,2024-08-21,Shipped
19399,1596,Mouse,3,92.43,2024-03-21,Cancelled
19400,1472,Headphones,2,1455.3,2024-02-10,Completed
19401,1583,Laptop,3,604.44,2024-09-03,Completed
19402,1479,Monitor,4,1958.75,2024-12-02,Shipped
19403,1990,Mouse,1,1790.34,2024-04-24,Shipped
19404,1397,Mouse,4,674.39,2024-11-10,Shipped
19405,1467,Mouse,4,1399.48,2024-05-27,Shipped
19406,1964,Keyboard,2,227.78,2024-03-02,Cancelled
19407,1303,Monitor,1,1358.7,2024-10-18,Completed
19408,1027,Laptop,3,166.05,2024-03-13,Shipped
19409,1204,Monitor,1,832.55,2024-06-01,Completed
19410,1083,Keyboard,1,1195.57,2024-11-22,Completed
19411,1276,Tablet,4,747.27,2024-03-20,Shipped
19412,1947,Tablet,1,403.29,2024-06-13,Cancelled
19413,1524,Monitor,1,965.42,2024-05-08,Completed
19414,1839,Mouse,1,1400.24,2024-11-05,Shipped
19415,1233,Keyboard,3,1362.8,2024-01-29,Cancelled
19416,1299,Laptop,3,1945.07,2024-04-02,Pending
19417,1294,Phone,1,1084.15,2024-10-01,Pending
19418,1537,Laptop,1,549.27,2024-12-18,Completed
19419,1318,Laptop,3,347.93,2024-04-02,Pending
19420,1532,Laptop,4,1552.81,2024-02-19,Pending
19421,1890,Headphones,4,1030.05,2024-09-08,Completed
19422,1987,Mouse,4,1326.17,2024-06-15,Completed
19423,1208,Tablet,3,1176.91,2024-06-19,Completed
19424,1761,Headphones,1,1459.57,2024-05-08,Cancelled
19425,1955,Laptop,1,1689.91,2024-08-13,Cancelled
19426,1625,Tablet,1,268.92,2024-02-22,Completed
19427,1526,Keyboard,2,1359.85,2024-07-15,Completed
19428,1077,Headphones,3,1219.58,2024-09-06,Pending
19429,1871,Mouse,1,1665.22,2024-10-09,Completed
19430,1661,Headphones,1,1645.96,2024-01-12,Pending
19431,1470,Headphones,1,571.83,2024-04-18,Cancelled
19432,1068,Tablet,1,1733.85,2024-04-14,Shipped
19433,1583,Monitor,2,805.72,2024-09-18,Shipped
19434,1814,Keyboard,1,1268.74,2024-07-11,Cancelled
19435,1122,Mouse,4,864.33,2024-06-23,Pending
19436,1261,Laptop,3,506.56,2024-05-11,Shipped
19437,1291,Keyboard,2,1985.03,2024-11-14,Pending
19438,1348,Mouse,2,1347.86,2024-11-24,Completed
19439,1978,Monitor,3,1753.34,2024-03-19,Shipped
19440,1634,Tablet,1,1282.27,2024-03-25,Completed
19441,1823,Mouse,3,1246.57,2024-10-15,Cancelled
19442,1159,Keyboard,3,795.42,2024-08-11,Shipped
19443,1886,Keyboard,3,1830.52,2024-06-17,Cancelled
19444,1631,Monitor,4,987.35,2024-02-21,Completed
19445,1162,Laptop,4,1154.13,2024-12-18,Pending
19446,1406,Phone,2,1584.58,2024-11-26,Completed
19447,1282,Keyboard,2,1176.09,2024-01-30,Shipped
19448,1638,Tablet,3,1614.48,2024-07-16,Shipped
19449,1753,Headphones,3,1372.62,2024-11-23,Shipped
19450,1571,Keyboard,1,434.22,2024-03-27,Pending
19451,1830,Phone,4,1707.37,2024-02-17,Completed
19452,1013,Laptop,4,388.02,2024-05-23,Cancelled
19453,1659,Phone,1,1771.95,2024-09-01,Cancelled
19454,1672,Mouse,3,1171.87,2024-12-17,Pending
19455,1593,Keyboard,1,1415.61,2024-11-06,Shipped
19456,1272,Headphones,4,838.97,2024-11-11,Cancelled
19457,1605,Phone,3,670.32,2024-09-17,Pending
19458,1317,Monitor,2,60.33,2024-05-09,Cancelled
19459,1169,Keyboard,1,852.01,2024-06-16,Pending
19460,1025,Headphones,3,212.71,2024-12-27,Cancelled
19461,1332,Headphones,2,1081.63,2024-02-09,Shipped
19462,1717,Headphones,1,1885.57,2024-08-12,Shipped
19463,1795,Headphones,3,1531.88,2024-05-13,Cancelled
19464,1690,Monitor,2,235.31,2024-09-08,Pending
19465,1100,Mouse,1,956.11,2024-04-08,Cancelled
19466,1138,Monitor,3,1833.29,2024-10-17,Pending
19467,1541,Keyboard,1,1016.5,2024-09-03,Shipped
19468,1811,Monitor,4,1508.78,2024-09-27,Completed
19469,1119,Laptop,3,1941.03,2024-06-22,Completed
19470,1852,Mouse,4,1686.0,2024-05-14,Shipped
19471,1015,Phone,1,373.15,2024-10-21,Cancelled
19472,1699,Tablet,4,531.52,2024-03-25,Cancelled
19473,1583,Laptop,4,1070.24,2024-04-19,Shipped
19474,1765,Monitor,2,1293.45,2024-12-27,Pending
19475,1913,Laptop,4,1526.12,2024-04-04,Pending
19476,1283,Keyboard,2,1964.72,2024-03-10,Shipped
19477,1255,Mouse,1,1006.08,2024-12-16,Completed
19478,1175,Keyboard,3,616.1,2024-05-16,Pending
19479,1841,Phone,2,989.62,2024-04-11,Cancelled
19480,1208,Phone,2,1469.95,2024-04-18,Shipped
19481,1144,Monitor,3,1738.42,2024-11-03,Completed
19482,1473,Keyboard,3,1711.41,2024-05-07,Completed
19483,1974,Phone,3,1766.99,2024-11-10,Pending
19484,1622,Monitor,1,500.23,2024-05-17,Cancelled
19485,1103,Headphones,4,1245.59,2024-03-16,Cancelled
19486,1264,Keyboard,4,321.99,2024-06-24,Shipped
19487,1855,Mouse,3,1244.54,2024-06-03,Pending
19488,1590,Keyboard,1,1542.45,2024-10-31,Shipped
19489,1516,Keyboard,1,1252.94,2024-09-06,Shipped
19490,1805,Mouse,1,811.4,2024-09-11,Shipped
19491,1773,Keyboard,2,365.23,2024-01-20,Pending
19492,1001,Keyboard,1,621.22,2024-02-15,Cancelled
19493,1030,Laptop,3,1744.71,2024-10-30,Pending
19494,1174,Tablet,3,563.47,2024-03-21,Completed
19495,1378,Headphones,2,1133.59,2024-06-24,Shipped
19496,1776,Keyboard,2,1331.21,2024-06-09,Pending
19497,1759,Tablet,4,1579.68,2024-02-02,Shipped
19498,1686,Laptop,1,769.75,2024-05-12,Cancelled
19499,1356,Mouse,2,815.85,2024-10-11,Pending
19500,1753,Laptop,2,1759.69,2024-01-20,Pending
19501,1161,Keyboard,4,174.66,2024-09-09,Shipped
19502,1031,Mouse,1,925.09,2024-02-20,Completed
19503,1833,Phone,3,1721.71,2024-12-19,Pending
19504,1437,Laptop,4,966.92,2024-07-12,Pending
19505,1659,Monitor,2,1806.73,2024-10-12,Shipped
19506,1234,Tablet,4,891.68,2024-09-05,Cancelled
19507,1449,Tablet,2,1601.63,2024-04-12,Cancelled
19508,1430,Mouse,3,70.08,2024-08-28,Cancelled
19509,1196,Mouse,4,1207.22,2024-03-23,Cancelled
19510,1891,Tablet,3,843.97,2024-01-24,Completed
19511,1724,Laptop,1,205.44,2024-12-14,Cancelled
19512,1248,Headphones,2,239.69,2024-05-11,Pending
19513,1458,Phone,4,961.02,2024-09-01,Cancelled
19514,1581,Monitor,3,1326.61,2024-10-03,Pending
19515,1034,Phone,4,745.76,2024-10-09,Pending
19516,1996,Tablet,4,1208.92,2024-01-06,Pending
19517,1872,Phone,2,339.87,2024-09-13,Completed
19518,1973,Headphones,4,1441.58,2024-09-11,Pending
19519,1565,Tablet,3,399.53,2024-06-16,Cancelled
19520,1247,Mouse,2,1362.38,2024-08-19,Cancelled
19521,1257,Mouse,4,680.13,2024-04-22,Shipped
19522,1283,Monitor,1,1542.7,2024-04-30,Shipped
19523,1582,Mouse,4,1093.28,2024-04-09,Pending
19524,1847,Mouse,1,720.7,2024-05-15,Cancelled
19525,1652,Laptop,4,991.46,2024-07-17,Cancelled
19526,1554,Laptop,2,1836.65,2024-08-12,Pending
19527,1973,Monitor,2,1786.62,2024-08-19,Cancelled
19528,1781,Tablet,2,1503.37,2024-01-30,Shipped
19529,1980,Headphones,1,1265.0,2024-12-15,Cancelled
19530,1123,Mouse,4,1882.08,2024-12-30,Completed
19531,1581,Phone,3,1652.6,2024-04-17,Pending
19532,1811,Phone,4,1721.0,2024-03-03,Cancelled
19533,1534,Tablet,1,484.2,2024-01-22,Pending
19534,1142,Monitor,2,947.37,2024-03-31,Completed
19535,1850,Tablet,4,1952.06,2024-11-07,Shipped
19536,1330,Laptop,4,1550.67,2024-10-15,Pending
19537,1955,Phone,3,1434.02,2024-08-09,Cancelled
19538,1256,Tablet,2,1486.22,2024-01-06,Shipped
19539,1058,Monitor,3,126.12,2024-11-19,Completed
19540,1252,Phone,4,1439.71,2024-02-14,Cancelled
19541,1679,Phone,4,292.92,2024-12-09,Shipped
19542,1664,Laptop,3,876.05,2024-11-05,Shipped
19543,1853,Tablet,1,1248.37,2024-05-12,Shipped
19544,1228,Mouse,4,1904.68,2024-05-22,Cancelled
19545,1506,Tablet,2,63.14,2024-10-11,Shipped
19546,1298,Laptop,4,1711.07,2024-07-20,Pending
19547,1809,Laptop,1,1731.76,2024-08-07,Shipped
19548,1081,Keyboard,2,1409.12,2024-06-02,Completed
19549,1864,Phone,1,956.91,2024-03-04,Shipped
19550,1374,Headphones,4,1374.6,2024-02-20,Shipped
19551,1195,Phone,1,1150.56,2024-07-25,Cancelled
19552,1843,Monitor,3,687.85,2024-01-18,Cancelled
19553,1995,Keyboard,3,441.97,2024-06-01,Shipped
19554,1156,Mouse,1,1847.71,2024-07-13,Completed
19555,1046,Headphones,1,1200.6,2024-08-13,Completed
19556,1937,Tablet,3,1965.74,2024-07-20,Shipped
19557,1816,Phone,4,98.79,2024-07-22,Cancelled
19558,1183,Mouse,2,1953.73,2024-05-06,Pending
19559,1549,Mouse,4,1643.9,2024-04-05,Completed
19560,1298,Tablet,1,1550.97,2024-10-23,Cancelled
19561,1644,Tablet,4,1972.96,2024-09-22,Shipped
19562,1653,Tablet,3,1108.71,2024-01-08,Pending
19563,1715,Phone,2,140.04,2024-03-21,Completed
19564,1477,Laptop,1,245.98,2024-09-07,Cancelled
19565,1618,Mouse,2,421.65,2024-03-20,Pending
19566,1941,Phone,2,962.74,2024-05-24,Shipped
19567,1874,Phone,4,954.07,2024-09-22,Completed
19568,1849,Laptop,4,1985.11,2024-11-03,Pending
19569,1239,Keyboard,2,803.47,2024-10-20,Shipped
19570,1799,Monitor,2,396.1,2024-03-29,Cancelled
19571,1418,Headphones,3,350.47,2024-09-26,Cancelled
19572,1928,Mouse,3,149.57,2024-04-13,Cancelled
19573,1881,Phone,3,915.98,2024-10-13,Shipped
19574,1967,Laptop,3,1292.33,2024-11-15,Cancelled
19575,1494,Keyboard,2,1842.38,2024-10-20,Pending
19576,1257,Monitor,1,630.46,2024-10-23,Shipped
19577,1102,Laptop,3,1281.2,2024-07-25,Pending
19578,1583,Keyboard,3,283.34,2024-10-31,Shipped
19579,1724,Phone,1,1278.26,2024-02-18,Shipped
19580,1261,Headphones,1,565.36,2024-08-07,Shipped
19581,1902,Mouse,4,783.8,2024-06-17,Shipped
19582,1579,Mouse,3,397.3,2024-04-09,Cancelled
19583,1605,Mouse,1,1356.72,2024-07-20,Pending
19584,1698,Tablet,1,406.01,2024-03-26,Pending
19585,1025,Phone,1,445.52,2024-10-28,Completed
19586,1746,Mouse,2,1449.79,2024-12-30,Cancelled
19587,1838,Tablet,4,1555.19,2024-07-18,Shipped
19588,1094,Headphones,2,1644.05,2024-08-12,Pending
19589,1040,Phone,2,1757.39,2024-02-16,Completed
19590,1764,Tablet,1,1348.15,2024-06-16,Shipped
19591,1844,Phone,1,705.43,2024-05-26,Completed
19592,1543,Monitor,4,482.4,2024-10-10,Cancelled
19593,1446,Laptop,1,1699.62,2024-11-04,Pending
19594,1959,Mouse,4,1877.71,2024-03-25,Completed
19595,1471,Monitor,1,885.42,2024-08-28,Shipped
19596,1450,Laptop,2,1392.99,2024-06-06,Shipped
19597,1443,Laptop,4,1571.9,2024-02-09,Completed
19598,1237,Mouse,1,350.48,2024-11-30,Shipped
19599,1078,Tablet,1,310.93,2024-09-11,Completed
19600,1075,Phone,3,703.46,2024-06-02,Shipped
19601,1389,Tablet,3,743.09,2024-11-20,Cancelled
19602,1280,Mouse,4,1067.97,2024-02-04,Shipped
19603,1517,Headphones,3,1258.61,2024-03-25,Pending
19604,1106,Keyboard,2,297.19,2024-05-11,Shipped
19605,1462,Keyboard,2,1745.46,2024-06-28,Shipped
19606,1352,Monitor,4,1798.05,2024-03-01,Cancelled
19607,1155,Phone,1,1783.47,2024-06-28,Completed
19608,1586,Monitor,3,1043.64,2024-06-07,Pending
19609,1604,Keyboard,4,92.6,2024-02-22,Completed
19610,1035,Headphones,4,748.17,2024-09-27,Shipped
19611,1578,Headphones,1,1804.87,2024-11-02,Pending
19612,1102,Mouse,3,500.05,2024-08-09,Pending
19613,1360,Laptop,3,1054.69,2024-08-09,Pending
19614,1888,Monitor,4,909.68,2024-06-27,Pending
19615,1185,Laptop,1,775.65,2024-08-28,Completed
19616,1013,Monitor,3,290.98,2024-05-01,Completed
19617,1035,Mouse,4,1305.32,2024-09-01,Completed
19618,1276,Tablet,1,1304.72,2024-05-14,Pending
19619,1759,Phone,4,1650.81,2024-01-28,Pending
19620,1489,Keyboard,2,1238.73,2024-02-07,Cancelled
19621,1922,Phone,2,860.17,2024-07-26,Cancelled
19622,1190,Monitor,3,1144.46,2024-05-09,Pending
19623,1615,Phone,3,1540.2,2024-02-24,Shipped
19624,1608,Monitor,1,266.95,2024-03-16,Completed
19625,1205,Monitor,2,522.88,2024-03-09,Pending
19626,1953,Headphones,4,1449.99,2024-04-08,Shipped
19627,1440,Mouse,4,1735.22,2024-04-21,Shipped
19628,1091,Tablet,1,1062.92,2024-09-25,Shipped
19629,1338,Keyboard,3,1435.15,2024-04-20,Shipped
19630,1716,Tablet,4,1099.87,2024-11-13,Cancelled
19631,1361,Monitor,1,1857.84,2024-01-16,Pending
19632,1642,Tablet,3,769.6,2024-02-07,Completed
19633,1803,Laptop,2,956.36,2024-11-19,Pending
19634,1603,Monitor,4,760.79,2024-09-07,Shipped
19635,1798,Monitor,1,107.6,2024-10-05,Pending
19636,1675,Laptop,4,1609.38,2024-09-08,Cancelled
19637,1970,Laptop,1,1571.96,2024-04-15,Completed
19638,1814,Keyboard,1,682.21,2024-08-11,Cancelled
19639,1031,Tablet,3,1259.67,2024-07-20,Cancelled
19640,1721,Tablet,3,364.94,2024-03-09,Shipped
19641,1993,Tablet,4,305.07,2024-01-13,Completed
19642,1989,Tablet,1,528.8,2024-01-13,Shipped
19643,1242,Keyboard,4,1710.11,2024-03-30,Completed
19644,1891,Laptop,4,513.95,2024-01-23,Completed
19645,1747,Tablet,4,1980.94,2024-04-29,Completed
19646,1259,Laptop,4,1711.51,2024-04-28,Pending
19647,1757,Laptop,4,1883.35,2024-10-05,Cancelled
19648,1175,Phone,2,771.64,2024-02-21,Cancelled
19649,1264,Phone,4,565.31,2024-08-10,Pending
19650,1349,Tablet,1,1811.75,2024-10-11,Cancelled
19651,1734,Headphones,1,264.63,2024-05-22,Cancelled
19652,1263,Monitor,1,952.6,2024-09-11,Shipped
19653,1227,Monitor,4,1972.79,2024-01-01,Pending
19654,1802,Laptop,2,1351.18,2024-07-05,Shipped
19655,1097,Phone,4,1302.7,2024-08-05,Cancelled
19656,1624,Headphones,2,1950.77,2024-03-14,Cancelled
19657,1660,Phone,3,1166.02,2024-06-13,Pending
19658,1913,Monitor,1,976.26,2024-09-19,Pending
19659,1822,Tablet,2,724.58,2024-05-10,Pending
19660,1527,Keyboard,2,591.57,2024-06-15,Pending
19661,1423,Mouse,3,1545.33,2024-03-27,Shipped
19662,1509,Mouse,2,873.71,2024-05-05,Pending
19663,1712,Tablet,4,1996.3,2024-02-20,Cancelled
19664,1949,Monitor,3,250.59,2024-10-06,Cancelled
19665,1897,Mouse,3,1418.17,2024-11-29,Shipped
19666,1274,Headphones,2,1136.89,2024-12-26,Cancelled
19667,1781,Mouse,3,227.44,2024-06-03,Shipped
19668,1828,Laptop,4,1186.34,2024-03-03,Cancelled
19669,1877,Monitor,3,487.48,2024-09-15,Completed
19670,1990,Laptop,4,1971.78,2024-03-09,Shipped
19671,1964,Mouse,2,276.93,2024-03-20,Cancelled
19672,1390,Mouse,4,953.23,2024-02-06,Cancelled
19673,1162,Keyboard,2,292.96,2024-10-20,Pending
19674,1646,Laptop,4,1254.68,2024-10-06,Completed
19675,1927,Mouse,1,1248.0,2024-09-09,Completed
19676,1349,Laptop,1,1978.03,2024-02-18,Completed
19677,1406,Mouse,3,1163.19,2024-07-13,Completed
19678,1624,Mouse,2,722.18,2024-06-04,Pending
19679,1204,Monitor,4,1244.97,2024-02-01,Pending
19680,1576,Mouse,3,1159.69,2024-07-31,Pending
19681,1910,Tablet,4,1087.15,2024-12-10,Pending
19682,1265,Monitor,3,1925.54,2024-08-23,Completed
19683,1176,Monitor,2,358.34,2024-09-08,Pending
19684,1102,Mouse,4,120.75,2024-11-19,Pending
19685,1813,Tablet,2,1482.01,2024-11-25,Cancelled
19686,1662,Headphones,1,1011.73,2024-12-30,Shipped
19687,1330,Monitor,4,530.24,2024-12-16,Shipped
19688,1701,Laptop,2,1189.9,2024-12-25,Completed
19689,1219,Keyboard,2,126.55,2024-11-04,Pending
19690,1637,Mouse,3,801.42,2024-04-20,Pending
19691,1828,Keyboard,2,547.8,2024-05-14,Cancelled
19692,1195,Headphones,2,972.94,2024-08-16,Completed
19693,1137,Mouse,2,949.04,2024-03-20,Shipped
19694,1949,Phone,3,1972.75,2024-01-08,Cancelled
19695,1401,Tablet,2,429.0,2024-09-05,Shipped
19696,1819,Headphones,3,1250.74,2024-01-13,Completed
19697,1880,Phone,2,1521.99,2024-08-22,Cancelled
19698,1952,Mouse,4,702.05,2024-04-25,Shipped
19699,1191,Headphones,2,1935.77,2024-12-18,Cancelled
19700,1724,Keyboard,2,1671.55,2024-10-13,Pending
19701,1294,Laptop,3,648.98,2024-10-24,Pending
19702,1280,Keyboard,1,839.82,2024-06-02,Completed
19703,1277,Headphones,1,1888.87,2024-05-27,Pending
19704,1336,Headphones,3,1213.73,2024-07-23,Pending
19705,1479,Tablet,1,1047.07,2024-02-21,Pending
19706,1168,Phone,1,1429.05,2024-07-17,Completed
19707,1088,Tablet,4,779.45,2024-01-29,Shipped
19708,1325,Headphones,1,1939.8,2024-09-09,Pending
19709,1746,Headphones,3,1042.76,2024-09-11,Completed
19710,1239,Headphones,2,1842.48,2024-05-26,Cancelled
19711,1321,Monitor,1,1357.92,2024-07-27,Shipped
19712,1138,Keyboard,3,466.02,2024-02-19,Cancelled
19713,1629,Tablet,1,223.21,2024-03-31,Shipped
19714,1867,Keyboard,4,836.82,2024-06-24,Pending
19715,1362,Headphones,2,517.24,2024-10-19,Shipped
19716,1003,Mouse,1,950.53,2024-03-25,Shipped
19717,1597,Laptop,2,1490.48,2024-01-14,Pending
19718,1883,Headphones,1,1481.95,2024-04-06,Completed
19719,1678,Phone,3,148.62,2024-02-22,Cancelled
19720,1135,Monitor,1,1216.86,2024-11-27,Pending
19721,1862,Monitor,1,153.38,2024-03-08,Shipped
19722,1806,Laptop,2,1252.22,2024-09-16,Pending
19723,1228,Monitor,1,1048.85,2024-01-23,Shipped
19724,1574,Monitor,1,1252.42,2024-08-19,Shipped
19725,1944,Headphones,4,1368.87,2024-07-18,Pending
19726,1554,Tablet,1,557.72,2024-09-24,Completed
19727,1315,Laptop,3,1667.52,2024-03-29,Pending
19728,1702,Monitor,4,1634.35,2024-03-25,Completed
19729,1504,Laptop,2,1751.17,2024-03-23,Cancelled
19730,1408,Mouse,3,1090.1,2024-04-09,Shipped
19731,1933,Phone,4,1300.8,2024-06-10,Pending
19732,1761,Keyboard,4,1603.55,2024-12-19,Shipped
19733,1032,Laptop,4,668.59,2024-01-13,Completed
19734,1662,Mouse,2,1989.61,2024-04-29,Pending
19735,1743,Laptop,1,1011.72,2024-01-21,Cancelled
19736,1893,Monitor,2,1011.15,2024-01-02,Cancelled
19737,1535,Tablet,1,1553.13,2024-12-05,Shipped
19738,1008,Tablet,4,1484.74,2024-01-08,Shipped
19739,1340,Phone,4,73.85,2024-05-21,Pending
19740,1241,Monitor,4,360.41,2024-01-23,Cancelled
19741,1348,Headphones,1,219.79,2024-09-19,Pending
19742,1901,Laptop,4,1381.59,2024-08-11,Completed
19743,1300,Keyboard,3,1671.67,2024-12-12,Pending
19744,1259,Tablet,3,1981.33,2024-05-01,Completed
19745,1285,Keyboard,1,977.25,2024-03-31,Cancelled
19746,1362,Monitor,3,663.01,2024-07-31,Cancelled
19747,1937,Laptop,4,469.11,2024-12-11,Completed
19748,1225,Keyboard,2,1017.3,2024-03-11,Pending
19749,1368,Headphones,3,1852.29,2024-03-20,Shipped
19750,1392,Laptop,1,1789.27,2024-06-23,Pending
19751,1341,Keyboard,1,845.67,2024-06-07,Shipped
19752,1189,Headphones,1,355.4,2024-07-01,Completed
19753,1988,Tablet,2,1218.37,2024-10-01,Shipped
19754,1455,Mouse,2,292.15,2024-06-07,Pending
19755,1240,Monitor,1,1929.17,2024-03-24,Shipped
19756,1623,Mouse,3,1248.26,2024-04-06,Cancelled
19757,1147,Mouse,1,1082.11,2024-10-27,Completed
19758,1500,Tablet,2,860.53,2024-10-27,Pending
19759,1779,Laptop,3,1221.32,2024-12-25,Completed
19760,1146,Monitor,1,1921.08,2024-01-02,Shipped
19761,1962,Keyboard,4,1693.72,2024-03-13,Completed
19762,1546,Phone,1,1200.97,2024-06-22,Shipped
19763,1942,Keyboard,2,402.14,2024-05-22,Pending
19764,1856,Headphones,4,1412.05,2024-10-14,Shipped
19765,1125,Monitor,2,124.25,2024-11-26,Cancelled
19766,1187,Mouse,3,57.44,2024-01-13,Cancelled
19767,1082,Phone,3,476.66,2024-04-05,Shipped
19768,1797,Laptop,4,1970.19,2024-10-31,Cancelled
19769,1672,Phone,3,763.06,2024-01-26,Shipped
19770,1245,Headphones,4,1713.14,2024-10-19,Cancelled
19771,1742,Mouse,2,1577.25,2024-02-19,Pending
19772,1132,Laptop,2,469.32,2024-12-07,Pending
19773,1253,Laptop,1,1760.28,2024-08-01,Completed
19774,1124,Phone,1,1464.12,2024-09-08,Pending
19775,1914,Keyboard,4,1314.48,2024-10-10,Pending
19776,1875,Tablet,3,1958.62,2024-03-10,Shipped
19777,1381,Phone,2,1298.39,2024-07-25,Completed
19778,1640,Phone,2,1910.37,2024-01-29,Completed
19779,1951,Mouse,3,1669.62,2024-06-08,Completed
19780,1592,Keyboard,1,384.43,2024-11-25,Completed
19781,1692,Mouse,2,179.83,2024-02-09,Cancelled
19782,1096,Keyboard,2,847.84,2024-01-19,Cancelled
19783,1972,Laptop,3,1447.21,2024-10-18,Cancelled
19784,1630,Laptop,1,148.03,2024-11-12,Cancelled
19785,1920,Mouse,4,1269.29,2024-07-09,Completed
19786,1343,Keyboard,1,1290.87,2024-08-25,Shipped
19787,1400,Headphones,4,1344.42,2024-08-26,Pending
19788,1760,Tablet,3,555.29,2024-09-03,Cancelled
19789,1914,Phone,3,626.43,2024-05-08,Pending
19790,1997,Keyboard,3,1581.82,2024-11-01,Pending
19791,1075,Headphones,3,1717.05,2024-01-12,Shipped
19792,1433,Headphones,1,1506.28,2024-01-23,Shipped
19793,1244,Laptop,1,677.51,2024-09-25,Completed
19794,1220,Mouse,4,1974.46,2024-01-05,Shipped
19795,1040,Keyboard,4,1261.26,2024-04-23,Pending
19796,1842,Headphones,2,184.56,2024-11-13,Completed
19797,1703,Phone,2,1534.62,2024-05-24,Cancelled
19798,1893,Headphones,1,1091.15,2024-09-26,Completed
19799,1936,Phone,3,1892.78,2024-10-06,Completed
19800,1929,Mouse,2,1193.44,2024-01-26,Completed
19801,1901,Laptop,3,1296.33,2024-03-05,Completed
19802,1029,Mouse,1,1882.24,2024-11-04,Shipped
19803,1137,Mouse,4,1549.83,2024-08-12,Cancelled
19804,1874,Headphones,1,1160.29,2024-04-06,Shipped
19805,1246,Headphones,4,1623.28,2024-08-22,Completed
19806,1662,Phone,2,848.68,2024-02-06,Shipped
19807,1649,Laptop,1,925.63,2024-07-25,Completed
19808,1161,Keyboard,3,1374.0,2024-01-18,Cancelled
19809,1721,Headphones,1,389.49,2024-09-22,Shipped
19810,1023,Monitor,3,801.26,2024-12-16,Pending
19811,1853,Monitor,1,943.59,2024-06-16,Pending
19812,1183,Keyboard,2,561.88,2024-01-29,Pending
19813,1122,Mouse,1,1629.33,2024-08-14,Shipped
19814,1377,Tablet,4,267.94,2024-11-23,Cancelled
19815,1954,Monitor,2,210.5,2024-07-10,Pending
19816,1275,Phone,2,840.05,2024-09-21,Cancelled
19817,1177,Phone,1,1806.61,2024-05-14,Completed
19818,1006,Mouse,4,416.25,2024-05-21,Pending
19819,1360,Phone,1,758.24,2024-03-13,Completed
19820,1197,Phone,3,700.28,2024-04-02,Completed
19821,1151,Monitor,2,451.57,2024-06-29,Cancelled
19822,1157,Tablet,3,235.89,2024-07-27,Cancelled
19823,1558,Keyboard,1,185.07,2024-10-21,Shipped
19824,1302,Monitor,1,1492.01,2024-09-06,Shipped
19825,1001,Mouse,3,1055.28,2024-08-04,Completed
19826,1911,Mouse,1,193.14,2024-10-19,Shipped
19827,1121,Keyboard,4,321.14,2024-01-18,Pending
19828,1333,Tablet,1,1672.44,2024-02-05,Shipped
19829,1533,Keyboard,2,264.07,2024-12-04,Shipped
19830,1053,Headphones,3,1680.77,2024-10-20,Completed
19831,1571,Keyboard,1,1894.02,2024-05-05,Pending
19832,1662,Monitor,2,1465.3,2024-03-24,Completed
19833,1138,Monitor,1,848.44,2024-10-12,Shipped
19834,1522,Keyboard,4,1998.15,2024-08-30,Pending
19835,1321,Laptop,1,1514.26,2024-12-17,Pending
19836,1791,Tablet,1,607.58,2024-06-03,Cancelled
19837,1607,Headphones,2,249.84,2024-09-17,Pending
19838,1597,Phone,1,1243.04,2024-09-09,Completed
19839,1991,Monitor,1,700.11,2024-10-16,Completed
19840,1856,Mouse,2,425.12,2024-12-12,Shipped
19841,1023,Laptop,3,1609.47,2024-08-11,Completed
19842,1016,Monitor,2,264.96,2024-10-23,Pending
19843,1344,Phone,1,1033.49,2024-12-24,Pending
19844,1917,Tablet,2,767.65,2024-05-11,Completed
19845,1372,Tablet,2,1184.51,2024-06-17,Cancelled
19846,1926,Laptop,1,260.58,2024-01-01,Pending
19847,1958,Laptop,4,142.96,2024-03-31,Completed
19848,1927,Monitor,2,1286.49,2024-09-02,Completed
19849,1722,Laptop,2,1313.29,2024-11-06,Completed
19850,1417,Headphones,4,868.41,2024-07-14,Cancelled
19851,1193,Headphones,2,1960.14,2024-02-12,Shipped
19852,1030,Phone,2,556.24,2024-09-07,Pending
19853,1280,Mouse,1,912.51,2024-03-28,Shipped
19854,1128,Phone,2,1874.38,2024-04-09,Cancelled
19855,1687,Laptop,3,1938.47,2024-06-08,Cancelled
19856,1146,Tablet,2,1152.56,2024-04-07,Shipped
19857,1086,Mouse,3,895.4,2024-12-28,Cancelled
19858,1829,Monitor,3,1328.21,2024-03-15,Shipped
19859,1299,Headphones,4,1255.86,2024-09-02,Completed
19860,1019,Phone,3,1357.79,2024-03-25,Cancelled
19861,1660,Headphones,1,951.19,2024-10-28,Cancelled
19862,1697,Monitor,4,675.73,2024-10-16,Shipped
19863,1503,Mouse,3,1969.41,2024-01-17,Cancelled
19864,1541,Monitor,1,56.29,2024-01-27,Shipped
19865,1253,Tablet,2,702.61,2024-05-11,Pending
19866,1315,Mouse,3,1990.28,2024-10-03,Pending
19867,1636,Monitor,1,1418.41,2024-01-09,Shipped
19868,1761,Headphones,1,1691.12,2024-10-09,Cancelled
19869,1196,Monitor,1,105.07,2024-06-19,Pending
19870,1588,Monitor,1,392.66,2024-09-06,Completed
19871,1089,Headphones,1,1797.08,2024-03-27,Cancelled
19872,1165,Tablet,4,1052.35,2024-06-08,Shipped
19873,1888,Monitor,1,1504.37,2024-03-26,Cancelled
19874,1240,Keyboard,2,885.93,2024-09-17,Cancelled
19875,1848,Monitor,1,1904.81,2024-01-13,Pending
19876,1224,Laptop,3,644.69,2024-03-31,Pending
19877,1939,Tablet,1,1218.16,2024-01-31,Completed
19878,1362,Phone,2,1048.91,2024-11-17,Cancelled
19879,1969,Keyboard,1,1267.95,2024-09-02,Completed
19880,1619,Keyboard,3,1646.09,2024-08-19,Cancelled
19881,1081,Monitor,2,1218.21,2024-11-24,Shipped
19882,1420,Keyboard,4,1449.37,2024-09-13,Pending
19883,1067,Mouse,1,782.5,2024-10-14,Pending
19884,1104,Phone,1,591.57,2024-11-05,Completed
19885,1491,Phone,2,626.31,2024-12-21,Completed
19886,1325,Monitor,4,1741.92,2024-11-22,Pending
19887,1432,Tablet,2,174.84,2024-01-31,Pending
19888,1389,Headphones,2,249.9,2024-10-18,Shipped
19889,1607,Headphones,2,894.69,2024-04-03,Completed
19890,1399,Phone,3,701.95,2024-08-26,Cancelled
19891,1257,Mouse,3,659.45,2024-05-12,Completed
19892,1052,Tablet,3,1434.55,2024-09-05,Cancelled
19893,1831,Laptop,1,1315.75,2024-07-18,Cancelled
19894,1482,Phone,4,1623.41,2024-06-27,Shipped
19895,1059,Phone,3,282.87,2024-10-16,Shipped
19896,1769,Keyboard,3,574.84,2024-04-12,Shipped
19897,1946,Keyboard,1,1361.06,2024-07-23,Shipped
19898,1787,Monitor,4,444.29,2024-11-21,Pending
19899,1401,Headphones,2,1863.85,2024-02-21,Shipped
19900,1919,Mouse,2,885.33,2024-03-09,Completed
19901,1095,Mouse,3,385.13,2024-10-31,Completed
19902,1931,Tablet,3,1975.63,2024-12-30,Shipped
19903,1906,Keyboard,4,1934.46,2024-04-04,Pending
19904,1392,Headphones,3,871.27,2024-08-18,Cancelled
19905,1420,Monitor,4,548.81,2024-04-18,Completed
19906,1684,Headphones,3,135.32,2024-12-07,Shipped
19907,1506,Monitor,4,1393.19,2024-10-23,Shipped
19908,1086,Tablet,1,125.4,2024-04-25,Cancelled
19909,1797,Phone,4,569.34,2024-07-21,Shipped
19910,1013,Tablet,4,1260.12,2024-11-19,Pending
19911,1971,Monitor,1,1247.63,2024-09-28,Cancelled
19912,1045,Tablet,3,1409.25,2024-07-30,Cancelled
19913,1130,Mouse,1,1714.83,2024-02-22,Completed
19914,1019,Headphones,3,1484.32,2024-06-19,Shipped
19915,1288,Mouse,3,404.44,2024-12-16,Shipped
19916,1856,Laptop,2,128.25,2024-08-20,Pending
19917,1445,Phone,4,919.76,2024-04-05,Cancelled
19918,1363,Keyboard,4,1913.39,2024-01-12,Pending
19919,1800,Phone,3,1083.82,2024-12-14,Pending
19920,1074,Laptop,1,532.33,2024-09-02,Completed
19921,1287,Mouse,2,414.4,2024-03-28,Completed
19922,1129,Keyboard,3,1153.56,2024-05-31,Cancelled
19923,1041,Laptop,4,1906.97,2024-08-08,Completed
19924,1919,Mouse,3,949.74,2024-01-13,Shipped
19925,1744,Tablet,3,132.44,2024-12-16,Completed
19926,1387,Tablet,1,685.99,2024-05-03,Shipped
19927,1106,Keyboard,2,1338.69,2024-05-19,Pending
19928,1952,Monitor,1,1622.0,2024-09-19,Completed
19929,1196,Tablet,2,1315.01,2024-02-19,Completed
19930,1882,Phone,2,303.41,2024-06-07,Cancelled
19931,1524,Phone,3,1254.47,2024-10-15,Completed
19932,1194,Laptop,4,583.51,2024-10-31,Shipped
19933,1513,Monitor,4,1011.6,2024-03-13,Cancelled
19934,1735,Phone,3,1675.57,2024-12-10,Cancelled
19935,1478,Headphones,4,577.62,2024-08-12,Cancelled
19936,1222,Tablet,4,464.12,2024-06-05,Cancelled
19937,1439,Monitor,4,915.26,2024-11-26,Shipped
19938,1049,Tablet,2,1198.89,2024-03-15,Shipped
19939,1796,Mouse,4,1792.4,2024-07-08,Completed
19940,1739,Phone,1,792.76,2024-03-18,Completed
19941,1106,Phone,1,1493.84,2024-09-07,Shipped
19942,1018,Keyboard,2,1601.81,2024-08-06,Pending
19943,1974,Headphones,2,623.19,2024-04-22,Shipped
19944,1939,Headphones,4,782.48,2024-05-24,Completed
19945,1351,Phone,1,505.12,2024-08-20,Cancelled
19946,1012,Laptop,4,1550.95,2024-02-21,Completed
19947,1315,Tablet,4,1789.68,2024-09-19,Shipped
19948,1506,Monitor,2,1215.12,2024-06-19,Cancelled
19949,1135,Keyboard,3,624.62,2024-04-26,Cancelled
19950,1345,Laptop,4,249.37,2024-03-08,Completed
19951,1296,Mouse,4,1234.51,2024-07-09,Shipped
19952,1479,Monitor,1,549.46,2024-02-22,Completed
19953,1361,Monitor,1,1866.36,2024-12-21,Cancelled
19954,1306,Headphones,1,1126.64,2024-08-30,Cancelled
19955,1151,Monitor,3,1864.59,2024-10-31,Pending
19956,1003,Laptop,4,1106.85,2024-06-07,Cancelled
19957,1683,Phone,2,554.06,2024-05-18,Shipped
19958,1192,Monitor,1,1099.14,2024-10-03,Completed
19959,1850,Monitor,4,1713.28,2024-10-11,Completed
19960,1168,Phone,3,1928.35,2024-07-29,Completed
19961,1531,Mouse,4,914.05,2024-10-25,Pending
19962,1055,Monitor,3,1751.91,2024-05-20,Cancelled
19963,1052,Tablet,2,911.52,2024-02-04,Shipped
19964,1903,Tablet,2,1745.12,2024-09-05,Cancelled
19965,1365,Monitor,2,584.78,2024-08-06,Completed
19966,1292,Monitor,3,664.61,2024-10-08,Shipped
19967,1405,Tablet,3,515.43,2024-02-14,Completed
19968,1122,Phone,2,176.05,2024-04-02,Pending
19969,1149,Laptop,1,336.28,2024-11-24,Shipped
19970,1744,Monitor,1,1017.65,2024-05-31,Cancelled
19971,1069,Monitor,1,280.36,2024-12-15,Pending
19972,1689,Mouse,4,1752.25,2024-06-23,Cancelled
19973,1448,Tablet,3,337.82,2024-11-12,Completed
19974,1186,Mouse,2,1264.93,2024-12-18,Shipped
19975,1387,Laptop,4,742.04,2024-04-23,Shipped
19976,1327,Mouse,1,817.73,2024-04-24,Cancelled
19977,1197,Laptop,4,217.3,2024-05-27,Completed
19978,1231,Mouse,2,526.59,2024-11-02,Cancelled
19979,1474,Monitor,4,331.73,2024-07-26,Completed
19980,1735,Keyboard,2,1514.32,2024-03-26,Cancelled
19981,1838,Phone,1,809.07,2024-11-24,Shipped
19982,1348,Mouse,2,1859.92,2024-01-05,Shipped
19983,1912,Laptop,1,971.26,2024-01-06,Cancelled
19984,1190,Phone,4,313.04,2024-12-25,Shipped
19985,1480,Laptop,1,322.84,2024-12-13,Pending
19986,1748,Tablet,4,1087.28,2024-09-09,Pending
19987,1538,Monitor,3,1776.03,2024-04-28,Completed
19988,1385,Phone,2,456.79,2024-10-23,Pending
19989,1750,Phone,4,1879.26,2024-05-18,Cancelled
19990,1193,Mouse,1,815.73,2024-09-15,Shipped
19991,1193,Tablet,3,813.47,2024-10-01,Shipped
19992,1857,Laptop,1,1915.2,2024-01-22,Cancelled
19993,1901,Phone,1,1248.86,2024-12-15,Completed
19994,1321,Laptop,2,1616.05,2024-11-19,Cancelled
19995,1351,Headphones,3,837.0,2024-01-02,Cancelled
19996,1478,Monitor,3,1140.55,2024-11-06,Cancelled
19997,1789,Mouse,4,1551.81,2024-11-26,Cancelled
19998,1417,Keyboard,1,1772.96,2024-08-24,Completed
19999,1253,Mouse,2,323.54,2024-10-07,Pending
20000,1559,Tablet,4,345.15,2024-05-14,Pending
